passengerId,Longest_Run
9441,18
721,18
1677,18
288,18
8961,17
2857,17
8411,17
2939,17
157,17
1651,17
2185,17
2867,17
2437,17
6084,17
5668,17
3608,17
4632,17
2068,17
8353,17
2378,17
798,17
2441,17
3367,17
7643,17
392,16
950,16
211,16
772,16
3173,16
1266,16
6294,16
1074,16
3309,16
5096,16
92,16
7327,16
381,16
739,16
437,16
3117,16
2262,16
2516,16
2251,16
2544,16
1337,16
5416,16
3802,16
8149,16
4827,16
8988,16
888,16
525,16
6036,16
3078,16
7162,16
942,16
628,16
917,16
1265,15
362,15
4774,15
7662,15
4200,15
1769,15
4641,15
5303,15
2155,15
10461,15
839,15
1818,15
6027,15
8363,15
1464,15
3119,15
4249,15
4816,15
1240,15
8590,15
2734,15
4772,15
1158,15
6447,15
7645,15
7433,15
3545,15
4552,15
10795,15
2717,15
3024,15
2277,15
3405,15
1598,15
3867,15
264,15
459,15
7837,15
5769,15
3600,15
5731,15
9252,15
364,15
167,15
3486,15
9410,15
763,15
2254,15
2123,15
4502,15
10329,15
2747,15
3041,15
2518,15
4611,15
1482,15
5332,15
3409,15
3924,15
2065,15
773,15
3880,15
5643,15
6777,15
281,15
4335,15
3021,15
2969,15
3837,15
8358,15
878,15
407,15
2713,15
517,15
833,14
1025,14
8105,14
2443,14
7810,14
5867,14
613,14
3436,14
368,14
2212,14
4293,14
5447,14
5490,14
7533,14
210,14
3650,14
1276,14
2467,14
2134,14
3279,14
2975,14
2789,14
7877,14
435,14
2886,14
6382,14
1008,14
3453,14
631,14
6365,14
8562,14
760,14
972,14
1242,14
2292,14
139,14
479,14
1994,14
10569,14
2489,14
919,14
7581,14
2485,14
5716,14
1029,14
258,14
2964,14
1314,14
3243,14
4034,14
6584,14
9300,14
1733,14
8679,14
2910,14
3112,14
4441,14
5743,14
3527,14
1263,14
1800,14
366,14
843,14
5043,14
8589,14
1248,14
5760,14
5423,14
5560,14
1057,14
8529,14
1369,14
290,14
813,14
4080,14
2272,14
5775,14
5481,14
664,14
649,14
6052,14
1673,14
391,14
6113,14
5711,14
1581,14
848,14
2482,14
1343,14
6001,14
9540,14
4496,14
5796,14
3590,14
4379,14
11198,14
1484,14
4217,14
7590,14
9480,14
4082,14
8642,14
3755,14
3560,14
2408,14
3177,14
2201,14
7853,14
335,14
5007,14
3820,14
1637,14
1562,14
662,14
1023,14
272,14
1617,14
5842,14
749,14
5012,14
3472,14
204,14
4056,14
7820,14
8045,14
276,14
3921,14
905,14
4854,14
6800,14
8981,14
2446,14
5009,14
9363,14
5073,14
18,14
1246,14
5380,14
8882,14
932,14
5544,14
2511,14
1413,14
451,13
2231,13
2488,13
2656,13
5740,13
7661,13
2802,13
4092,13
2035,13
3242,13
7726,13
2294,13
1378,13
7118,13
8036,13
2758,13
4876,13
12298,13
1955,13
4209,13
2062,13
7718,13
8260,13
350,13
2684,13
3171,13
3519,13
6100,13
3071,13
601,13
3180,13
22,13
11483,13
758,13
8375,13
360,13
855,13
3670,13
1942,13
5361,13
1288,13
3029,13
9516,13
603,13
8007,13
5959,13
5819,13
4016,13
6060,13
1089,13
2685,13
4420,13
6827,13
2196,13
2537,13
3645,13
3413,13
7680,13
6900,13
1444,13
2026,13
6050,13
3529,13
920,13
5467,13
1917,13
8234,13
3967,13
2412,13
6293,13
3663,13
544,13
3937,13
4454,13
5015,13
1739,13
1250,13
3332,13
64,13
4247,13
1002,13
7068,13
4478,13
4235,13
4460,13
5330,13
6166,13
8078,13
269,13
8024,13
9364,13
8519,13
1635,13
1828,13
8212,13
4542,13
6059,13
1641,13
5737,13
2702,13
1351,13
6882,13
398,13
2783,13
2588,13
1982,13
3468,13
5966,13
870,13
7039,13
6591,13
2204,13
3093,13
7209,13
1254,13
1315,13
8998,13
8106,13
4009,13
4359,13
5866,13
6093,13
8821,13
7866,13
1555,13
5278,13
6080,13
3589,13
6548,13
2143,13
1209,13
9649,13
5136,13
2728,13
1401,13
9699,13
10440,13
4395,13
3414,13
5942,13
9620,13
394,13
3278,13
6931,13
2596,13
4193,13
8704,13
3461,13
1419,13
3153,13
3801,13
1454,13
968,13
1740,13
9676,13
9367,13
7716,13
2274,13
6987,13
863,13
11290,13
382,13
8837,13
334,13
8609,13
8684,13
2604,13
11834,13
4802,13
1196,13
4147,13
4283,13
298,13
4407,13
4031,13
9683,13
10478,13
7591,13
10196,13
638,13
975,13
3883,13
9777,13
1678,13
199,13
690,13
5081,13
248,13
1095,13
6805,13
3536,13
5977,13
2548,13
8964,13
6180,13
4671,13
4903,13
4955,13
2243,13
6148,13
4850,13
2504,13
9068,13
5198,13
5707,13
8167,13
5002,13
8013,13
10439,13
1338,13
8048,13
420,13
2528,13
8871,13
2509,13
4171,13
9532,13
187,13
393,13
3794,12
4190,12
1143,12
2776,12
8257,12
4364,12
2392,12
3913,12
4000,12
8501,12
2156,12
853,12
1888,12
4097,12
1005,12
10267,12
633,12
3149,12
1468,12
8003,12
1198,12
3152,12
11450,12
126,12
4917,12
5055,12
1201,12
1772,12
1826,12
8132,12
4700,12
9700,12
10640,12
6936,12
5037,12
606,12
3370,12
4538,12
5764,12
253,12
3587,12
8674,12
2323,12
3284,12
3512,12
5401,12
6030,12
1046,12
3741,12
223,12
860,12
2090,12
3859,12
1208,12
1775,12
7418,12
926,12
4363,12
4397,12
3963,12
4070,12
4989,12
9522,12
727,12
5953,12
9077,12
3920,12
5787,12
4784,12
6993,12
47,12
2612,12
6339,12
416,12
1613,12
6067,12
3020,12
4451,12
8040,12
9725,12
2329,12
4656,12
2941,12
363,12
768,12
2138,12
3147,12
674,12
4438,12
9752,12
274,12
2575,12
8121,12
348,12
2383,12
3572,12
5590,12
9944,12
1155,12
7793,12
2911,12
4220,12
6146,12
1218,12
1646,12
4993,12
3925,12
5120,12
8551,12
4012,12
1538,12
2653,12
3709,12
4166,12
4852,12
4399,12
2223,12
3702,12
3364,12
5010,12
8702,12
3249,12
2197,12
9202,12
4627,12
8912,12
7682,12
9369,12
9822,12
4494,12
826,12
1189,12
3573,12
4110,12
4416,12
5789,12
6289,12
262,12
1946,12
10398,12
615,12
5876,12
3330,12
4353,12
8510,12
1624,12
4281,12
979,12
3410,12
6051,12
9098,12
374,12
1108,12
2279,12
2926,12
3773,12
9069,12
3451,12
7612,12
2861,12
3779,12
5997,12
2759,12
5216,12
4983,12
746,12
2206,12
8552,12
3875,12
8579,12
1386,12
3962,12
9703,12
485,12
2906,12
4626,12
456,12
1272,12
441,12
7603,12
7685,12
173,12
4210,12
4881,12
1340,12
3926,12
4020,12
2159,12
4066,12
2030,12
7825,12
1015,12
3292,12
5792,12
1868,12
3002,12
6857,12
637,12
2935,12
6570,12
446,12
1498,12
10446,12
3169,12
3356,12
9696,12
9742,12
443,12
7508,12
5408,12
4329,12
5615,12
7526,12
928,12
6478,12
10004,12
1001,12
1230,12
9101,12
2851,12
7463,12
5798,12
7540,12
8348,12
9280,12
3343,12
5696,12
771,12
3518,12
2012,12
2462,12
5922,12
8461,12
1333,12
1715,12
8093,12
3297,12
4473,12
9997,12
289,12
356,12
3551,12
10308,12
10454,12
6372,12
6758,12
9688,12
795,12
3994,12
4554,12
5027,12
5958,12
8197,12
1709,12
6823,12
1853,12
4053,12
8810,12
4069,12
5479,12
411,12
1038,12
7336,12
1801,12
3233,12
3716,12
4366,12
4972,12
352,12
3547,12
7608,12
3275,12
2285,12
3466,12
752,12
1782,12
2216,12
3307,12
809,12
1053,12
8732,12
2960,12
7776,12
75,12
7851,12
4339,12
5483,12
8735,12
712,12
859,12
2160,12
2432,12
3565,12
5116,12
8084,12
2503,12
2550,12
4990,12
378,12
7373,12
611,12
4449,12
865,12
7094,12
10229,12
9030,12
3735,12
3178,12
3223,12
7801,12
1472,12
4152,12
8956,12
1972,12
8017,12
11957,12
7153,12
344,12
2303,12
2773,12
2411,12
2476,12
4468,12
10460,12
3665,12
5377,12
5414,12
5491,12
6054,12
7243,12
135,12
2124,12
6575,12
7502,12
2162,12
7007,12
3107,12
5734,12
9665,12
5487,12
1004,12
1449,12
5873,12
3503,12
4628,12
5459,12
7636,12
2869,12
5533,12
8539,12
1371,12
8320,12
3491,12
7579,12
2325,12
4711,12
311,12
10085,12
4677,12
4674,12
1429,12
2500,12
2676,12
7627,12
1013,12
4019,12
4430,12
4982,12
11166,12
1044,12
1762,12
2501,12
2626,12
8235,12
1424,12
4373,12
7747,12
468,12
643,12
7811,12
7565,12
4178,12
5530,12
701,12
4607,12
7505,12
954,12
9460,12
1342,11
1591,11
6357,11
7253,11
7754,11
7833,11
2563,11
6773,11
8803,11
1303,11
1903,11
4391,11
6622,11
7850,11
8222,11
3220,11
3876,11
4042,11
5074,11
5482,11
7120,11
4294,11
4307,11
53,11
970,11
3657,11
857,11
1533,11
2479,11
2625,11
5529,11
1417,11
4182,11
4798,11
683,11
1700,11
5962,11
1183,11
3043,11
2683,11
5592,11
10015,11
1064,11
1752,11
9687,11
10354,11
11041,11
7321,11
8006,11
332,11
1493,11
2610,11
2754,11
4919,11
271,11
908,11
3123,11
3528,11
2601,11
4025,11
4610,11
5080,11
7711,11
8326,11
4523,11
5422,11
3260,11
8355,11
578,11
3216,11
8270,11
10227,11
707,11
822,11
3546,11
4090,11
5905,11
9653,11
1886,11
4336,11
230,11
625,11
4280,11
8005,11
11353,11
8037,11
1505,11
8399,11
11513,11
1456,11
6326,11
7890,11
827,11
2109,11
2306,11
6946,11
618,11
694,11
1586,11
7902,11
10377,11
291,11
1774,11
660,11
7346,11
8025,11
3059,11
10046,11
3622,11
3861,11
4315,11
2600,11
8158,11
3172,11
4450,11
1822,11
218,11
2536,11
9991,11
2433,11
10937,11
5777,11
9749,11
3549,11
4013,11
4202,11
6878,11
867,11
1783,11
5325,11
6053,11
4645,11
11011,11
10536,11
2560,11
3690,11
5510,11
1026,11
5246,11
6088,11
9505,11
6032,11
7506,11
12323,11
2177,11
3012,11
4846,11
9816,11
10306,11
1499,11
3759,11
7220,11
545,11
620,11
871,11
4226,11
266,11
2458,11
2803,11
6541,11
7832,11
9623,11
4543,11
2072,11
3677,11
5546,11
4927,11
9015,11
2571,11
2844,11
8385,11
4237,11
4483,11
5917,11
780,11
5738,11
9351,11
1521,11
7549,11
9659,11
117,11
1225,11
936,11
1692,11
2220,11
7319,11
9513,11
1321,11
1452,11
8390,11
347,11
7014,11
1253,11
5420,11
511,11
1052,11
2565,11
1947,11
5094,11
4967,11
5509,11
7727,11
10799,11
358,11
2620,11
3637,11
3907,11
5048,11
675,11
1950,11
3609,11
5869,11
6019,11
6523,11
9951,11
383,11
2241,11
2336,11
2468,11
7393,11
61,11
461,11
5404,11
993,11
4717,11
6532,11
8137,11
10758,11
1696,11
1858,11
2401,11
3839,11
8556,11
202,11
3420,11
3298,11
4285,11
10909,11
324,11
5067,11
7515,11
8566,11
9114,11
11296,11
2244,11
2269,11
5741,11
11767,11
2720,11
1865,11
2271,11
6707,11
3065,11
8194,11
4184,11
4274,11
6874,11
1377,11
1539,11
3934,11
5575,11
7605,11
9466,11
1643,11
2174,11
2561,11
4650,11
4897,11
6089,11
9524,11
229,11
960,11
4444,11
5503,11
5923,11
6369,11
7872,11
8202,11
5319,11
10837,11
1779,11
2993,11
4646,11
5556,11
6003,11
930,11
3443,11
4054,11
6567,11
6848,11
719,11
2440,11
2959,11
3465,11
4731,11
5418,11
1076,11
2665,11
4682,11
5596,11
7713,11
10757,11
877,11
1432,11
624,11
1365,11
1662,11
4109,11
1531,11
1849,11
2214,11
10541,11
627,11
2097,11
3662,11
4058,11
7799,11
439,11
1229,11
8383,11
794,11
994,11
2119,11
3090,11
5451,11
5788,11
11089,11
4253,11
7836,11
8398,11
9057,11
11548,11
11676,11
448,11
8252,11
1020,11
2258,11
5035,11
6418,11
7350,11
9828,11
1607,11
1746,11
4260,11
4497,11
6064,11
12299,11
239,11
1356,11
3361,11
5058,11
3193,11
2498,11
4687,11
7656,11
1007,11
3597,11
4761,11
9386,11
3855,11
4932,11
3998,11
4814,11
8180,11
8960,11
293,11
2290,11
4969,11
793,11
10067,11
759,11
3463,11
4670,11
10858,11
1325,11
2719,11
5410,11
249,11
2992,11
5138,11
7626,11
7706,11
3317,11
3760,11
5101,11
6769,11
889,11
3492,11
6807,11
816,11
3851,11
5613,11
5850,11
6858,11
2689,11
4278,11
6159,11
3693,11
7511,11
10938,11
2529,11
1666,11
4255,11
2207,11
3106,11
477,11
1423,11
4063,11
11137,11
2541,11
4563,11
528,11
4945,11
5757,11
9063,11
3064,11
1465,11
1911,11
2868,11
3303,11
3385,11
3477,11
5390,11
8268,11
256,11
2573,11
4791,11
2472,11
3077,11
4072,11
622,11
3553,11
469,11
1282,11
2088,11
3311,11
3896,11
6783,11
3396,11
3493,11
6585,11
724,11
4170,11
5464,11
6903,11
8541,11
953,11
4675,11
1511,11
3957,11
4551,11
574,11
1281,11
2816,11
3230,11
3432,11
3977,11
9956,11
7185,11
7403,11
9000,11
11896,11
913,11
726,11
4316,11
6733,11
6881,11
10357,11
3380,11
3642,11
5955,11
8729,11
3238,11
3873,11
6580,11
147,11
6310,11
1430,11
3442,11
4609,11
1693,11
1728,11
10548,11
1753,11
1992,11
5944,11
9661,11
7582,11
8403,11
119,11
3286,11
778,11
2974,11
3968,11
6516,11
6208,11
529,11
2276,11
3483,11
4556,11
6652,11
9017,11
3299,11
4988,11
5584,11
6111,11
9400,11
313,11
652,11
901,11
1202,11
2696,11
682,11
915,11
1012,11
2465,11
3312,11
9924,11
10179,11
873,11
4904,11
7834,11
681,11
2423,11
996,11
3524,11
5721,11
7246,11
7679,11
9704,11
7507,11
947,11
3874,11
4330,11
6352,11
9381,11
1097,11
4121,11
3368,11
5435,11
5477,11
2182,11
7770,11
7043,11
13637,11
1009,11
2746,11
4484,11
1476,11
2457,11
3910,11
5911,11
6047,11
148,10
1829,10
3175,10
5518,10
5803,10
9376,10
9465,10
12940,10
1460,10
3226,10
1322,10
1352,10
5984,10
9383,10
1884,10
1975,10
3490,10
1223,10
2249,10
4957,10
6154,10
255,10
2247,10
2559,10
3631,10
6864,10
8229,10
8450,10
10128,10
1016,10
1808,10
5920,10
8664,10
9258,10
9867,10
1160,10
10435,10
2173,10
4713,10
5375,10
5383,10
5571,10
8350,10
11478,10
1525,10
1561,10
4418,10
1404,10
2225,10
3235,10
7602,10
874,10
3611,10
4896,10
2079,10
2180,10
2522,10
3445,10
8116,10
8514,10
2905,10
4083,10
1030,10
1034,10
1156,10
1974,10
5895,10
2752,10
9366,10
1871,10
2032,10
3127,10
4695,10
5505,10
3133,10
3411,10
5095,10
5212,10
5586,10
5759,10
6437,10
8329,10
7192,10
8826,10
2169,10
2644,10
5606,10
8290,10
1056,10
4899,10
6810,10
7020,10
9601,10
11282,10
738,10
2701,10
3990,10
3865,10
3912,10
10728,10
663,10
1077,10
2127,10
3184,10
4389,10
10760,10
2031,10
3586,10
3888,10
4177,10
8280,10
1332,10
1796,10
2725,10
7919,10
8427,10
8917,10
9723,10
3689,10
7551,10
5042,10
5516,10
11026,10
2181,10
4459,10
5084,10
9059,10
11273,10
2549,10
8621,10
1300,10
5162,10
6394,10
3104,10
3336,10
3919,10
4822,10
6116,10
8010,10
3940,10
1311,10
5450,10
7898,10
8751,10
774,10
6099,10
9340,10
704,10
3636,10
3970,10
4663,10
6720,10
10871,10
797,10
10613,10
11180,10
896,10
1391,10
2786,10
5811,10
1812,10
3593,10
8208,10
9076,10
10407,10
11050,10
212,10
4614,10
5204,10
5336,10
6813,10
1616,10
6112,10
7616,10
1399,10
1608,10
4288,10
8238,10
9476,10
10497,10
6759,10
86,10
11142,10
11332,10
205,10
2158,10
2699,10
7660,10
8185,10
998,10
9309,10
328,10
1627,10
6764,10
8784,10
429,10
3764,10
4562,10
283,10
7470,10
8896,10
340,10
431,10
1021,10
1335,10
1670,10
4564,10
5564,10
12358,10
3120,10
5551,10
10104,10
10802,10
10899,10
12981,10
5553,10
8548,10
9834,10
6978,10
7657,10
10458,10
1146,10
2651,10
3209,10
3858,10
3049,10
3534,10
4125,10
7532,10
4832,10
7868,10
9977,10
732,10
5626,10
6160,10
2203,10
3894,10
4529,10
6261,10
7191,10
7601,10
9385,10
4212,10
7914,10
8563,10
10266,10
10394,10
1436,10
2554,10
3635,10
3947,10
4204,10
9046,10
9539,10
11070,10
3930,10
6906,10
10083,10
13221,10
415,10
2176,10
5702,10
8824,10
1186,10
2153,10
6141,10
1490,10
2987,10
3931,10
9906,10
11073,10
554,10
8288,10
8557,10
309,10
1326,10
3943,10
4017,10
7870,10
10954,10
455,10
2569,10
4393,10
4647,10
5572,10
1151,10
1827,10
2346,10
2545,10
7148,10
2385,10
3612,10
4037,10
5446,10
9992,10
11123,10
1470,10
2841,10
9031,10
9610,10
12173,10
1330,10
1654,10
5166,10
8196,10
2732,10
5411,10
9066,10
1073,10
4933,10
8102,10
2534,10
2556,10
9355,10
11136,10
316,10
3163,10
3784,10
10740,10
486,10
1966,10
3471,10
6512,10
8297,10
891,10
4059,10
8117,10
3902,10
4946,10
7774,10
4593,10
5661,10
8262,10
9282,10
3615,10
5800,10
7451,10
8904,10
3300,10
5943,10
10690,10
1850,10
10212,10
761,10
7139,10
8596,10
8979,10
4075,10
5767,10
6138,10
9256,10
10479,10
2273,10
4223,10
7379,10
7650,10
7995,10
8299,10
1438,10
1789,10
2202,10
4440,10
1735,10
3563,10
3971,10
7724,10
3513,10
4613,10
7638,10
494,10
2111,10
5795,10
9294,10
2581,10
6344,10
9738,10
9766,10
9859,10
10024,10
3889,10
4044,10
5662,10
687,10
5925,10
10722,10
1169,10
4939,10
791,10
1041,10
1287,10
5022,10
5808,10
10473,10
3154,10
11175,10
130,10
9259,10
5072,10
8014,10
10496,10
247,10
7620,10
565,10
3777,10
4010,10
5549,10
5799,10
7883,10
585,10
1837,10
7076,10
5304,10
5355,10
9875,10
821,10
1297,10
3052,10
5393,10
8424,10
467,10
1200,10
4035,10
7535,10
8671,10
8965,10
524,10
5092,10
5885,10
7477,10
8073,10
2358,10
5260,10
6809,10
1638,10
4008,10
5653,10
8995,10
3101,10
3707,10
8400,10
10465,10
11528,10
3526,10
7200,10
7862,10
10453,10
2226,10
4981,10
9127,10
11416,10
4292,10
4673,10
6730,10
1214,10
3807,10
4722,10
10525,10
4052,10
5989,10
8223,10
9634,10
11066,10
1611,10
3618,10
5356,10
6535,10
9019,10
1320,10
1667,10
7951,10
1447,10
2722,10
2793,10
9600,10
4404,10
7827,10
11300,10
80,10
1528,10
5497,10
11472,10
12371,10
2672,10
6565,10
1368,10
2033,10
3974,10
4862,10
5733,10
8295,10
9954,10
1078,10
3290,10
2234,10
2715,10
10753,10
730,10
5434,10
5978,10
11651,10
95,10
740,10
2669,10
6843,10
7163,10
7318,10
226,10
789,10
5368,10
1289,10
2125,10
2862,10
4841,10
6725,10
10244,10
1514,10
3847,10
6368,10
1548,10
866,10
5686,10
6507,10
1257,10
1308,10
2100,10
3302,10
4275,10
5779,10
5812,10
7195,10
1173,10
1631,10
3569,10
4696,10
6731,10
10384,10
10661,10
3237,10
4241,10
8386,10
8922,10
5855,10
11046,10
2530,10
10568,10
10616,10
141,10
341,10
899,10
1532,10
3992,10
4516,10
4746,10
5046,10
8463,10
11870,10
592,10
5438,10
5583,10
5747,10
4287,10
7544,10
7593,10
254,10
534,10
2427,10
6121,10
6349,10
1554,10
1842,10
3995,10
5587,10
8245,10
170,10
5963,10
2527,10
3544,10
5358,10
2151,10
2280,10
2430,10
2693,10
6468,10
7529,10
1573,10
2400,10
4541,10
6743,10
11730,10
1024,10
1794,10
4004,10
4268,10
6305,10
10784,10
3418,10
3903,10
4728,10
5815,10
10576,10
2221,10
2459,10
6242,10
2767,10
9910,10
10596,10
910,10
2263,10
5021,10
7671,10
8387,10
546,10
2478,10
3928,10
4089,10
8994,10
10516,10
4165,10
4514,10
6475,10
7307,10
3191,10
1563,10
5295,10
1106,10
9356,10
1437,10
1954,10
5060,10
9744,10
79,10
4856,10
8089,10
1070,10
3942,10
4665,10
5746,10
8050,10
9026,10
3737,10
6860,10
9049,10
12144,10
1819,10
5644,10
7668,10
1112,10
1652,10
2642,10
3186,10
7809,10
10175,10
4388,10
10778,10
8833,10
3005,10
3578,10
184,10
2766,10
4346,10
700,10
3176,10
5865,10
275,10
802,10
1376,10
5456,10
8542,10
10908,10
2586,10
3887,10
4341,10
4659,10
4810,10
7756,10
7777,10
9062,10
5419,10
11276,10
9500,10
716,10
864,10
2215,10
4179,10
8101,10
8920,10
1063,10
4744,10
5690,10
6061,10
9321,10
11074,10
949,10
1867,10
2645,10
4398,10
8289,10
9599,10
755,10
1928,10
2982,10
11095,10
11359,10
8190,10
841,10
2546,10
2973,10
5301,10
5566,10
11324,10
521,10
2184,10
4811,10
6524,10
11018,10
1656,10
2208,10
7624,10
8754,10
1138,10
2965,10
6306,10
6819,10
7874,10
1507,9
2387,9
2811,9
4161,9
7417,9
11280,9
2996,9
9517,9
10798,9
2259,9
3089,9
7098,9
879,9
1977,9
3561,9
5513,9
6962,9
12210,9
481,9
588,9
3028,9
3105,9
5995,9
6832,9
1466,9
2238,9
3691,9
6010,9
8927,9
9721,9
11014,9
918,9
5457,9
8146,9
9433,9
961,9
5934,9
375,9
876,9
1212,9
2797,9
4796,9
6689,9
11954,9
1863,9
3431,9
3661,9
5605,9
5771,9
9097,9
5417,9
7499,9
9562,9
10334,9
10371,9
11057,9
756,9
4153,9
6056,9
6737,9
11808,9
385,9
2662,9
4088,9
4637,9
6460,9
6953,9
8698,9
9217,9
1031,9
2463,9
4208,9
497,9
6855,9
10449,9
300,9
3151,9
3582,9
731,9
3403,9
3624,9
3626,9
5854,9
12582,9
688,9
2678,9
3346,9
3435,9
3595,9
10910,9
6011,9
9318,9
831,9
1269,9
1927,9
6865,9
7122,9
8822,9
8895,9
2322,9
4199,9
6831,9
10116,9
11823,9
2076,9
5448,9
7023,9
1085,9
2497,9
5238,9
6956,9
7556,9
8782,9
9712,9
10010,9
10368,9
2723,9
3548,9
3353,9
5069,9
5328,9
5465,9
5841,9
388,9
602,9
4591,9
5886,9
6896,9
8351,9
13781,9
409,9
4047,9
4227,9
4526,9
5765,9
7710,9
7742,9
7823,9
10684,9
11729,9
1824,9
2288,9
4387,9
6465,9
8220,9
9078,9
9413,9
10776,9
1961,9
2521,9
4203,9
4606,9
7080,9
7266,9
8846,9
12088,9
12146,9
3975,9
6071,9
6503,9
8851,9
232,9
6898,9
9988,9
599,9
3991,9
5478,9
6350,9
9247,9
2064,9
2284,9
4076,9
4384,9
4655,9
6960,9
10310,9
1055,9
1244,9
3293,9
3498,9
6515,9
3734,9
6560,9
7398,9
7560,9
7696,9
8015,9
305,9
355,9
696,9
3155,9
5354,9
6480,9
1723,9
2108,9
7367,9
10235,9
1382,9
1626,9
4524,9
6718,9
6778,9
6932,9
2760,9
3206,9
3421,9
3752,9
3798,9
3923,9
5879,9
9291,9
1595,9
2054,9
2614,9
2781,9
5499,9
7725,9
7768,9
10025,9
11917,9
1504,9
2780,9
2957,9
3208,9
4338,9
8587,9
52,9
2256,9
3754,9
7733,9
10975,9
1323,9
1770,9
2213,9
5082,9
5231,9
9157,9
9493,9
1682,9
3720,9
10833,9
852,9
4565,9
4672,9
4966,9
5016,9
5770,9
1082,9
2597,9
2879,9
7595,9
9833,9
308,9
1956,9
6416,9
6579,9
9052,9
9707,9
2391,9
2326,9
9980,9
10808,9
2681,9
4620,9
692,9
2712,9
3439,9
4314,9
6020,9
6171,9
11211,9
432,9
1273,9
8030,9
10000,9
11594,9
570,9
7028,9
7980,9
9660,9
10963,9
13215,9
966,9
2666,9
3932,9
4781,9
6086,9
6308,9
7559,9
3506,9
4603,9
559,9
2232,9
6994,9
7735,9
10017,9
1191,9
2245,9
2613,9
6181,9
6323,9
7703,9
4765,9
6043,9
7528,9
1930,9
11192,9
2128,9
2985,9
6529,9
6974,9
10767,9
11214,9
1232,9
7520,9
9305,9
9711,9
12506,9
2105,9
2515,9
2755,9
3257,9
8614,9
9964,9
1420,9
2930,9
5463,9
6833,9
6985,9
10447,9
419,9
3584,9
5054,9
5489,9
6304,9
7667,9
7859,9
8901,9
1128,9
1475,9
2856,9
4322,9
7831,9
8909,9
9858,9
641,9
4623,9
5594,9
11652,9
2743,9
4130,9
1252,9
3694,9
3762,9
154,9
1181,9
2150,9
6414,9
484,9
607,9
1035,9
2190,9
8474,9
10484,9
43,9
6479,9
9790,9
10442,9
7903,9
1045,9
5744,9
7641,9
10016,9
11939,9
2106,9
2257,9
2278,9
5941,9
6471,9
165,9
10350,9
854,9
1831,9
2036,9
5471,9
207,9
4930,9
6256,9
8023,9
8189,9
4113,9
5573,9
5946,9
7083,9
127,9
937,9
2932,9
3301,9
5409,9
7538,9
8365,9
1487,9
2567,9
3955,9
5632,9
2275,9
2887,9
3634,9
5372,9
7741,9
7842,9
8058,9
2826,9
3122,9
6006,9
7509,9
9765,9
17,9
1406,9
1520,9
4576,9
5137,9
5342,9
8269,9
9267,9
1967,9
2164,9
4023,9
4546,9
9095,9
505,9
1293,9
1403,9
6829,9
1211,9
5515,9
8246,9
695,9
6571,9
7653,9
8544,9
9394,9
594,9
3316,9
8373,9
11035,9
677,9
7665,9
12163,9
698,9
3102,9
6235,9
7846,9
9755,9
1451,9
8598,9
9994,9
10476,9
10561,9
733,9
1833,9
5630,9
8330,9
8446,9
11208,9
537,9
1096,9
2631,9
4916,9
5956,9
7268,9
1036,9
2495,9
3660,9
4215,9
4690,9
10261,9
2046,9
3505,9
3653,9
5511,9
5742,9
9973,9
757,9
3959,9
4313,9
10945,9
2937,9
3629,9
6816,9
7597,9
9303,9
23,9
3157,9
4002,9
5603,9
5797,9
1075,9
3800,9
5425,9
8581,9
8885,9
10424,9
11683,9
2576,9
4550,9
6385,9
648,9
2136,9
2988,9
4522,9
6388,9
6402,9
9271,9
10033,9
856,9
2199,9
7986,9
9156,9
9619,9
5683,9
7814,9
7180,9
7753,9
8169,9
956,9
3164,9
4011,9
4154,9
1381,9
2333,9
2705,9
4651,9
5376,9
5912,9
6102,9
9495,9
1388,9
1790,9
3188,9
8465,9
10431,9
10486,9
129,9
2951,9
9989,9
13819,9
1317,9
1742,9
2345,9
2790,9
3357,9
8228,9
10716,9
11396,9
234,9
1058,9
6347,9
10452,9
5522,9
5693,9
7099,9
8441,9
8520,9
395,9
779,9
1609,9
4344,9
6576,9
10573,9
10681,9
13163,9
509,9
8645,9
10509,9
814,9
1825,9
2769,9
4402,9
6120,9
7629,9
7721,9
8958,9
9993,9
13620,9
750,9
951,9
4087,9
5669,9
6752,9
10086,9
10620,9
6897,9
6899,9
8327,9
8368,9
4168,9
4272,9
5725,9
8233,9
9874,9
812,9
6763,9
11088,9
320,9
7510,9
11225,9
2901,9
4148,9
4370,9
4503,9
4586,9
5996,9
8276,9
3935,9
5426,9
7138,9
1389,9
3016,9
8174,9
245,9
4270,9
5201,9
8397,9
9083,9
1126,9
10731,9
10432,9
1558,9
3365,9
10812,9
10960,9
921,9
5207,9
121,9
2505,9
5635,9
6380,9
8584,9
11126,9
351,9
1592,9
6870,9
7060,9
697,9
1083,9
11712,9
482,9
2145,9
12497,9
3322,9
7563,9
9969,9
10023,9
1177,9
1587,9
3253,9
3599,9
3713,9
4678,9
5161,9
11084,9
12551,9
1283,9
2250,9
3246,9
5093,9
5111,9
5723,9
2870,9
6431,9
933,9
9064,9
9472,9
490,9
595,9
5352,9
8823,9
9179,9
1767,9
3877,9
4535,9
4815,9
6554,9
6815,9
1844,9
3979,9
5240,9
7547,9
9791,9
10401,9
2450,9
6409,9
9535,9
786,9
5508,9
5894,9
203,9
782,9
5175,9
7864,9
8349,9
751,9
2592,9
3532,9
5005,9
8553,9
680,9
735,9
1383,9
1622,9
2710,9
4309,9
5623,9
5910,9
8305,9
9362,9
109,9
940,9
2795,9
4584,9
5406,9
6441,9
478,9
2233,9
3019,9
5671,9
718,9
5881,9
354,9
1268,9
1544,9
4634,9
2146,9
3424,9
5430,9
6070,9
10705,9
12204,9
58,9
2916,9
3145,9
3672,9
4362,9
6453,9
6986,9
7712,9
8515,9
421,9
781,9
1152,9
3109,9
3965,9
4213,9
83,9
369,9
1033,9
11275,9
13669,9
260,9
5732,9
2379,9
6444,9
8213,9
8736,9
10492,9
12486,9
1080,9
3680,9
6915,9
805,9
2101,9
2946,9
3533,9
4895,9
6750,9
9710,9
4737,9
4984,9
7298,9
9746,9
242,9
5118,9
8714,9
2611,9
3558,9
3948,9
5634,9
6251,9
6802,9
7772,9
10455,9
3113,9
5991,9
1262,9
1817,9
3447,9
7064,9
11559,9
11812,9
10379,9
2825,9
4112,9
4194,9
7111,9
9184,9
3950,9
10523,9
2925,9
4872,9
4953,9
6013,9
1428,9
3174,9
3348,9
4580,9
7813,9
8076,9
11099,9
3295,9
3515,9
5233,9
8380,9
11063,9
11322,9
11600,9
1836,9
2543,9
5163,9
1568,9
6074,9
10328,9
4719,9
1940,9
9713,9
1526,9
3554,9
5681,9
3809,9
5919,9
6069,9
8209,9
10145,9
172,9
6930,9
6972,9
7822,9
9050,9
9978,9
2175,9
2745,9
2976,9
8294,9
8517,9
12600,9
5275,9
8710,9
11716,9
670,9
2002,9
3901,9
4331,9
5436,9
1900,9
2117,9
4941,9
7635,9
1204,9
2570,9
6033,9
8948,9
11794,9
5636,9
7609,9
1933,9
4234,9
6205,9
6428,9
4106,9
10467,9
3688,9
4421,9
6135,9
8261,9
1359,9
3046,9
3402,9
3846,9
4319,9
5990,9
6459,9
2487,9
5431,9
6303,9
7166,9
471,8
2122,8
3749,8
3997,8
8389,8
243,8
737,8
1084,8
2580,8
3179,8
3475,8
1699,8
3488,8
5071,8
5345,8
6825,8
7387,8
10862,8
580,8
4078,8
7530,8
2655,8
3566,8
5157,8
8211,8
1157,8
6176,8
6396,8
6866,8
6937,8
7987,8
10597,8
10786,8
296,8
1766,8
4838,8
5100,8
10605,8
2848,8
3703,8
4531,8
5692,8
10530,8
11194,8
673,8
3087,8
4061,8
8042,8
10022,8
4401,8
4782,8
12014,8
3844,8
7571,8
11059,8
796,8
4321,8
5038,8
11183,8
11876,8
11897,8
1500,8
1823,8
2261,8
3198,8
4181,8
4415,8
5926,8
10180,8
2484,8
8001,8
8977,8
3234,8
7613,8
7800,8
7818,8
9714,8
9926,8
11571,8
13195,8
762,8
1296,8
2842,8
4482,8
5119,8
6342,8
11422,8
11496,8
11946,8
12373,8
412,8
1163,8
1489,8
2778,8
3706,8
6152,8
7539,8
7594,8
8127,8
8986,8
11201,8
11694,8
1574,8
4925,8
9443,8
1816,8
1889,8
2526,8
3941,8
10739,8
12555,8
13416,8
501,8
5396,8
6847,8
7489,8
8656,8
13838,8
1294,8
4408,8
8426,8
811,8
3666,8
3744,8
1363,8
1759,8
2727,8
3727,8
4036,8
5708,8
5768,8
9873,8
11326,8
103,8
2595,8
4286,8
8115,8
12841,8
4198,8
4317,8
7447,8
9824,8
2692,8
3679,8
6522,8
11120,8
548,8
5374,8
8947,8
2502,8
5370,8
10415,8
1908,8
2227,8
2255,8
2668,8
3891,8
4823,8
7699,8
9919,8
222,8
285,8
875,8
2532,8
6442,8
7026,8
8511,8
8004,8
9451,8
13295,8
319,8
686,8
1291,8
4028,8
4251,8
7159,8
10358,8
10683,8
233,8
1506,8
7123,8
7792,8
9053,8
9769,8
11607,8
246,8
2609,8
6929,8
7938,8
9395,8
9568,8
111,8
224,8
3862,8
6836,8
8595,8
2192,8
5182,8
5755,8
6024,8
6553,8
8721,8
9512,8
9548,8
2619,8
6014,8
6143,8
6435,8
7896,8
132,8
8200,8
747,8
882,8
1599,8
3349,8
5609,8
7347,8
2082,8
6706,8
7001,8
2191,8
2840,8
3121,8
3261,8
3956,8
3976,8
4162,8
4435,8
8088,8
8165,8
1145,8
1247,8
4898,8
5047,8
7335,8
7854,8
10463,8
10869,8
259,8
512,8
1664,8
2239,8
3025,8
4786,8
7720,8
8830,8
770,8
2183,8
4464,8
7271,8
9234,8
9864,8
2967,8
3162,8
4569,8
5761,8
9283,8
1434,8
2170,8
3607,8
6975,8
7611,8
7780,8
7789,8
10697,8
11633,8
689,8
2768,8
3197,8
6729,8
9152,8
10112,8
10294,8
11644,8
13119,8
5612,8
5992,8
7286,8
8574,8
9055,8
9885,8
10326,8
636,8
1367,8
8204,8
8513,8
4914,8
10396,8
13696,8
3700,8
5056,8
5359,8
9937,8
1636,8
1988,8
2686,8
5724,8
6711,8
7894,8
12578,8
5538,8
6745,8
10434,8
13456,8
1461,8
2519,8
4991,8
6824,8
8160,8
2695,8
3791,8
6165,8
7705,8
9932,8
582,8
3067,8
4038,8
4118,8
5440,8
6322,8
8091,8
10374,8
1628,8
3399,8
3699,8
4137,8
8594,8
10507,8
1467,8
6583,8
7110,8
292,8
3269,8
3649,8
4157,8
7280,8
8159,8
9091,8
9862,8
10378,8
969,8
1028,8
4692,8
5148,8
6017,8
9947,8
10325,8
5466,8
9650,8
10117,8
11045,8
11779,8
846,8
1701,8
3084,8
4159,8
5545,8
7633,8
8039,8
9779,8
452,8
1167,8
2224,8
3632,8
4027,8
5203,8
9357,8
507,8
2740,8
9404,8
163,8
191,8
4739,8
5132,8
8273,8
9239,8
10397,8
13657,8
709,8
959,8
1357,8
2824,8
5311,8
6884,8
10315,8
2492,8
3816,8
4867,8
6803,8
11043,8
430,8
989,8
2761,8
3039,8
4324,8
5109,8
7181,8
7420,8
7722,8
3676,8
5243,8
7029,8
10115,8
10512,8
11577,8
6072,8
9745,8
10493,8
11215,8
11880,8
14060,8
299,8
1569,8
4318,8
5579,8
8095,8
2131,8
4476,8
7503,8
7860,8
9930,8
764,8
1050,8
9894,8
10130,8
10430,8
4191,8
4445,8
5896,8
6345,8
7291,8
8203,8
10330,8
10685,8
2801,8
8237,8
9576,8
10107,8
11847,8
4534,8
5171,8
5494,8
6140,8
7881,8
8591,8
1904,8
2798,8
6335,8
7765,8
9760,8
11262,8
12687,8
13682,8
2524,8
9627,8
12862,8
3404,8
4073,8
6877,8
7558,8
8372,8
11193,8
11784,8
666,8
1182,8
1697,8
1703,8
5476,8
11171,8
9238,8
9789,8
489,8
1649,8
5124,8
9668,8
13194,8
659,8
1310,8
4793,8
6077,8
7176,8
9784,8
10764,8
10796,8
11027,8
11307,8
4572,8
4740,8
8867,8
3199,8
5548,8
6085,8
3805,8
4668,8
5283,8
7117,8
7437,8
11370,8
13627,8
2004,8
2968,8
4382,8
5180,8
6893,8
231,8
1597,8
1991,8
3141,8
4127,8
5470,8
10040,8
13414,8
3619,8
4940,8
8951,8
9274,8
9613,8
9904,8
4587,8
7552,8
11811,8
2211,8
4500,8
5748,8
7766,8
9125,8
8119,8
12041,8
2490,8
4567,8
6784,8
7640,8
8128,8
10044,8
614,8
1072,8
2444,8
3571,8
1059,8
1536,8
3681,8
6400,8
8521,8
11284,8
568,8
2297,8
2667,8
3588,8
4453,8
7618,8
7784,8
7948,8
8746,8
829,8
1154,8
3823,8
6521,8
8801,8
9242,8
9942,8
11224,8
800,8
2171,8
4068,8
5387,8
8703,8
9756,8
12228,8
13668,8
766,8
2983,8
3273,8
4361,8
7341,8
8662,8
8793,8
10393,8
10785,8
669,8
810,8
1205,8
1737,8
2970,8
5720,8
7761,8
8989,8
9302,8
9709,8
10057,8
10482,8
12111,8
1540,8
1575,8
1669,8
3339,8
5608,8
6175,8
6343,8
10559,8
241,8
449,8
2574,8
4299,8
4601,8
8667,8
13268,8
1066,8
3128,8
8284,8
11005,8
11272,8
679,8
5432,8
5998,8
6390,8
10349,8
629,8
736,8
3964,8
8293,8
13105,8
13651,8
3294,8
7728,8
7924,8
11418,8
13605,8
238,8
7956,8
9033,8
12113,8
453,8
1000,8
8503,8
9871,8
11667,8
1236,8
1914,8
2053,8
3251,8
4716,8
9265,8
13636,8
8068,8
8112,8
343,8
2674,8
5443,8
5903,8
6122,8
7004,8
331,8
465,8
2187,8
4539,8
7545,8
9174,8
9473,8
438,8
8835,8
10503,8
1872,8
3718,8
4715,8
7151,8
8046,8
10653,8
11438,8
400,8
11502,8
1791,8
2328,8
2966,8
4431,8
7193,8
7279,8
8661,8
312,8
5269,8
8336,8
9061,8
885,8
1898,8
1960,8
2512,8
4845,8
5449,8
9499,8
9985,8
3695,8
4301,8
7899,8
3266,8
3651,8
4689,8
4794,8
5645,8
6951,8
1970,8
4734,8
6812,8
9686,8
2229,8
3592,8
3850,8
7059,8
7392,8
8759,8
9445,8
2954,8
5931,8
6938,8
7949,8
12004,8
1102,8
1639,8
12439,8
13160,8
45,8
6136,8
7840,8
8959,8
13731,8
952,8
3742,8
7002,8
8910,8
10972,8
418,8
1405,8
3462,8
10359,8
10457,8
2568,8
7073,8
9598,8
9950,8
4630,8
6004,8
6613,8
10382,8
1987,8
4803,8
8258,8
9974,8
3616,8
7900,8
8777,8
9150,8
9188,8
2539,8
2648,8
5710,8
6981,8
7821,8
9800,8
6555,8
9146,8
9829,8
10087,8
4891,8
6749,8
7194,8
11266,8
1479,8
3259,8
4400,8
4970,8
5957,8
2075,8
3204,8
4332,8
5143,8
7652,8
3576,8
4590,8
5259,8
7700,8
8808,8
9281,8
1099,8
6851,8
8505,8
10718,8
11114,8
5813,8
10238,8
10880,8
741,8
2453,8
5312,8
5498,8
8804,8
10771,8
558,8
2291,8
6236,8
9970,8
11176,8
2636,8
4051,8
4566,8
7414,8
8099,8
1079,8
2922,8
3165,8
8545,8
338,8
5637,8
7036,8
10406,8
12130,8
98,8
195,8
911,8
6271,8
8230,8
10989,8
11872,8
2130,8
3627,8
4342,8
6364,8
7175,8
7326,8
8266,8
9225,8
828,8
2744,8
4553,8
10985,8
11699,8
1712,8
7395,8
12557,8
13492,8
1115,8
2927,8
3738,8
10253,8
3953,8
10592,8
5395,8
6983,8
10314,8
7542,8
1043,8
4868,8
6736,8
13950,8
376,8
515,8
2660,8
7126,8
9581,8
1726,8
1883,8
4139,8
4540,8
5051,8
9672,8
655,8
997,8
1149,8
1446,8
4492,8
5604,8
8277,8
8841,8
11003,8
11521,8
12389,8
1474,8
7273,8
7677,8
10322,8
10756,8
708,8
1162,8
4300,8
4755,8
5821,8
6708,8
783,8
2908,8
5226,8
6041,8
8659,8
370,8
4269,8
9177,8
10203,8
10591,8
12001,8
1370,8
6814,8
7654,8
10389,8
11886,8
4764,8
11728,8
110,8
1860,8
2953,8
4266,8
5439,8
6202,8
6589,8
8020,8
8371,8
5674,8
5766,8
6023,8
7950,8
2486,8
6258,8
6317,8
7381,8
9586,8
4242,8
4371,8
5858,8
3187,8
4685,8
5486,8
6912,8
7746,8
657,8
1658,8
4745,8
6007,8
8775,8
8963,8
1448,8
4175,8
4980,8
6338,8
7450,8
8035,8
9810,8
10173,8
10658,8
11466,8
1086,8
1684,8
2222,8
4417,8
4640,8
7844,8
8059,8
2319,8
5793,8
7585,8
8195,8
337,8
1566,8
2415,8
11798,8
803,8
1572,8
2944,8
4261,8
4871,8
5079,8
6246,8
6519,8
2605,8
3988,8
4771,8
5314,8
7625,8
8253,8
8316,8
9922,8
10353,8
12891,8
365,8
6415,8
6474,8
7172,8
7288,8
8763,8
1612,8
2000,8
4046,8
5700,8
9171,8
10048,8
11737,8
1508,8
1571,8
3329,8
5145,8
5648,8
6412,8
6701,8
7658,8
8972,8
1011,8
1366,8
2137,8
4060,8
9856,8
2792,8
3315,8
3989,8
815,8
1445,8
3214,8
3961,8
5364,8
9636,8
10702,8
557,8
3371,8
3758,8
4029,8
4085,8
4555,8
8585,8
8765,8
186,8
5318,8
12020,8
894,8
2248,8
3194,8
5139,8
9359,8
10991,8
11090,8
11613,8
632,8
6410,8
6594,8
7573,8
7934,8
9525,8
11388,8
14018,8
174,8
2186,8
7843,8
10494,8
10515,8
562,8
4732,8
5665,8
10809,8
11774,8
13839,8
399,8
2289,8
4303,8
4749,8
7104,8
8057,8
8471,8
9111,8
705,8
785,8
4598,8
7384,8
7955,8
9529,8
745,8
3271,8
8420,8
10762,8
2859,8
3148,8
4310,8
5706,8
8466,8
13232,8
8599,8
8644,8
10887,8
12354,8
3416,8
3596,8
4467,8
5455,8
5754,8
3345,8
8771,8
10566,8
10719,8
2599,8
3542,8
3993,8
5979,8
9348,8
10034,8
10481,8
315,8
1993,8
4380,8
4513,8
6905,8
6942,8
11871,8
3523,8
6438,8
7476,8
9067,8
9901,8
1238,7
1580,7
1645,7
4818,7
6336,7
6658,7
7240,7
9427,7
13623,7
540,7
10703,7
1270,7
1618,7
1650,7
2572,7
4489,7
7879,7
11393,7
137,7
4239,7
8743,7
883,7
5578,7
5682,7
5695,7
10632,7
11745,7
12284,7
898,7
2914,7
4357,7
7584,7
11143,7
11243,7
4291,7
4396,7
4583,7
4612,7
7222,7
8249,7
12530,7
513,7
1133,7
4624,7
5030,7
6678,7
10143,7
974,7
4512,7
6237,7
7131,7
9035,7
9324,7
9898,7
12436,7
3601,7
6188,7
7342,7
9006,7
9968,7
11885,7
9405,7
10162,7
11327,7
11911,7
2200,7
4263,7
5367,7
7562,7
8172,7
10241,7
11909,7
12355,7
4683,7
8887,7
9957,7
939,7
3538,7
5699,7
6741,7
7550,7
10727,7
11072,7
28,7
183,7
2209,7
2313,7
4326,7
6319,7
8976,7
9781,7
10414,7
13045,7
1243,7
1274,7
2018,7
4424,7
7147,7
8877,7
12286,7
12948,7
2945,7
5930,7
6820,7
7796,7
587,7
988,7
2697,7
4843,7
5691,7
7838,7
10043,7
3359,7
6863,7
8130,7
8747,7
9551,7
11686,7
2335,7
2439,7
2650,7
5758,7
5993,7
8303,7
8980,7
9935,7
384,7
1019,7
5123,7
6040,7
9442,7
9508,7
11111,7
844,7
1350,7
5405,7
6509,7
7676,7
8967,7
9482,7
9498,7
1280,7
1866,7
1877,7
5480,7
10950,7
13644,7
2496,7
2629,7
6904,7
9840,7
1260,7
2531,7
3054,7
3196,7
3328,7
6201,7
9523,7
2675,7
4394,7
5105,7
6716,7
11368,7
11717,7
11757,7
13440,7
2168,7
2753,7
3502,7
5062,7
6572,7
91,7
1659,7
1820,7
6045,7
3239,7
3814,7
11711,7
12273,7
13111,7
3108,7
3886,7
3905,7
5932,7
8786,7
10053,7
10165,7
10747,7
11948,7
12535,7
2242,7
3579,7
4718,7
5282,7
7198,7
11888,7
12203,7
1583,7
2517,7
5025,7
5500,7
6835,7
7124,7
7210,7
8047,7
8658,7
8969,7
10668,7
11187,7
12910,7
225,7
2148,7
2414,7
2724,7
2774,7
6740,7
7580,7
8131,7
13549,7
6795,7
8886,7
11105,7
2628,7
8178,7
10409,7
3140,7
8163,7
9166,7
9726,7
177,7
2998,7
8516,7
8722,7
10166,7
2466,7
2829,7
5547,7
6774,7
9507,7
10604,7
1512,7
4469,7
4893,7
8271,7
10352,7
906,7
1306,7
5595,7
5639,7
8218,7
10346,7
10480,7
10962,7
11514,7
12003,7
12032,7
935,7
1681,7
7555,7
10002,7
1491,7
6902,7
9399,7
9418,7
3283,7
3648,7
4102,7
4561,7
4973,7
12408,7
13878,7
2775,7
4351,7
10376,7
13251,7
1302,7
1798,7
2475,7
2763,7
3030,7
4475,7
6481,7
9088,7
9763,7
1190,7
1400,7
5341,7
5539,7
7230,7
9279,7
10318,7
12574,7
1722,7
1922,7
2633,7
3446,7
7707,7
11001,7
11674,7
11759,7
182,7
442,7
792,7
3032,7
4877,7
7008,7
8987,7
10572,7
440,7
734,7
2455,7
2471,7
4151,7
4297,7
4487,7
6375,7
7812,7
8256,7
8402,7
9317,7
10045,7
10610,7
11207,7
1267,7
2102,7
4030,7
4977,7
9353,7
3813,7
5167,7
9478,7
10746,7
142,7
925,7
3509,7
3908,7
5676,7
8546,7
10052,7
11036,7
11212,7
3557,7
3659,7
4944,7
5983,7
8800,7
10364,7
10667,7
40,7
3195,7
5933,7
6886,7
7971,7
8225,7
169,7
1353,7
2729,7
5339,7
8930,7
9494,7
10456,7
11962,7
13802,7
980,7
4279,7
4510,7
4807,7
4995,7
5237,7
7759,7
7968,7
9776,7
250,7
3863,7
8206,7
10411,7
868,7
10550,7
13803,7
4544,7
6197,7
8374,7
9058,7
9345,7
11054,7
339,7
923,7
4356,7
4820,7
10331,7
3757,7
6719,7
10943,7
2640,7
6370,7
9276,7
10243,7
12531,7
235,7
7112,7
8834,7
12587,7
2447,7
5526,7
5954,7
6126,7
6430,7
8993,7
9481,7
11844,7
650,7
5657,7
6193,7
6600,7
8012,7
8381,7
8653,7
10248,7
12175,7
1087,7
1341,7
1855,7
5694,7
7911,7
10313,7
11610,7
2252,7
2268,7
4660,7
5736,7
6801,7
7740,7
8705,7
9491,7
10841,7
11430,7
11804,7
3655,7
7795,7
11156,7
2623,7
2822,7
4849,7
4952,7
5227,7
8990,7
9794,7
9855,7
553,7
560,7
836,7
1938,7
5385,7
5964,7
8524,7
10056,7
10709,7
6249,7
6299,7
8140,7
8161,7
9596,7
644,7
1843,7
2418,7
5751,7
6255,7
7053,7
9715,7
11315,7
11701,7
12326,7
227,7
1220,7
2895,7
3806,7
4870,7
5580,7
6134,7
7692,7
9664,7
9995,7
886,7
1048,7
1298,7
2909,7
6568,7
9074,7
9621,7
425,7
904,7
3440,7
5728,7
7072,7
8985,7
9278,7
11587,7
11932,7
12050,7
1632,7
1688,7
2410,7
3522,7
6776,7
8921,7
9501,7
3118,7
3333,7
3382,7
3638,7
3789,7
4742,7
8593,7
12301,7
2834,7
3310,7
3383,7
5688,7
6333,7
6426,7
6787,7
6984,7
7693,7
8216,7
10638,7
3015,7
6531,7
6940,7
7979,7
8504,7
9168,7
3674,7
3999,7
5186,7
9739,7
11047,7
1132,7
3401,7
4921,7
6976,7
8094,7
8706,7
8973,7
9287,7
12195,7
4007,7
4712,7
5495,7
9820,7
9941,7
11400,7
11840,7
590,7
1119,7
2354,7
2942,7
5982,7
6445,7
7704,7
7745,7
9409,7
1362,7
1396,7
1747,7
2267,7
10365,7
11376,7
1913,7
3323,7
4694,7
5183,7
7259,7
10194,7
11253,7
4211,7
4485,7
4875,7
6747,7
7204,7
11522,7
3011,7
4143,7
4264,7
6558,7
10976,7
12553,7
263,7
564,7
6850,7
9330,7
9336,7
1219,7
2403,7
2473,7
6811,7
11508,7
11719,7
12381,7
586,7
1164,7
6222,7
13405,7
72,7
286,7
2107,7
3114,7
8945,7
9014,7
9118,7
11378,7
13235,7
1509,7
3392,7
5421,7
6065,7
6307,7
7429,7
9233,7
12244,7
387,7
1698,7
3161,7
4409,7
5975,7
6849,7
7513,7
8907,7
9268,7
9735,7
4754,7
9638,7
11067,7
12212,7
610,7
2445,7
5970,7
5999,7
8281,7
9987,7
13564,7
13753,7
1142,7
2298,7
2875,7
2947,7
3511,7
5540,7
8692,7
9051,7
10983,7
13482,7
2523,7
3938,7
9360,7
11062,7
1957,7
2469,7
9094,7
10797,7
1657,7
4495,7
6015,7
7038,7
9346,7
10470,7
11742,7
11778,7
12586,7
1037,7
1545,7
2904,7
6454,7
7380,7
7632,7
10167,7
11341,7
12617,7
713,7
2929,7
3018,7
5752,7
8241,7
4,7
684,7
3830,7
4333,7
7187,7
7785,7
11020,7
12947,7
13365,7
717,7
3575,7
3739,7
4248,7
4254,7
5276,7
6425,7
7136,7
10009,7
1943,7
2687,7
3479,7
6283,7
11537,7
2579,7
2784,7
4560,7
5200,7
5602,7
9527,7
11007,7
11239,7
13244,7
13872,7
380,7
672,7
1462,7
3263,7
3772,7
4693,7
9767,7
1431,7
4490,7
11923,7
244,7
2918,7
6434,7
6854,7
8339,7
9198,7
9288,7
9347,7
11274,7
1422,7
4666,7
7353,7
7730,7
8250,7
728,7
4149,7
5153,7
5627,7
7105,7
9002,7
12541,7
13124,7
1374,7
1845,7
4071,7
4427,7
10340,7
11221,7
434,7
1620,7
3516,7
3652,7
4667,7
8323,7
8767,7
10806,7
428,7
957,7
3821,7
5501,7
6107,7
6295,7
7884,7
7998,7
9798,7
11586,7
532,7
706,7
1619,7
3218,7
3944,7
4581,7
5121,7
5774,7
8624,7
9397,7
10554,7
10612,7
1234,7
7484,7
8107,7
4086,7
6927,7
7074,7
7229,7
8347,7
9936,7
10181,7
661,7
1134,7
3985,7
4142,7
8892,7
9389,7
11034,7
11940,7
13432,7
13462,7
1347,7
5033,7
5631,7
5652,7
11796,7
7375,7
11753,7
12131,7
403,7
1738,7
4224,7
5504,7
8113,7
4273,7
4709,7
5574,7
5921,7
7737,7
8120,7
8384,7
13159,7
589,7
1755,7
2167,7
3745,7
3787,7
4245,7
5468,7
6327,7
11498,7
11965,7
12508,7
5008,7
8283,7
8298,7
11369,7
2787,7
4805,7
5589,7
6184,7
9358,7
9793,7
13941,7
3682,7
3776,7
6918,7
7376,7
10356,7
11953,7
569,7
769,7
938,7
977,7
2788,7
5172,7
5412,7
8232,7
9804,7
11734,7
12248,7
12430,7
216,7
3640,7
9511,7
9701,7
946,7
1655,7
2952,7
5194,7
5402,7
9751,7
11305,7
11473,7
4243,7
4282,7
4439,7
6501,7
10701,7
11049,7
703,7
5059,7
5378,7
5628,7
8749,7
9326,7
11649,7
240,7
1916,7
2902,7
5460,7
9145,7
9955,7
10008,7
427,7
1923,7
2112,7
2316,7
2928,7
4463,7
8254,7
8682,7
12570,7
13638,7
3205,7
3510,7
6545,7
8333,7
3531,7
5267,7
5350,7
9750,7
893,7
3899,7
6486,7
7338,7
8074,7
8098,7
4099,7
6012,7
6164,7
6923,7
9043,7
9227,7
2551,7
3514,7
3580,7
4432,7
4767,7
6494,7
6547,7
8483,7
11101,7
5313,7
7121,7
10955,7
219,7
967,7
5196,7
10320,7
10595,7
4533,7
5872,7
5927,7
7430,7
9684,7
11898,7
1439,7
2139,7
5672,7
9949,7
11006,7
3911,7
8576,7
8695,7
10629,7
10818,7
11964,7
21,7
1393,7
1523,7
2074,7
2708,7
7017,7
7623,7
9587,7
12563,7
13848,7
14011,7
323,7
8063,7
9089,7
9561,7
9656,7
10652,7
13822,7
2178,7
2426,7
2943,7
3459,7
4664,7
9072,7
9285,7
11360,7
1602,7
1936,7
3507,7
4582,7
5714,7
6633,7
7889,7
10714,7
1524,7
4735,7
4869,7
4965,7
5126,7
6292,7
6782,7
6950,7
10585,7
1920,7
3255,7
8687,7
9809,7
10069,7
11910,7
13272,7
1319,7
7719,7
8873,7
10676,7
11158,7
11803,7
371,7
2152,7
4205,7
5310,7
9786,7
10097,7
11380,7
11563,7
11833,7
12005,7
621,7
2491,7
6046,7
6270,7
8227,7
8307,7
8376,7
265,7
1668,7
1906,7
2508,7
2634,7
6101,7
6356,7
6968,7
9246,7
10030,7
2594,7
4306,7
6511,7
8291,7
8314,7
13156,7
801,7
978,7
4077,7
8171,7
9679,7
12634,7
2043,7
3594,7
3722,7
4358,7
4458,7
4975,7
5484,7
5928,7
8215,7
8631,7
9487,7
9572,7
9761,7
639,7
3247,7
7663,7
7717,7
8929,7
11285,7
1686,7
2765,7
5952,7
6321,7
8240,7
9042,7
9720,7
10508,7
11071,7
11814,7
2390,7
3748,7
4942,7
6226,7
10198,7
807,7
7077,7
10564,7
11294,7
536,7
1813,7
1830,7
2977,7
3892,7
4462,7
7996,7
11727,7
753,7
2707,7
3203,7
4350,7
6008,7
6455,7
7783,7
7997,7
8286,7
8724,7
11147,7
11186,7
188,7
2293,7
3849,7
5525,7
5719,7
5805,7
5980,7
8983,7
33,7
5272,7
8869,7
9044,7
10967,7
508,7
4131,7
4488,7
8758,7
9314,7
11524,7
1730,7
2001,7
7369,7
9007,7
9421,7
10644,7
12275,7
4021,7
9972,7
12906,7
2024,7
2894,7
4575,7
5026,7
5782,7
6458,7
12047,7
1228,7
2934,7
3455,7
3829,7
5232,7
8497,7
9577,7
11889,7
1184,7
2264,7
7586,7
9212,7
9223,7
12040,7
379,7
1264,7
1958,7
3643,7
3770,7
5277,7
6666,7
10713,7
11746,7
284,7
2709,7
6114,7
6286,7
8142,7
9025,7
11930,7
12552,7
522,7
1788,7
2731,7
3142,7
3146,7
3914,7
4769,7
9392,7
11879,7
11914,7
1433,7
2334,7
3448,7
5569,7
9920,7
6037,7
8906,7
8944,7
9388,7
11593,7
962,7
10749,7
999,7
1316,7
1691,7
2115,7
2938,7
7189,7
7457,7
7469,7
7575,7
8554,7
10856,7
11355,7
4702,7
4783,7
12089,7
12221,7
4724,7
8103,7
11756,7
13894,7
571,7
7835,7
8890,7
1879,7
3733,7
3768,7
5209,7
11695,7
12908,7
13862,7
1702,7
4141,7
4636,7
4860,7
5906,7
7082,7
9232,7
9996,7
12233,7
302,7
5859,7
8739,7
8905,7
9380,7
10670,7
10689,7
10819,7
11021,7
2591,7
5164,7
9618,7
11704,7
11723,7
13565,7
605,7
1101,7
1976,7
2813,7
5882,7
8733,7
9563,7
10060,7
11687,7
3159,7
9860,7
10500,7
1392,7
3464,7
3581,7
5371,7
7537,7
9240,7
9244,7
12979,7
215,7
1674,7
2514,7
2799,7
7543,7
8485,7
12188,7
13833,7
13842,7
5250,7
6104,7
7364,7
7527,7
12159,7
551,7
1411,7
2639,7
2913,7
3929,7
4108,7
10533,7
851,7
1278,7
1640,7
1710,7
1962,7
3980,7
4222,7
4337,7
8597,7
3308,7
4621,7
6133,7
6526,7
12189,7
1719,7
2425,7
4707,7
4795,7
8919,7
9795,7
12968,7
138,7
4574,7
6083,7
8183,7
10836,7
10988,7
11371,7
2673,7
3227,7
6092,7
7062,7
8502,7
10827,7
11267,7
11807,7
13276,7
13851,7
134,7
584,7
2110,7
2417,7
3291,7
8317,7
11434,7
8836,7
9277,7
9908,7
12840,7
1107,7
2690,7
3782,7
6407,7
6542,7
7000,7
8251,7
9509,7
10857,7
12516,7
2454,7
3444,7
8838,7
10218,7
2310,7
10403,7
12916,7
3918,6
4900,6
8592,6
10206,6
11858,6
897,6
3698,6
4158,6
4219,6
4929,6
9182,6
11316,6
5287,6
10708,6
11025,6
3098,6
7066,6
7910,6
8650,6
13898,6
5433,6
5697,6
7324,6
7576,6
9206,6
9775,6
10815,6
799,6
804,6
2027,6
5847,6
6890,6
9914,6
10264,6
10416,6
12184,6
13997,6
1718,6
2874,6
8482,6
12717,6
2396,6
5211,6
6911,6
8051,6
8231,6
8845,6
9470,6
12727,6
321,6
5222,6
5251,6
5427,6
5543,6
6145,6
6939,6
8085,6
1653,6
2513,6
6732,6
12169,6
108,6
3124,6
7481,6
7497,6
9435,6
9640,6
12542,6
1344,6
1537,6
1675,6
8396,6
9209,6
10168,6
11578,6
11627,6
4865,6
7744,6
8536,6
8689,6
10018,6
10626,6
11119,6
13830,6
14044,6
830,6
1226,6
2007,6
7331,6
7604,6
7666,6
9255,6
12328,6
1892,6
3685,6
5961,6
5981,6
6095,6
7188,6
7325,6
8999,6
10234,6
10502,6
10651,6
10979,6
1051,6
3885,6
4230,6
7306,6
8123,6
10058,6
10186,6
406,6
784,6
11636,6
12057,6
2240,6
3296,6
4858,6
5028,6
7088,6
7634,6
11883,6
3166,6
3725,6
5006,6
5756,6
6705,6
7242,6
8902,6
9771,6
10445,6
10654,6
11213,6
3211,6
3743,6
4758,6
4777,6
5066,6
9446,6
4866,6
5160,6
5647,6
9027,6
9270,6
743,6
916,6
1418,6
3183,6
3481,6
4267,6
5219,6
5852,6
10184,6
11562,6
11839,6
12192,6
13685,6
1689,6
6528,6
7516,6
7684,6
7788,6
8141,6
9205,6
9286,6
11162,6
1398,6
1890,6
4104,6
7244,6
2228,6
2236,6
4874,6
6267,6
8255,6
9426,6
10276,6
10539,6
12543,6
12935,6
3076,6
3116,6
6538,6
6668,6
8239,6
9264,6
11361,6
3621,6
5909,6
6096,6
7600,6
9677,6
9689,6
9915,6
10535,6
1777,6
5333,6
5843,6
9734,6
333,6
1215,6
1925,6
2237,6
2726,6
2772,6
4994,6
5112,6
9629,6
9783,6
4120,6
6616,6
9039,6
10433,6
330,6
372,6
685,6
995,6
1848,6
2407,6
5302,6
6469,6
6630,6
9611,6
10037,6
7033,6
7589,6
9009,6
11829,6
12170,6
2042,6
4376,6
4726,6
5266,6
5828,6
7400,6
7454,6
8811,6
11615,6
3244,6
3276,6
4040,6
4530,6
6954,6
7975,6
9642,6
9759,6
11311,6
12533,6
12558,6
519,6
1729,6
2404,6
3504,6
3817,6
4018,6
5442,6
7160,6
12340,6
1477,6
3144,6
3567,6
4481,6
4851,6
5620,6
8152,6
8328,6
8480,6
8672,6
10240,6
11824,6
14077,6
556,6
711,6
2038,6
4032,6
4756,6
9439,6
11469,6
11863,6
1206,6
4246,6
4828,6
5286,6
6125,6
7967,6
11781,6
1542,6
2092,6
5334,6
6097,6
7361,6
9732,6
11250,6
11314,6
11408,6
12473,6
325,6
386,6
5018,6
5344,6
7236,6
7748,6
2635,6
3753,6
6687,6
7861,6
13498,6
1122,6
2320,6
4472,6
5624,6
7343,6
9754,6
12704,6
13249,6
1773,6
6177,6
7355,6
9758,6
11878,6
12190,6
12983,6
5960,6
7087,6
8982,6
9471,6
10953,6
11572,6
12063,6
3570,6
5496,6
7806,6
9624,6
10900,6
13571,6
715,6
1427,6
1458,6
4349,6
4979,6
6786,6
7802,6
8445,6
1473,6
1878,6
3111,6
3987,6
4688,6
6508,6
7709,6
10054,6
10791,6
699,6
1644,6
3978,6
4304,6
8019,6
11892,6
12993,6
280,6
3231,6
3484,6
6578,6
9084,6
6,6
2281,6
4365,6
5343,6
7182,6
7617,6
8492,6
9230,6
572,6
8226,6
9298,6
10338,6
13264,6
1062,6
2422,6
3602,6
4091,6
5701,6
10737,6
11645,6
13630,6
1130,6
1410,6
5031,6
9092,6
10283,6
20,6
2161,6
3115,6
3167,6
3415,6
6506,6
8217,6
9086,6
9940,6
9981,6
11557,6
11735,6
12917,6
500,6
1171,6
4355,6
7349,6
7775,6
9631,6
10347,6
10574,6
10877,6
11028,6
1144,6
3539,6
4258,6
6655,6
7490,6
8201,6
11714,6
13471,6
13654,6
295,6
1245,6
3497,6
6452,6
6963,6
9574,6
377,6
1394,6
4176,6
11048,6
14008,6
8742,6
8957,6
9121,6
10838,6
12374,6
12567,6
13791,6
647,6
1113,6
1968,6
2405,6
2464,6
2694,6
3871,6
6959,6
7006,6
7019,6
7523,6
9444,6
10423,6
944,6
983,6
1251,6
5347,6
8588,6
10035,6
12112,6
3730,6
3827,6
4136,6
4221,6
4631,6
7101,6
7794,6
8263,6
9622,6
9998,6
11037,6
11919,6
12341,6
634,6
3726,6
3833,6
6182,6
6199,6
7362,6
11765,6
12230,6
12452,6
12520,6
13579,6
1951,6
3473,6
5147,6
9131,6
9296,6
9691,6
10271,6
11328,6
1518,6
3075,6
6127,6
7578,6
7672,6
8044,6
9313,6
10339,6
1811,6
8690,6
9191,6
10101,6
3135,6
6155,6
9402,6
10720,6
13417,6
2499,6
6879,6
8832,6
8941,6
11373,6
11631,6
13911,6
729,6
1642,6
3369,6
4536,6
5488,6
5735,6
5924,6
9690,6
10520,6
10742,6
11107,6
2451,6
2652,6
7165,6
9327,6
9429,6
2785,6
6149,6
7798,6
8248,6
8844,6
9537,6
10412,6
11304,6
12815,6
1486,6
5150,6
5327,6
10780,6
11354,6
11432,6
12262,6
257,6
5554,6
6081,6
8720,6
10498,6
13378,6
1603,6
1874,6
2984,6
3080,6
3181,6
5610,6
5713,6
13206,6
1375,6
2286,6
7517,6
7926,6
8870,6
11527,6
12775,6
1559,6
1846,6
1979,6
4505,6
5265,6
6588,6
7427,6
7655,6
447,6
3285,6
6921,6
10289,6
11655,6
13133,6
3434,6
3686,6
4308,6
5667,6
6748,6
10940,6
2691,6
3835,6
7606,6
8279,6
8509,6
8939,6
9462,6
9628,6
10367,6
1194,6
2438,6
3898,6
4195,6
6042,6
6876,6
8954,6
327,6
1576,6
2246,6
3517,6
4348,6
7174,6
8406,6
8688,6
9805,6
11130,6
11763,6
5044,6
8082,6
10822,6
12934,6
2157,6
3092,6
10665,6
10706,6
13553,6
13680,6
189,6
2149,6
2817,6
11148,6
11874,6
3412,6
7886,6
9342,6
523,6
3610,6
4625,6
8267,6
12428,6
903,6
3334,6
3426,6
4770,6
4884,6
7170,6
7278,6
8839,6
10925,6
318,6
3476,6
4907,6
5191,6
10607,6
2589,6
4743,6
6009,6
6029,6
7107,6
10939,6
9,6
552,6
2777,6
3687,6
4511,6
9028,6
1329,6
3658,6
5249,6
5680,6
6703,6
6765,6
7897,6
10425,6
12400,6
13900,6
1778,6
2972,6
6762,6
8533,6
11098,6
12318,6
2205,6
4537,6
5453,6
5829,6
9927,6
11407,6
4889,6
12115,6
498,6
2718,6
3958,6
4115,6
6573,6
7953,6
2080,6
3137,6
3966,6
4412,6
4768,6
4824,6
5709,6
6218,6
7114,6
7444,6
9733,6
11884,6
2716,6
3201,6
4423,6
5331,6
12231,6
12787,6
13233,6
13695,6
742,6
4855,6
6055,6
7714,6
7923,6
8651,6
11061,6
12539,6
14039,6
1945,6
4950,6
7803,6
9602,6
9812,6
12069,6
14059,6
986,6
2338,6
6031,6
6446,6
10448,6
10958,6
13240,6
1727,6
7227,6
9757,6
11749,6
278,6
2991,6
5127,6
7961,6
9792,6
9850,6
9938,6
10617,6
11056,6
12073,6
12950,6
59,6
5363,6
6137,6
8027,6
9004,6
10154,6
10551,6
10850,6
2299,6
5722,6
6212,6
6363,6
8151,6
10464,6
10477,6
12031,6
12100,6
1996,6
3036,6
5369,6
7867,6
10614,6
12197,6
12311,6
1685,6
2933,6
5064,6
8925,6
11010,6
1111,6
2315,6
5076,6
6626,6
8936,6
8952,6
9253,6
9836,6
6063,6
7646,6
7773,6
8847,6
13614,6
1795,6
2912,6
5075,6
5834,6
8479,6
8861,6
12276,6
13899,6
2104,6
8173,6
10619,6
12126,6
824,6
1998,6
3158,6
3543,6
3916,6
4271,6
5218,6
6162,6
12064,6
1233,6
3407,6
4045,6
4150,6
7186,6
7908,6
7909,6
10380,6
11775,6
12152,6
12540,6
13663,6
171,6
2429,6
3331,6
3454,6
4377,6
6408,6
7779,6
10483,6
11309,6
13391,6
1963,6
4594,6
4787,6
4888,6
6456,6
7133,6
12072,6
12335,6
1887,6
4436,6
4780,6
6168,6
7493,6
8434,6
9648,6
10316,6
11554,6
13112,6
13896,6
2590,6
2864,6
4760,6
4778,6
7406,6
9420,6
12136,6
97,6
2194,6
4135,6
4180,6
5053,6
7431,6
7442,6
7937,6
9612,6
11973,6
13173,6
13525,6
693,6
2480,6
3840,6
4123,6
4433,6
4968,6
5362,6
6066,6
6464,6
9229,6
9307,6
9461,6
9819,6
389,6
869,6
1081,6
1905,6
3799,6
4461,6
5563,6
5717,6
11228,6
2853,6
3598,6
4661,6
7044,6
13683,6
3126,6
4022,6
5898,6
6947,6
7694,6
8696,6
9550,6
13943,6
1780,6
2350,6
4164,6
4714,6
5915,6
7397,6
13978,6
361,6
1459,6
4156,6
4676,6
5781,6
12119,6
13041,6
3860,6
4964,6
5113,6
6989,6
9821,6
10149,6
10199,6
11435,6
12628,6
2431,6
3467,6
3644,6
9934,6
10794,6
11698,6
3982,6
4947,6
6432,6
6861,6
8604,6
9201,6
14094,6
2608,6
3131,6
3724,6
6150,6
6206,6
8635,6
9013,6
9887,6
9933,6
10927,6
11251,6
11922,6
12351,6
4456,6
5284,6
6187,6
6767,6
6853,6
8181,6
8660,6
9370,6
10095,6
1918,6
4643,6
5013,6
7674,6
13602,6
13871,6
82,6
510,6
2311,6
2452,6
3692,6
5689,6
7485,6
9685,6
12614,6
12746,6
576,6
945,6
1893,6
2055,6
3480,6
5705,6
9142,6
9486,6
9913,6
2540,6
4233,6
7486,6
7849,6
10594,6
11592,6
12051,6
2578,6
9196,6
9693,6
10327,6
12695,6
14023,6
237,6
1421,6
3438,6
3508,6
5154,6
6129,6
7553,6
12411,6
2552,6
7568,6
7845,6
10125,6
10127,6
10631,6
11938,6
13618,6
3882,6
7013,6
8033,6
8881,6
10490,6
11535,6
1897,6
2260,6
3973,6
5177,6
5762,6
9866,6
1453,6
3265,6
3267,6
3751,6
3906,6
4880,6
9971,6
11867,6
12397,6
12492,6
4998,6
7569,6
8540,6
8745,6
8875,6
11303,6
4231,6
4686,6
4951,6
5253,6
6577,6
10965,6
11987,6
12052,6
1687,6
3868,6
5321,6
5857,6
6000,6
9774,6
10066,6
10920,6
11077,6
11843,6
651,6
1570,6
2165,6
3288,6
1221,6
2749,6
3845,6
4084,6
6875,6
8752,6
11060,6
214,6
710,6
1409,6
4691,6
4792,6
5185,6
8038,6
9449,6
11065,6
11265,6
12938,6
13336,6
1153,6
1327,6
1345,6
2116,6
7808,6
9544,6
12053,6
12083,6
12844,6
941,6
2300,6
5601,6
6944,6
10674,6
13174,6
714,6
1042,6
4753,6
6109,6
6229,6
7115,6
11140,6
287,6
345,6
1792,6
2435,6
8571,6
8889,6
11299,6
767,6
2533,6
5458,6
6979,6
8926,6
9815,6
12380,6
12669,6
13693,6
6796,6
8778,6
12517,6
1014,6
3525,6
3746,6
5429,6
6753,6
8856,6
10622,6
12810,6
1027,6
2195,6
4853,6
7010,6
7848,6
8814,6
11017,6
13522,6
640,6
1237,6
1895,6
2460,6
3540,6
6834,6
7453,6
11881,6
12977,6
12990,6
414,6
608,6
1471,6
2154,6
4410,6
9557,6
1547,6
4189,6
5650,6
8157,6
9960,6
2562,6
6682,6
8685,6
9497,6
6228,6
9905,6
11323,6
12794,6
12939,6
213,6
2253,6
5528,6
7089,6
7697,6
12157,6
13846,6
7149,6
9159,6
9245,6
2893,6
3812,6
4548,6
4657,6
5229,6
7495,6
11173,6
612,6
4785,6
5399,6
8332,6
8772,6
8953,6
10299,6
11044,6
13411,6
5698,6
12514,6
12883,6
13671,6
4360,6
8933,6
11846,6
12594,6
11,6
1859,6
2121,6
3400,6
3550,6
4188,6
4486,6
4706,6
6132,6
6420,6
7830,6
8863,6
8949,6
9331,6
9891,6
10418,6
13658,6
825,6
1129,6
6186,6
9075,6
10301,6
10372,6
10419,6
13107,6
13861,6
14022,6
3358,6
5939,6
7598,6
7913,6
7977,6
11680,6
12220,6
12653,6
1241,6
2353,6
7445,6
10042,6
10089,6
10270,6
1797,6
3604,6
4949,6
5935,6
6862,6
10552,6
13217,6
13540,6
8968,6
9770,6
10158,6
11403,6
12338,6
349,6
424,6
4597,6
7439,6
7807,6
11395,6
12070,6
12604,6
13296,6
965,6
3100,6
3360,6
3785,6
4813,6
8156,6
8797,6
10277,6
11398,6
270,6
2049,6
3535,6
5159,6
6489,6
7557,6
11379,6
12897,6
13808,6
902,6
2617,6
6220,6
7085,6
7882,6
13536,6
42,6
2308,6
4509,6
5141,6
6889,6
7134,6
7959,6
9818,6
9826,6
1328,6
2266,6
3556,6
6883,6
7179,6
10021,6
10256,6
12747,6
1984,6
2166,6
7670,6
9430,6
10741,6
12911,6
4886,6
6926,6
7047,6
7752,6
12547,6
4414,6
8806,6
9228,6
9999,6
10204,6
11530,6
12200,6
1503,6
1981,6
3321,6
4236,6
4679,6
9010,6
9102,6
10386,6
13541,6
13607,6
1986,6
3289,6
4129,6
4146,6
4911,6
9916,6
11853,6
12135,6
2406,6
2557,6
2818,6
3520,6
9912,6
11331,6
11787,6
11993,6
12019,6
14092,6
3048,6
5973,6
6399,6
7015,6
7018,6
7983,6
8908,6
12590,6
4978,6
8114,6
8224,6
9365,6
9773,6
9984,6
10373,6
12945,6
13876,6
405,6
6888,6
9151,6
10842,6
11583,6
11837,6
14055,6
282,6
2949,6
5514,6
7448,6
7829,6
10744,6
10944,6
10970,6
11972,6
2997,6
10288,6
11080,6
11417,6
13178,6
13277,6
1535,6
2017,6
2063,6
2382,6
2448,6
3134,6
4701,6
8315,6
11788,6
1178,6
1309,6
1481,6
2287,6
5019,6
5684,6
7790,6
7904,6
8879,6
9877,6
13515,6
1999,6
2282,6
3555,6
5616,6
5863,6
10546,6
13472,6
13530,6
252,6
1676,6
7141,6
9893,6
10156,6
11100,6
2295,6
2963,6
5441,6
7135,6
8072,6
8618,6
8843,6
9382,6
11855,6
12105,6
1734,6
2658,6
5994,6
6885,6
8214,6
8259,6
9453,6
9457,6
12813,6
2507,6
6735,6
7196,6
7858,6
8796,6
10581,6
11552,6
12021,6
12448,6
13129,6
934,6
1117,6
7869,6
13203,6
483,6
2700,6
3470,6
3870,6
5802,6
6039,6
6590,6
7245,6
7917,6
8831,6
9626,6
9645,6
12074,6
991,6
9082,6
13874,6
5848,6
6484,6
6604,6
10420,6
11926,6
963,6
6496,6
6804,6
12771,6
1882,6
2370,6
3568,6
5133,6
7797,6
10110,6
11860,6
401,6
2555,6
2706,6
3245,6
3668,6
5836,6
6153,6
11660,6
1088,5
2142,5
4101,5
5156,5
7554,5
11033,5
12046,5
13840,5
1522,5
1721,5
1896,5
2235,5
5614,5
6393,5
7168,5
8928,5
9879,5
10121,5
10914,5
516,5
1339,5
2821,5
3000,5
5117,5
8407,5
8924,5
9454,5
2525,5
2721,5
2923,5
3796,5
4684,5
5155,5
5308,5
6361,5
6597,5
6598,5
8109,5
9946,5
10468,5
13916,5
458,5
4383,5
5217,5
5907,5
7333,5
8577,5
8716,5
9403,5
10032,5
10395,5
11352,5
13329,5
14770,5
6552,5
7567,5
7892,5
9575,5
9675,5
472,5
1787,5
2542,5
3306,5
5178,5
8534,5
8857,5
9338,5
3577,5
4167,5
5949,5
6082,5
8145,5
9018,5
14771,5
2564,5
10303,5
12085,5
12401,5
13528,5
593,5
597,5
2835,5
4474,5
5235,5
5916,5
6157,5
11642,5
13288,5
744,5
5827,5
6213,5
7218,5
7865,5
11121,5
12182,5
12384,5
1068,5
2663,5
4132,5
4172,5
4517,5
7103,5
7647,5
8011,5
8429,5
8464,5
12080,5
13594,5
2003,5
2342,5
4992,5
5597,5
5918,5
13220,5
13745,5
13903,5
13960,5
14703,5
847,5
3936,5
5585,5
6664,5
7649,5
8243,5
9293,5
9416,5
10422,5
10994,5
1426,5
4918,5
5152,5
8827,5
9384,5
10075,5
10345,5
14733,5
1510,5
3485,5
6068,5
7531,5
8410,5
10506,5
2962,5
5552,5
7184,5
8126,5
12725,5
4229,5
8210,5
9538,5
9669,5
11081,5
11334,5
11841,5
12868,5
13847,5
914,5
1372,5
3264,5
5965,5
11170,5
11868,5
14720,5
577,5
6488,5
8962,5
9890,5
11675,5
12893,5
2750,5
4830,5
9249,5
9615,5
10565,5
12404,5
1135,5
3017,5
3287,5
3669,5
3922,5
4354,5
6167,5
7962,5
8312,5
9489,5
10487,5
10529,5
11456,5
12806,5
13372,5
13477,5
806,5
1210,5
1771,5
4779,5
5892,5
9016,5
9096,5
10252,5
12148,5
329,5
3972,5
12310,5
15188,5
984,5
1093,5
4144,5
4305,5
5087,5
7005,5
7945,5
9966,5
11249,5
12137,5
12881,5
13694,5
5307,5
8693,5
10570,5
4617,5
4669,5
7504,5
12162,5
12232,5
4014,5
4653,5
6028,5
6746,5
7197,5
8825,5
8888,5
9226,5
9474,5
9657,5
10082,5
12000,5
2113,5
4457,5
9391,5
9393,5
9456,5
9468,5
11350,5
11982,5
12158,5
1565,5
3654,5
6422,5
7446,5
7873,5
13219,5
604,5
1065,5
1125,5
1550,5
4403,5
4429,5
6887,5
6891,5
7683,5
7787,5
9592,5
10469,5
11906,5
12712,5
493,5
3728,5
5568,5
8762,5
12937,5
190,5
3482,5
4386,5
5099,5
6090,5
8526,5
12589,5
13734,5
367,5
2791,5
4882,5
9231,5
12193,5
1197,5
3132,5
4277,5
9311,5
10779,5
12519,5
12875,5
1944,5
2051,5
3818,5
4642,5
5838,5
6504,5
11519,5
12035,5
2398,5
3904,5
7701,5
10889,5
12526,5
13267,5
13643,5
444,5
665,5
1114,5
2582,5
3857,5
4604,5
6076,5
7875,5
9782,5
10421,5
13552,5
14095,5
1694,5
1786,5
4844,5
7488,5
8029,5
11335,5
15186,5
955,5
2647,5
10311,5
10774,5
13093,5
473,5
581,5
912,5
5947,5
7228,5
8523,5
9654,5
9931,5
11766,5
12316,5
12667,5
13868,5
1488,5
4428,5
6366,5
11391,5
1802,5
3819,5
5611,5
7723,5
7887,5
9459,5
10514,5
1,5
206,5
1172,5
4041,5
4931,5
5192,5
5763,5
7042,5
1902,5
4466,5
5950,5
6362,5
8191,5
10485,5
11404,5
992,5
3541,5
5122,5
7140,5
8699,5
8785,5
9983,5
12062,5
2363,5
3192,5
10136,5
10187,5
11793,5
2380,5
6194,5
7855,5
8880,5
10216,5
12780,5
13247,5
13583,5
2956,5
3022,5
5193,5
7285,5
7974,5
9073,5
10918,5
12078,5
12097,5
12576,5
16,5
2210,5
5967,5
8009,5
10562,5
13554,5
2470,5
2520,5
5001,5
6694,5
8338,5
9801,5
9945,5
11553,5
11743,5
11750,5
13314,5
2481,5
3340,5
5004,5
5230,5
7226,5
8818,5
9154,5
10323,5
11709,5
11744,5
12579,5
12850,5
2831,5
5790,5
6840,5
10627,5
12166,5
12955,5
13542,5
470,5
1997,5
3708,5
5520,5
7034,5
8108,5
8578,5
8708,5
11532,5
2193,5
2351,5
5445,5
5914,5
5971,5
6781,5
7128,5
10643,5
11484,5
14070,5
5247,5
6268,5
10036,5
13260,5
7070,5
8903,5
9737,5
9827,5
10847,5
11357,5
11900,5
13514,5
13556,5
15113,5
1455,5
5817,5
5937,5
6239,5
6595,5
7411,5
8055,5
8453,5
9483,5
10549,5
12424,5
13982,5
57,5
5492,5
6002,5
6091,5
6328,5
6734,5
9854,5
11291,5
11637,5
11662,5
11718,5
5948,5
9846,5
13621,5
14746,5
676,5
3388,5
3815,5
7301,5
8992,5
9333,5
10926,5
12801,5
13407,5
120,5
3810,5
5225,5
6656,5
7090,5
7449,5
10297,5
10388,5
11399,5
12929,5
646,5
1665,5
5086,5
5103,5
7524,5
8359,5
9748,5
10557,5
12350,5
1435,5
1551,5
1605,5
3034,5
4043,5
4839,5
9455,5
9895,5
10265,5
1032,5
2477,5
4024,5
5890,5
8321,5
9903,5
14786,5
2602,5
8034,5
9290,5
10751,5
10766,5
11851,5
12515,5
9292,5
9436,5
11242,5
11752,5
3552,5
6710,5
9853,5
10001,5
10190,5
12229,5
4559,5
8490,5
8491,5
8507,5
9630,5
11269,5
11462,5
12013,5
754,5
2742,5
4295,5
4320,5
4962,5
7096,5
7396,5
8884,5
9140,5
11412,5
13442,5
13619,5
13948,5
1541,5
8558,5
8686,5
8894,5
9275,5
9727,5
10417,5
10754,5
11986,5
10363,5
10438,5
11002,5
13869,5
1841,5
3097,5
4262,5
8393,5
8573,5
11545,5
579,5
1299,5
4465,5
5656,5
7465,5
13714,5
504,5
1255,5
2627,5
6367,5
7127,5
7247,5
9768,5
931,5
2041,5
3341,5
3574,5
3675,5
6822,5
7366,5
12297,5
1529,5
2810,5
7097,5
8135,5
10220,5
14069,5
1136,5
2420,5
4629,5
12243,5
4638,5
5220,5
6329,5
8798,5
14217,5
3086,5
6663,5
8083,5
9832,5
10099,5
10109,5
15112,5
1732,5
3766,5
4662,5
5619,5
7093,5
9753,5
12482,5
12959,5
13897,5
775,5
2428,5
7213,5
7764,5
9692,5
13510,5
1286,5
1971,5
8221,5
9322,5
10029,5
12512,5
14082,5
1180,5
4648,5
4864,5
5727,5
6550,5
7428,5
14777,5
4658,5
6314,5
9034,5
10098,5
11782,5
12095,5
12364,5
12648,5
1231,5
2067,5
4296,5
4948,5
5252,5
8715,5
9921,5
10531,5
12697,5
462,5
547,5
1124,5
1271,5
2060,5
3797,5
6277,5
12918,5
12987,5
3671,5
6240,5
10205,5
10772,5
12641,5
3047,5
9130,5
12759,5
13843,5
609,5
1706,5
6841,5
9316,5
9373,5
10475,5
2598,5
3620,5
5945,5
12573,5
1017,5
1969,5
5664,5
5772,5
6106,5
6534,5
7363,5
8296,5
10012,5
10451,5
11590,5
12281,5
13591,5
423,5
3408,5
10743,5
11363,5
1121,5
4447,5
5969,5
7370,5
10687,5
11760,5
11991,5
13007,5
503,5
7767,5
7816,5
8855,5
8966,5
10141,5
1379,5
1384,5
4577,5
5972,5
13238,5
1814,5
2099,5
2442,5
5814,5
6075,5
6818,5
7389,5
9315,5
11199,5
12022,5
12633,5
196,5
2135,5
3129,5
5531,5
7051,5
7086,5
9119,5
9604,5
11567,5
11588,5
11597,5
12493,5
217,5
948,5
1560,5
3422,5
4345,5
6309,5
9431,5
10724,5
11094,5
11561,5
12532,5
13438,5
5938,5
6551,5
8292,5
8300,5
9107,5
9811,5
12581,5
301,5
2402,5
6642,5
7030,5
8738,5
8916,5
8940,5
9582,5
10615,5
11189,5
11509,5
12363,5
4592,5
4721,5
450,5
495,5
2547,5
8866,5
8931,5
9406,5
1256,5
1279,5
1397,5
1989,5
6892,5
9221,5
9868,5
11372,5
4105,5
6198,5
7462,5
9728,5
10255,5
10879,5
14768,5
49,5
1116,5
1717,5
3373,5
5023,5
6170,5
11145,5
14071,5
2436,5
2756,5
4909,5
7561,5
7763,5
9329,5
14705,5
2704,5
6035,5
8874,5
11747,5
12076,5
720,5
1358,5
4892,5
7483,5
11256,5
11832,5
13957,5
314,5
1661,5
1810,5
2083,5
2147,5
2940,5
3319,5
5065,5
5679,5
5730,5
9368,5
1594,5
1716,5
2807,5
5780,5
6346,5
8862,5
10077,5
14021,5
14726,5
273,5
1305,5
2814,5
5050,5
8572,5
277,5
4124,5
8430,5
9959,5
10896,5
1313,5
1840,5
3763,5
5899,5
6087,5
9939,5
11155,5
13606,5
15160,5
6189,5
6331,5
10471,5
11692,5
12887,5
15158,5
543,5
1261,5
1876,5
2751,5
5261,5
5718,5
10093,5
11069,5
11534,5
12942,5
533,5
1006,5
3933,5
6018,5
7805,5
9070,5
9502,5
10599,5
13776,5
1714,5
3537,5
3866,5
6231,5
6869,5
8475,5
9374,5
10150,5
10224,5
10402,5
12098,5
13062,5
2587,5
4026,5
5913,5
7492,5
7976,5
9128,5
11032,5
12002,5
12149,5
3639,5
4752,5
5089,5
5985,5
6147,5
8923,5
10073,5
10662,5
14074,5
907,5
2172,5
3771,5
5853,5
6493,5
10427,5
10553,5
12434,5
13956,5
102,5
1346,5
5469,5
6163,5
6411,5
11529,5
11546,5
658,5
1354,5
1502,5
7440,5
7755,5
8860,5
10528,5
50,5
3168,5
4635,5
7391,5
9132,5
13121,5
13853,5
817,5
3429,5
4340,5
5988,5
10176,5
11602,5
1442,5
10080,5
10408,5
11279,5
11420,5
12537,5
3182,5
3646,5
7069,5
11022,5
11895,5
13863,5
1809,5
1864,5
3393,5
6977,5
7958,5
8143,5
9005,5
9041,5
9962,5
11362,5
11544,5
12569,5
12963,5
14701,5
4879,5
6991,5
8110,5
9332,5
11725,5
12958,5
5280,5
8111,5
8937,5
9036,5
10361,5
11394,5
12305,5
12997,5
15135,5
15153,5
2980,5
3185,5
6867,5
8561,5
8946,5
13788,5
13870,5
3217,5
5020,5
5221,5
7637,5
1556,5
4470,5
5794,5
645,5
7452,5
8369,5
10355,5
160,5
1071,5
1103,5
1501,5
4413,5
4819,5
4915,5
6232,5
13647,5
408,5
3096,5
7548,5
11008,5
125,5
3678,5
3909,5
5904,5
11579,5
12398,5
4747,5
4938,5
6173,5
7512,5
9506,5
10584,5
12672,5
13171,5
1679,5
3564,5
7673,5
10153,5
10404,5
10444,5
11012,5
11019,5
13580,5
15121,5
15122,5
2133,5
4187,5
4493,5
4825,5
14718,5
3848,5
7771,5
8727,5
9975,5
10601,5
13253,5
14078,5
15126,5
2981,5
5181,5
6757,5
5830,5
6845,5
7061,5
7358,5
8188,5
10441,5
11366,5
2955,5
3872,5
8175,5
12058,5
14750,5
492,5
4117,5
5292,5
7630,5
9590,5
10450,5
11040,5
11383,5
11791,5
12071,5
1185,5
6922,5
7610,5
8361,5
10214,5
1168,5
1832,5
3954,5
8512,5
10712,5
11427,5
12811,5
2327,5
6158,5
8031,5
9215,5
9408,5
11783,5
12010,5
12764,5
12800,5
12969,5
1203,5
2389,5
3384,5
3521,5
3945,5
4649,5
5454,5
6625,5
7067,5
9319,5
10139,5
11806,5
12443,5
32,5
5773,5
6808,5
8236,5
9705,5
10704,5
11515,5
1919,5
6817,5
13270,5
14093,5
221,5
457,5
835,5
3788,5
5279,5
8525,5
9542,5
9802,5
9881,5
11277,5
12899,5
13201,5
13592,5
1915,5
6048,5
7003,5
10332,5
11726,5
13532,5
13550,5
5534,5
6021,5
6079,5
6894,5
8978,5
9928,5
11958,5
5739,5
6844,5
7413,5
7828,5
9617,5
11565,5
12403,5
56,5
2093,5
2510,5
9918,5
10226,5
10971,5
14781,5
228,5
3603,5
5104,5
6062,5
6838,5
7619,5
10188,5
10231,5
10466,5
11102,5
12128,5
12657,5
1120,5
1408,5
3559,5
4284,5
6497,5
6566,5
6872,5
7659,5
8136,5
8285,5
10050,5
10621,5
11042,5
11525,5
4616,5
5729,5
7521,5
8301,5
9022,5
10555,5
12483,5
304,5
4789,5
4801,5
5951,5
6044,5
9148,5
10413,5
10428,5
11086,5
14731,5
4257,5
7407,5
8164,5
11542,5
11739,5
13989,5
14256,5
4378,5
6073,5
6451,5
8623,5
9593,5
10630,5
575,5
6324,5
7205,5
7312,5
8470,5
11463,5
12878,5
14087,5
150,5
541,5
1821,5
5654,5
7631,5
9718,5
10521,5
11721,5
12060,5
8898,5
9838,5
11312,5
12061,5
4201,5
6022,5
6191,5
8506,5
13137,5
5098,5
5379,5
6830,5
7021,5
9961,5
10151,5
10987,5
12352,5
2714,5
3808,5
5394,5
5726,5
5902,5
7371,5
2388,5
5351,5
10645,5
11381,5
11474,5
971,5
5297,5
5712,5
6260,5
8370,5
9377,5
12361,5
2538,5
3250,5
3822,5
4434,5
6556,5
7308,5
9160,5
10992,5
13258,5
13560,5
1567,5
1606,5
3881,5
4057,5
4934,5
5293,5
5986,5
9823,5
10335,5
11629,5
506,5
2005,5
7514,5
9876,5
10609,5
11083,5
12377,5
14797,5
2897,5
4901,5
4920,5
5239,5
5703,5
6371,5
6868,5
9796,5
11233,5
13973,5
2624,5
3917,5
7435,5
8343,5
9651,5
10102,5
10274,5
11599,5
1092,5
1557,5
1763,5
6049,5
6355,5
6530,5
7167,5
8535,5
12412,5
294,5
1964,5
5215,5
5987,5
6016,5
7496,5
7778,5
8942,5
9541,5
10250,5
10298,5
10590,5
12477,5
14091,5
118,5
722,5
1373,5
7734,5
9100,5
10160,5
3585,5
5270,5
6151,5
9863,5
9990,5
11769,5
13259,5
14741,5
2883,5
3960,5
9080,5
9428,5
10436,5
11795,5
12151,5
99,5
985,5
5268,5
6123,5
10219,5
12185,5
12317,5
3895,5
4996,5
9112,5
9503,5
10726,5
11963,5
12372,5
66,5
1764,5
4079,5
4730,5
4748,5
5041,5
7410,5
9616,5
10307,5
12809,5
46,5
67,5
6169,5
7946,5
9889,5
13609,5
1534,5
3939,5
7592,5
9438,5
10968,5
2456,5
8148,5
10513,5
11797,5
12018,5
13640,5
3156,5
8265,5
9870,5
11255,5
13265,5
1891,5
3055,5
10076,5
10437,5
11157,5
11813,5
1067,5
1630,5
2340,5
5685,5
8362,5
10624,5
1109,5
4602,5
6424,5
11064,5
11093,5
12164,5
927,5
3705,5
5169,5
8433,5
10399,5
12376,5
13404,5
13487,5
1292,5
1361,5
8918,5
9129,5
9199,5
11758,5
1258,5
3729,5
4196,5
5034,5
7443,5
13613,5
1416,5
1803,5
2265,5
5809,5
6413,5
6485,5
6544,5
6790,5
11827,5
12476,5
5083,5
5107,5
5901,5
6908,5
12250,5
12437,5
12912,5
13628,5
788,5
5403,5
6599,5
7885,5
7888,5
10691,5
12773,5
13557,5
1387,5
2021,5
5289,5
7040,5
7762,5
8437,5
11246,5
12785,5
13817,5
14100,5
208,5
4618,5
5745,5
8282,5
9671,5
11205,5
422,5
2376,5
5806,5
6078,5
6634,5
8054,5
11442,5
11817,5
12160,5
13100,5
463,4
2659,4
7340,4
11141,4
13285,4
13289,4
623,4
1483,4
1990,4
8932,4
10230,4
10462,4
12006,4
13261,4
14075,4
1139,4
2711,4
6482,4
11639,4
13009,4
13483,4
13648,4
14714,4
15173,4
251,4
3986,4
5223,4
7644,4
8911,4
11713,4
2096,4
2833,4
2924,4
3425,4
6301,4
8665,4
8678,4
10788,4
13398,4
13504,4
13795,4
14713,4
14752,4
14779,4
3042,4
6722,4
10257,4
13468,4
15070,4
15146,4
133,4
4799,4
5670,4
5929,4
6376,4
8409,4
8950,4
11550,4
78,4
322,4
4697,4
6142,4
8627,4
10443,4
10558,4
12559,4
14760,4
2971,4
4126,4
4259,4
6108,4
7817,4
1199,4
1743,4
3441,4
5298,4
11452,4
11609,4
12008,4
13046,4
13494,4
1331,4
3843,4
4452,4
4773,4
6754,4
7202,4
8935,4
14064,4
193,4
530,4
6005,4
9641,4
12782,4
14715,4
101,4
1165,4
6419,4
11106,4
11174,4
12127,4
12362,4
15130,4
3026,4
4169,4
5151,4
5452,4
5785,4
7048,4
8352,4
8654,4
8681,4
11234,4
12447,4
436,4
1175,4
4443,4
5936,4
7460,4
7599,4
7935,4
9207,4
10011,4
10295,4
11103,4
11838,4
12030,4
13665,4
13775,4
14056,4
14642,4
14776,4
15096,4
596,4
1415,4
2355,4
4829,4
6667,4
9081,4
10680,4
11124,4
787,4
2349,4
5337,4
6695,4
8915,4
9434,4
12711,4
13052,4
1307,4
2015,4
5663,4
7237,4
9387,4
9909,4
10177,4
12511,4
12705,4
12859,4
13946,4
15071,4
76,4
723,4
4197,4
5642,4
5651,4
8247,4
10544,4
11241,4
14644,4
1634,4
3811,4
8643,4
10228,4
12271,4
12385,4
13038,4
14266,4
2189,4
5024,4
5258,4
7895,4
8997,4
10210,4
10881,4
11426,4
12103,4
12504,4
12731,4
14096,4
159,4
3783,4
7257,4
9716,4
11165,4
2371,4
6949,4
7424,4
9378,4
11367,4
12235,4
12709,4
13426,4
236,4
1873,4
2198,4
3258,4
4240,4
5891,4
8022,4
8391,4
11308,4
12023,4
12429,4
336,4
2409,4
7786,4
7928,4
7940,4
8198,4
8570,4
11736,4
12466,4
1838,4
3037,4
3500,4
4446,4
5003,4
8067,4
9235,4
11151,4
11423,4
12564,4
14669,4
417,4
6852,4
7106,4
7583,4
7856,4
8774,4
10913,4
13431,4
3711,4
6495,4
6880,4
8452,4
13297,4
1290,4
8155,4
8773,4
1249,4
4720,4
4837,4
9674,4
11531,4
12227,4
209,4
1295,4
3200,4
11342,4
11849,4
13228,4
14775,4
4521,4
5660,4
7065,4
7081,4
11135,4
11566,4
11690,4
13746,4
93,4
9878,4
10982,4
12165,4
12777,4
12921,4
13000,4
15061,4
346,4
476,4
4455,4
5524,4
5678,4
5786,4
7293,4
9138,4
9847,4
10495,4
14730,4
654,4
2607,4
2896,4
3222,4
3495,4
7241,4
7758,4
8150,4
8498,4
11927,4
12583,4
13229,4
13279,4
13318,4
13406,4
1207,4
5640,4
9702,4
10344,4
12241,4
13015,4
14291,4
1425,4
4498,4
4698,4
7203,4
9116,4
10079,4
10236,4
10281,4
152,4
671,4
4733,4
5593,4
7119,4
10410,4
10664,4
11252,4
12431,4
12432,4
12513,4
14681,4
2045,4
4185,4
7691,4
11764,4
2219,4
2483,4
3095,4
7607,4
8893,4
10586,4
12045,4
12168,4
13085,4
748,4
1170,4
1590,4
2796,4
4987,4
5315,4
7749,4
9678,4
11805,4
12440,4
14757,4
5306,4
7570,4
11196,4
12123,4
13397,4
13689,4
14020,4
3449,4
6234,4
10348,4
10792,4
11023,4
11382,4
11585,4
12414,4
1516,4
2296,4
3452,4
8943,4
10666,4
12565,4
13596,4
1485,4
3060,4
4312,4
5791,4
5968,4
6318,4
6457,4
7078,4
8176,4
11271,4
12853,4
13887,4
1047,4
2603,4
2637,4
6227,4
6837,4
7769,4
11773,4
2698,4
3058,4
3210,4
4680,4
4775,4
5114,4
6223,4
8531,4
10556,4
10948,4
13533,4
2059,4
4757,4
5144,4
5621,4
10155,4
10639,4
10663,4
11921,4
13424,4
13702,4
13,4
1663,4
2318,4
7084,4
7857,4
8043,4
9328,4
9719,4
9907,4
10019,4
1100,4
5281,4
5398,4
6755,4
7572,4
11030,4
11947,4
14003,4
168,4
5382,4
6359,4
7402,4
9306,4
13545,4
1834,4
4588,4
4738,4
6826,4
11347,4
12015,4
12409,4
12549,4
5862,4
6334,4
7436,4
9099,4
9570,4
10138,4
10247,4
12356,4
12435,4
13581,4
13959,4
164,4
2577,4
4347,4
4729,4
7791,4
7852,4
8666,4
9411,4
9698,4
11138,4
11722,4
12880,4
13384,4
13574,4
13586,4
15114,4
4905,4
5818,4
9923,4
13597,4
13670,4
359,4
2808,4
4352,4
5444,4
5461,4
5577,4
6961,4
8032,4
8761,4
9040,4
9090,4
11549,4
12919,4
881,4
4639,4
6161,4
6992,4
14657,4
14793,4
4504,4
4615,4
8975,4
9079,4
9273,4
9414,4
11580,4
11956,4
2343,4
2885,4
5324,4
6779,4
7669,4
8807,4
11297,4
13271,4
13737,4
2782,4
5274,4
9886,4
11504,4
1069,4
1355,4
6302,4
9896,4
3856,4
4928,4
7952,4
9902,4
11364,4
11648,4
12956,4
13616,4
14662,4
491,4
4425,4
10571,4
10698,4
10875,4
14716,4
2646,4
5638,4
8092,4
10171,4
11206,4
11390,4
13050,4
2535,4
6325,4
10977,4
11108,4
11139,4
12598,4
13287,4
14225,4
15115,4
1835,4
6252,4
6751,4
8311,4
9349,4
9953,4
10846,4
11039,4
1407,4
6098,4
6386,4
11232,4
13807,4
279,4
4703,4
5057,4
7757,4
8829,4
8876,4
10074,4
12423,4
12538,4
13076,4
1748,4
2630,4
3150,4
3750,4
4506,4
4528,4
5826,4
5940,4
6839,4
9060,4
11703,4
19,4
397,4
1856,4
2950,4
4608,4
6700,4
7248,4
8477,4
9301,4
10517,4
10828,4
11990,4
13919,4
14209,4
542,4
1807,4
2218,4
2664,4
2903,4
2994,4
6057,4
7215,4
7401,4
10282,4
11283,4
11740,4
13008,4
13711,4
14724,4
2836,4
4405,4
6581,4
7815,4
9841,4
10459,4
12688,4
13856,4
15049,4
4419,4
7891,4
9343,4
11518,4
1222,4
2891,4
6406,4
11865,4
13418,4
598,4
1166,4
1973,4
3281,4
4134,4
13792,4
14725,4
5291,4
5428,4
6798,4
10292,4
10873,4
9352,4
12120,4
13210,4
845,4
1861,4
4015,4
6646,4
929,4
3824,4
5474,4
5576,4
5675,4
6772,4
7628,4
8865,4
9325,4
11132,4
11411,4
14207,4
14680,4
1750,4
4448,4
4741,4
6582,4
7368,4
8569,4
9423,4
12196,4
13886,4
563,4
849,4
1894,4
2494,4
2794,4
5316,4
8996,4
9350,4
9528,4
9643,4
11082,4
13800,4
14135,4
2764,4
3074,4
4595,4
4847,4
5088,4
8605,4
8840,4
11650,4
11682,4
12109,4
12738,4
13558,4
13562,4
3664,4
6381,4
9204,4
10106,4
10618,4
11188,4
11191,4
12544,4
12986,4
13118,4
13748,4
862,4
1527,4
2413,4
6770,4
6780,4
7022,4
9963,4
11536,4
13687,4
14791,4
37,4
3280,4
5146,4
6105,4
7621,4
9269,4
10225,4
12585,4
14042,4
14751,4
502,4
819,4
4518,4
5618,4
9295,4
11179,4
14014,4
88,4
1725,4
1949,4
4808,4
7614,4
7907,4
9958,4
10472,4
10526,4
10647,4
14780,4
4809,4
5397,4
6358,4
7423,4
7648,4
11869,4
13499,4
13700,4
13857,4
14125,4
14659,4
14782,4
15176,4
3981,4
6797,4
6901,4
8883,4
11153,4
12463,4
2141,4
2654,4
3952,4
4812,4
6709,4
6873,4
7546,4
10003,4
11068,4
14684,4
14708,4
1720,4
2770,4
4633,4
5715,4
6217,4
7095,4
10300,4
2688,4
4480,4
4571,4
5750,4
6768,4
10163,4
10200,4
10246,4
13672,4
14702,4
14747,4
2089,4
6561,4
8075,4
9216,4
10201,4
11689,4
13719,4
13940,4
12242,4
13078,4
13380,4
13435,4
850,4
3433,4
3606,4
3897,4
4578,4
5659,4
5778,4
6190,4
8443,4
583,4
1881,4
2324,4
3900,4
5052,4
5749,4
6332,4
6340,4
7031,4
9432,4
9764,4
10119,4
12518,4
13012,4
13667,4
14072,4
14719,4
14736,4
3139,4
7352,4
8842,4
9943,4
10489,4
10534,4
11263,4
11706,4
13450,4
838,4
1513,4
4133,4
4840,4
5271,4
5558,4
5704,4
6793,4
7686,4
10259,4
10911,4
10956,4
11127,4
834,4
10625,4
11152,4
12110,4
14068,4
14646,4
14665,4
14690,4
884,4
3423,4
5029,4
7344,4
7596,4
11164,4
12786,4
823,4
2081,4
7303,4
9192,4
9237,4
11058,4
11190,4
13364,4
14260,4
2872,4
5561,4
5825,4
6462,4
8272,4
8425,4
8565,4
8868,4
15042,4
15167,4
445,4
1318,4
4573,4
6348,4
7876,4
12198,4
13881,4
2424,4
4160,4
9848,4
13826,4
555,4
2163,4
7804,4
8971,4
11178,4
13806,4
13860,4
14734,4
1022,4
1060,4
2854,4
8122,4
8805,4
12153,4
12488,4
14796,4
176,4
520,4
7011,4
7487,4
8984,4
11856,4
14097,4
14253,4
7,4
162,4
514,4
549,4
1494,4
2832,4
9831,4
11038,4
12251,4
12703,4
13952,4
6224,4
6421,4
7921,4
8454,4
9743,4
14601,4
14778,4
84,4
2865,4
4192,4
7292,4
7378,4
8324,4
13610,4
14792,4
7461,4
8970,4
11724,4
11776,4
1757,4
3765,4
5472,4
8788,4
11129,4
12029,4
14186,4
14739,4
2188,4
4163,4
5976,4
8061,4
8792,4
12545,4
14057,4
4821,4
9037,4
10868,4
11115,4
11449,4
12343,4
12758,4
12927,4
13656,4
14748,4
2434,4
2863,4
3714,4
7334,4
8049,4
9872,4
11031,4
13204,4
69,4
1412,4
1463,4
4997,4
6895,4
10072,4
12392,4
3202,4
3430,4
5063,4
5536,4
6265,4
7054,4
7639,4
8528,4
8607,4
10105,4
11506,4
13096,4
13396,4
2827,4
3656,4
6724,4
11281,4
13234,4
14661,4
2020,4
2919,4
12068,4
12246,4
12334,4
14631,4
63,4
6510,4
7438,4
8066,4
11085,4
11654,4
12150,4
12505,4
982,4
1104,4
4599,4
4894,4
5677,4
7302,4
7841,4
10103,4
11635,4
13090,4
13218,4
13561,4
14651,4
1625,4
2129,4
3633,4
6821,4
7467,4
7690,4
10405,4
10902,4
13750,4
14761,4
1443,4
2120,4
2230,4
5559,4
12176,4
12890,4
13626,4
1765,4
2397,4
3031,4
5174,4
7681,4
8783,4
12302,4
12596,4
14629,4
518,4
1414,4
4605,4
7920,4
10202,4
11254,4
13885,4
404,4
527,4
5776,4
8802,4
8914,4
11200,4
12171,4
13590,4
13741,4
14012,4
3190,4
4491,4
5557,4
5641,4
7954,4
11605,4
12093,4
12874,4
13208,4
2553,4
2986,4
4442,4
4652,4
5832,4
9213,4
9526,4
11163,4
12092,4
13080,4
13770,4
14673,4
15179,4
38,4
2679,4
2737,4
10710,4
12716,4
13513,4
14704,4
1671,4
1760,4
1049,4
1705,4
2958,4
3354,4
4228,4
5366,4
6353,4
12036,4
12138,4
12417,4
14754,4
14763,4
4790,4
7316,4
8694,4
8791,4
9440,4
11118,4
11576,4
13113,4
73,4
591,4
2114,4
2270,4
3318,4
3351,4
6587,4
6593,4
7027,4
9635,4
9837,4
11387,4
12218,4
13394,4
895,4
1492,4
1941,4
5323,4
9222,4
14636,4
9214,4
9911,4
11720,4
818,4
5629,4
6263,4
8056,4
11349,4
12283,4
13274,4
2846,4
3437,4
3842,4
5128,4
6287,4
6957,4
7332,4
9929,4
11386,4
12856,4
12902,4
13502,4
4654,4
8118,4
8331,4
8508,4
9899,4
10474,4
10770,4
11495,4
13929,4
156,4
2812,4
3591,4
5197,4
6973,4
7201,4
8725,4
9546,4
10279,4
12369,4
13937,4
143,4
1336,4
2820,4
3828,4
9251,4
9830,4
10830,4
2217,4
5045,4
7826,4
9085,4
9263,4
11104,4
11653,4
13666,4
3136,4
4499,4
5888,4
8817,4
8878,4
9605,4
10763,4
11384,4
12009,4
12049,4
12454,4
464,4
6377,4
9003,4
9248,4
11216,4
11329,4
12858,4
5822,4
7276,4
8026,4
9200,4
13246,4
550,4
1648,4
7024,4
7075,4
8060,4
8555,4
8676,4
9407,4
11169,4
12396,4
13777,4
1179,4
2449,4
3063,4
1131,4
1140,4
6569,4
9219,4
9530,4
11079,4
11433,4
11510,4
11976,4
13866,4
4699,4
5784,4
5974,4
8182,4
9210,4
12872,4
790,4
4619,4
8041,4
9337,4
9917,4
990,4
1284,4
2132,4
4114,4
4392,4
7394,4
8310,4
8854,4
8858,4
11830,4
12730,4
14767,4
1937,4
4050,4
4835,4
6259,4
6648,4
8669,4
9555,4
10164,4
10832,4
11161,4
11516,4
12618,4
14756,4
5783,4
6909,4
7878,4
10805,4
13184,4
13608,4
14626,4
1515,4
2421,4
6383,4
10504,4
11505,4
12294,4
151,4
1579,4
5068,4
6274,4
7079,4
12642,4
13266,4
13385,4
13747,4
1440,4
2670,4
4834,4
6296,4
6341,4
8600,4
11538,4
12272,4
13567,4
14772,4
488,4
1707,4
2978,4
3487,4
3614,4
9170,4
9633,4
10593,4
11313,4
12096,4
12499,4
13332,4
13383,4
1040,4
2283,4
4411,4
5550,4
7702,4
9260,4
10055,4
11009,4
12668,4
1585,4
2506,4
9412,4
9965,4
11245,4
12458,4
8357,4
13534,4
1953,4
4971,4
5263,4
6723,4
6928,4
11619,4
13402,4
6298,4
7421,4
7695,4
7939,4
11339,4
11457,4
12043,4
12685,4
13506,4
14026,4
14288,4
14639,4
14727,4
105,4
1553,4
1744,4
2103,4
5570,4
7412,4
8404,4
9681,4
12900,4
14795,4
837,4
2126,4
2332,4
5236,4
5349,4
6038,4
9011,4
9785,4
11348,4
12588,4
872,4
1852,4
3428,4
5244,4
5299,4
8179,4
9762,4
11621,4
14614,4
11217,4
12016,4
12920,4
68,4
567,4
2360,4
2474,4
5070,4
7960,4
10717,4
11738,4
12387,4
12826,4
12886,4
561,4
2028,4
4183,4
10499,4
10775,4
11634,4
11802,4
7329,4
8934,4
9289,4
9976,4
12202,4
317,4
600,4
10258,4
3623,4
6661,4
7091,4
7235,4
8586,4
9218,4
11591,4
11799,4
13039,4
13535,4
13617,4
454,4
832,4
1018,4
2179,4
6955,4
7708,4
8938,4
10222,4
10738,4
11109,4
11460,4
11733,4
14024,4
14762,4
2416,4
7839,4
9797,4
10659,4
14053,4
14691,4
14738,4
3946,4
8813,4
9243,4
13304,4
13587,4
14749,4
466,4
566,4
2493,4
7471,4
9772,4
10123,4
12038,4
12619,4
13970,4
14759,4
765,4
5820,4
6603,4
9398,4
12584,4
13603,4
13771,4
15180,4
1761,4
2419,4
4883,4
5228,4
5512,4
8168,4
8444,4
12239,4
12572,4
5115,4
7045,4
7056,4
7916,4
8582,4
8991,4
9136,4
9986,4
14007,4
2144,4
3732,4
4622,4
5617,4
6596,4
7356,4
7577,4
8097,4
10999,4
11338,4
11392,4
12521,4
573,4
4128,4
5208,4
5535,4
6269,4
7025,4
10821,4
10843,4
13280,4
13760,4
3951,4
7863,4
9220,4
11614,4
12498,4
13639,4
1402,4
2461,4
3225,4
6704,4
9808,4
10547,4
13520,4
1805,4
4218,4
6130,4
9032,4
10429,4
11172,4
13400,4
14261,4
1090,4
2566,4
5326,4
8077,4
11160,4
12181,4
12468,4
5256,4
5537,4
6611,4
6727,4
9266,4
10890,4
14692,4
5242,4
8859,4
9496,4
10814,4
11131,4
11702,4
12898,4
13273,4
14728,4
1851,4
2008,4
5413,4
6423,4
10120,4
12599,4
616,4
2621,4
6546,4
6673,4
7905,4
9124,4
9304,4
9865,4
9869,4
10038,4
13604,4
15090,4
1584,4
5134,4
5170,4
5296,4
6427,4
8382,4
8955,4
10693,4
14009,4
1776,4
6828,4
9897,4
12413,4
13445,4
14650,4
3221,4
5753,4
6233,4
8275,4
12438,4
15193,4
144,4
3949,4
6058,4
6916,4
8974,4
11128,4
12121,4
12255,4
13835,4
14707,4
1174,4
3853,4
8518,4
8897,4
11864,4
12314,4
12982,4
13813,4
14693,4
14769,4
15056,4
1768,4
2066,4
3831,4
5908,4
6527,4
7390,4
10853,4
11499,4
12177,4
13612,4
74,4
2377,4
5673,4
7729,4
9851,4
11150,4
12206,4
13284,4
13480,4
656,4
2118,4
2140,4
5565,4
8394,4
9799,4
12701,4
13642,4
13736,4
1857,4
4367,4
6025,4
10488,4
10936,4
12793,4
2643,4
2730,4
5833,4
6799,4
8345,4
10878,4
13262,4
3696,4
6794,4
8559,4
10262,4
8543,4
11122,4
11969,4
13420,4
13526,4
14712,4
14787,4
3053,4
3836,4
4585,4
5125,4
5391,4
6477,4
6490,4
11292,4
14744,4
2366,3
5300,3
6397,3
6466,3
6654,3
7880,3
7982,3
8086,3
9852,3
9900,3
11317,3
11458,3
12027,3
12799,3
11710,3
13622,3
14465,3
14514,3
14536,3
3704,3
3761,3
6266,3
6559,3
11800,3
13601,3
13910,3
15207,3
2748,3
4186,3
4937,3
10745,3
10768,3
11146,3
65,3
3834,3
7152,3
9153,3
10527,3
10567,3
11520,3
12607,3
13765,3
13923,3
5527,3
7109,3
9344,3
12694,3
4859,3
5061,3
6557,3
7206,3
7736,3
9475,3
10013,3
10882,3
11287,3
14030,3
6378,3
9731,3
9925,3
11024,3
12723,3
15157,3
15161,3
15348,3
4725,3
7169,3
14058,3
4762,3
4923,3
7092,3
7132,3
12007,3
13516,3
14658,3
15191,3
2606,3
2739,3
8423,3
9492,3
13751,3
642,3
6124,3
6204,3
7587,3
11333,3
11835,3
12494,3
12566,3
12755,3
1745,3
8442,3
8776,3
14501,3
1259,3
1869,3
10587,3
11286,3
11541,3
11672,3
13027,3
13054,3
14554,3
14558,3
1441,3
1496,3
4958,3
7522,3
9450,3
11237,3
11558,3
12077,3
14367,3
1621,3
2583,3
7501,3
13104,3
13166,3
13676,3
14647,3
2682,3
4107,3
4848,3
8008,3
9113,3
11125,3
12117,3
12191,3
15138,3
15332,3
1708,3
2094,3
6288,3
10020,3
12926,3
667,3
4256,3
5040,3
5562,3
7351,3
12601,3
13051,3
14783,3
26,3
27,3
626,3
1235,3
6473,3
8864,3
12087,3
2047,3
3072,3
8053,3
10063,3
11258,3
11777,3
12659,3
12662,3
12951,3
15345,3
1875,3
6988,3
7225,3
7732,3
7901,3
8815,3
9038,3
11076,3
11374,3
11801,3
12882,3
13401,3
13713,3
2809,3
4547,3
8568,3
12067,3
12509,3
12895,3
460,3
2069,3
3456,3
5142,3
6110,3
6128,3
8899,3
9254,3
10800,3
11543,3
12293,3
14317,3
15111,3
12,3
3207,3
8184,3
9297,3
11950,3
12761,3
14523,3
14587,3
2006,3
2680,3
6671,3
7055,3
8287,3
8306,3
8723,3
8828,3
9741,3
9825,3
12722,3
4873,3
6440,3
6717,3
12489,3
13248,3
15357,3
1564,3
6650,3
7032,3
9236,3
12708,3
13488,3
14531,3
15053,3
1457,3
2961,3
3450,3
12713,3
12744,3
13399,3
13589,3
14588,3
14606,3
1804,3
3673,3
10006,3
11117,3
15364,3
1469,3
5320,3
8486,3
10084,3
10671,3
12797,3
13132,3
14051,3
14112,3
1176,3
7058,3
7265,3
7847,3
8264,3
11226,3
13275,3
14013,3
15163,3
15206,3
3884,3
6924,3
7284,3
8872,3
9578,3
14774,3
539,3
725,3
1588,3
2757,3
6744,3
11159,3
12749,3
13575,3
13895,3
14088,3
1785,3
5655,3
8166,3
10269,3
10648,3
13661,3
2823,3
5090,3
7171,3
13257,3
13829,3
14089,3
1899,3
4507,3
5335,3
10885,3
12034,3
13024,3
13698,3
13757,3
14591,3
6139,3
6536,3
6917,3
10208,3
10903,3
11289,3
11882,3
13489,3
13783,3
14717,3
185,3
5129,3
11707,3
14648,3
14706,3
15339,3
15393,3
5285,3
7519,3
7642,3
11330,3
11397,3
11616,3
12391,3
13951,3
14580,3
14596,3
14628,3
5245,3
6618,3
11310,3
3927,3
4111,3
4174,3
12042,3
12125,3
12828,3
12834,3
13168,3
13518,3
15002,3
4842,3
7472,3
10131,3
12044,3
12259,3
14600,3
3125,3
6230,3
6313,3
6387,3
8637,3
11168,3
12186,3
12671,3
13316,3
13743,3
297,3
777,3
6221,3
7468,3
8205,3
12966,3
14144,3
15076,3
1546,3
5097,3
5599,3
11573,3
12054,3
12638,3
13428,3
2989,3
3474,3
4325,3
5000,3
5077,3
5588,3
8449,3
12025,3
12075,3
1137,3
4936,3
5649,3
9158,3
9888,3
14547,3
3786,3
6714,3
7615,3
8144,3
8537,3
11741,3
13469,3
13690,3
13801,3
14542,3
15044,3
6244,3
10835,3
11306,3
13659,3
13674,3
15151,3
15171,3
5234,3
9519,3
12066,3
12644,3
12871,3
13154,3
14408,3
15280,3
3,3
1749,3
2877,3
4806,3
5357,3
6219,3
7564,3
9176,3
11845,3
14735,3
1934,3
2852,3
3893,3
5381,3
5871,3
7824,3
12481,3
13180,3
13300,3
13459,3
3314,3
3667,3
3983,3
4681,3
7208,3
12863,3
13073,3
13768,3
14156,3
1349,3
12762,3
13239,3
2736,3
3419,3
4644,3
5338,3
5485,3
6275,3
6756,3
7046,3
7178,3
11264,3
11470,3
12107,3
12974,3
13047,3
13633,3
14675,3
15311,3
3625,3
5373,3
6172,3
7009,3
8680,3
12081,3
12651,3
13242,3
13652,3
14025,3
14510,3
402,3
5591,3
7981,3
12562,3
12904,3
13650,3
14004,3
14649,3
14799,3
3489,3
8532,3
9272,3
10260,3
10579,3
12012,3
12821,3
13094,3
14524,3
14533,3
3613,3
5541,3
7177,3
8274,3
10851,3
11181,3
11732,3
12104,3
306,3
3996,3
5507,3
6472,3
6738,3
6846,3
7739,3
8416,3
8611,3
9241,3
9614,3
13345,3
13688,3
13722,3
13914,3
14548,3
1781,3
2779,3
6216,3
9008,3
12122,3
12134,3
12909,3
1847,3
2618,3
4557,3
5039,3
6403,3
12037,3
13057,3
13460,3
14541,3
96,3
776,3
6520,3
7102,3
8440,3
8481,3
9047,3
9844,3
12140,3
13065,3
3458,3
3683,3
5036,3
6436,3
8455,3
10197,3
11771,3
12257,3
12751,3
12830,3
13256,3
13443,3
13629,3
4508,3
6676,3
7157,3
11116,3
12290,3
13452,3
13493,3
13884,3
268,3
1711,3
4244,3
7037,3
7223,3
11029,3
12702,3
12767,3
13291,3
14645,3
15038,3
15400,3
1010,3
5625,3
7158,3
12457,3
12613,3
13927,3
14586,3
15327,3
5360,3
8340,3
9655,3
12495,3
13016,3
14800,3
3138,3
3457,3
8124,3
8760,3
11320,3
11560,3
13146,3
15394,3
4961,3
6401,3
7651,3
8648,3
9012,3
11344,3
12108,3
12331,3
12630,3
13703,3
15110,3
15374,3
1227,3
7566,3
7664,3
7715,3
12836,3
13250,3
14499,3
14584,3
1497,3
1751,3
6379,3
12199,3
13577,3
13707,3
14281,3
1478,3
6103,3
9469,3
9814,3
14264,3
14671,3
6185,3
6351,3
7933,3
10108,3
13381,3
13677,3
15196,3
8620,3
12307,3
12946,3
12992,3
13615,3
13767,3
2847,3
3256,3
4276,3
4902,3
6562,3
9948,3
9982,3
10426,3
11343,3
12357,3
14709,3
5870,3
6179,3
7249,3
8002,3
8244,3
9203,3
11875,3
12147,3
12446,3
12706,3
13134,3
15336,3
4145,3
7957,3
11568,3
13681,3
14037,3
14610,3
15183,3
112,3
1793,3
5861,3
6195,3
6279,3
7541,3
10026,3
10606,3
12065,3
12161,3
13200,3
14578,3
15023,3
4885,3
5329,3
6514,3
12525,3
12766,3
1091,3
3262,3
14516,3
15174,3
4238,3
10142,3
10942,3
13996,3
179,3
3723,3
3832,3
7012,3
12028,3
13028,3
13108,3
13486,3
14788,3
2703,3
3717,3
4999,3
5851,3
10291,3
14505,3
5288,3
11177,3
12174,3
12265,3
12665,3
13732,3
14067,3
197,3
531,3
5598,3
6392,3
8713,3
9845,3
10906,3
13091,3
1216,3
3697,3
4545,3
6631,3
9447,3
12234,3
13190,3
13678,3
13728,3
619,3
3501,3
6540,3
9425,3
9807,3
10669,3
12742,3
13048,3
13433,3
13824,3
15350,3
1123,3
3562,3
8632,3
9452,3
9458,3
11821,3
12615,3
3051,3
4589,3
5348,3
8087,3
8104,3
11385,3
11761,3
13153,3
15343,3
538,3
2048,3
13804,3
14255,3
6463,3
12079,3
14295,3
14672,3
175,3
1159,3
2029,3
8447,3
8756,3
9224,3
9299,3
11110,3
11780,3
14605,3
1161,3
5532,3
7688,3
7781,3
10637,3
15317,3
1519,3
1589,3
1815,3
3499,3
5264,3
6354,3
11301,3
12379,3
12696,3
13551,3
14512,3
2304,3
2356,3
3854,3
5032,3
12655,3
13740,3
14520,3
14607,3
15154,3
15178,3
2584,3
6360,3
6429,3
6539,3
7973,3
9417,3
12736,3
2369,3
5317,3
6156,3
6433,3
7130,3
7689,3
10237,3
12621,3
13686,3
14573,3
15308,3
3647,3
3710,3
5856,3
6405,3
6657,3
7388,3
9467,3
10765,3
307,3
326,3
3326,3
4290,3
5600,3
5840,3
6739,3
11428,3
220,3
6564,3
6771,3
7984,3
8079,3
9967,3
10930,3
12663,3
12772,3
12838,3
13507,3
3170,3
5049,3
6280,3
7360,3
7750,3
9173,3
12086,3
13283,3
8,3
6026,3
8309,3
9806,3
10133,3
10381,3
11222,3
12595,3
12606,3
14048,3
14635,3
14794,3
1385,3
6965,3
7574,3
11523,3
14683,3
15131,3
39,3
981,3
8820,3
10137,3
14602,3
14678,3
15079,3
1754,3
3756,3
4252,3
4334,3
5542,3
7947,3
7966,3
13074,3
13135,3
13662,3
14695,3
2034,3
7377,3
7819,3
8154,3
8583,3
12059,3
13083,3
13729,3
14539,3
14737,3
2677,3
7199,3
7985,3
8081,3
10673,3
11836,3
12676,3
13115,3
13286,3
13710,3
1601,3
3496,3
3628,3
12464,3
12568,3
13025,3
14076,3
14682,3
691,3
3427,3
6312,3
6859,3
9023,3
10781,3
13646,3
15120,3
1596,3
6713,3
8170,3
10634,3
1195,3
7146,3
7978,3
8675,3
9211,3
12625,3
14697,3
15142,3
51,3
2884,3
2921,3
3803,3
4804,3
7035,3
13457,3
13705,3
14187,3
5400,3
7052,3
8530,3
13064,3
13151,3
166,3
1910,3
6211,3
6448,3
6788,3
6925,3
8356,3
11375,3
11670,3
12728,3
15166,3
15396,3
2394,3
2585,3
6214,3
6389,3
6470,3
9559,3
11389,3
13011,3
15375,3
1690,3
3715,3
5523,3
8334,3
8469,3
8549,3
9262,3
10677,3
11288,3
11822,3
13715,3
14566,3
15185,3
2800,3
6856,3
8550,3
9882,3
13709,3
15140,3
635,3
2850,3
3417,3
4206,3
6789,3
6997,3
9979,3
11967,3
12645,3
13189,3
13367,3
13479,3
14509,3
15392,3
4140,3
5407,3
8626,3
12178,3
14503,3
3386,3
6200,3
6374,3
6728,3
9778,3
9880,3
9883,3
10343,3
10400,3
12433,3
12779,3
14227,3
14653,3
15030,3
15373,3
1098,3
5506,3
8366,3
8522,3
11507,3
12689,3
13086,3
14623,3
15381,3
2641,3
7100,3
7125,3
7536,3
12450,3
12710,3
14203,3
14559,3
14663,3
1660,3
4890,3
5305,3
6517,3
6669,3
7932,3
8431,3
9401,3
12790,3
13475,3
13632,3
14604,3
267,3
2671,3
4759,3
6144,3
8379,3
2309,3
3014,3
4959,3
5839,3
9448,3
10787,3
12560,3
14492,3
14581,3
1039,3
1110,3
4579,3
8580,3
10129,3
13971,3
14259,3
261,3
4525,3
4763,3
6225,3
6513,3
6726,3
9172,3
9415,3
12760,3
12783,3
14169,3
4225,3
6034,3
6320,3
7534,3
13059,3
13419,3
3478,3
4103,3
5262,3
11628,3
13222,3
14226,3
14521,3
12714,3
12778,3
13664,3
14441,3
15124,3
15168,3
15306,3
5108,3
8070,3
12774,3
14251,3
15165,3
1543,3
3719,3
5849,3
8913,3
9020,3
9122,3
9375,3
10233,3
11574,3
12133,3
12720,3
14519,3
14633,3
2899,3
4048,3
4216,3
5415,3
8018,3
11318,3
13484,3
13727,3
5893,3
7698,3
8129,3
8459,3
12048,3
12124,3
12470,3
1003,3
5273,3
6644,3
7049,3
8819,3
9580,3
11351,3
11772,3
12156,3
12707,3
12923,3
13697,3
14563,3
14765,3
14784,3
1799,3
4250,3
7263,3
10696,3
11620,3
15310,3
3391,3
4471,3
4704,3
6806,3
10159,3
12684,3
13444,3
14390,3
14459,3
14677,3
1610,3
3530,3
4705,3
4708,3
5224,3
7751,3
8064,3
9534,3
9682,3
11551,3
13252,3
13631,3
14412,3
14590,3
1784,3
4887,3
6290,3
11582,3
13131,3
14446,3
14498,3
14562,3
15181,3
29,3
390,3
2948,3
7419,3
8028,3
9257,3
10603,3
11622,3
12741,3
526,3
3189,3
4878,3
5475,3
9183,3
11167,3
12180,3
12784,3
13831,3
15136,3
653,3
6461,3
7322,3
7405,3
7675,3
7738,3
12739,3
13079,3
13559,3
13865,3
13918,3
1552,3
3878,3
12789,3
1239,3
3775,3
5085,3
8567,3
10974,3
11319,3
12646,3
13463,3
13762,3
13769,3
13787,3
14374,3
15335,3
678,3
1450,3
2615,3
6281,3
7219,3
7936,3
7988,3
14515,3
14544,3
4908,3
5241,3
8734,3
13245,3
14755,3
15036,3
1593,3
3767,3
5567,3
8636,3
3009,3
5384,3
7478,3
7871,3
9892,3
11663,3
11848,3
12017,3
12033,3
13537,3
14549,3
14667,3
2098,3
3684,3
3804,3
5091,3
5202,3
6417,3
6586,3
6761,3
7525,3
9747,3
12699,3
12753,3
12781,3
13033,3
14595,3
630,3
9952,3
11970,3
12099,3
12792,3
13446,3
15182,3
2317,3
3082,3
3781,3
5184,3
5502,3
6183,3
7687,3
8100,3
8487,3
12247,3
13142,3
14599,3
4558,3
6791,3
9339,3
10041,3
10608,3
11220,3
12718,3
13796,3
14612,3
14758,3
15341,3
1577,3
3143,3
3494,3
3915,3
7337,3
13167,3
13692,3
14560,3
5017,3
5248,3
8162,3
8670,3
10126,3
11337,3
13227,3
13593,3
14710,3
4750,3
5889,3
6253,3
11533,3
13410,3
13448,3
13649,3
1623,3
1854,3
3879,3
4298,3
8816,3
9093,3
13490,3
13673,3
15155,3
303,3
426,3
1105,3
7357,3
7622,3
7992,3
8192,3
9284,3
12427,3
12721,3
13309,3
702,3
5135,3
5687,3
8346,3
11087,3
12636,3
12930,3
13002,3
14545,3
14745,3
668,3
1758,3
8493,3
11575,3
12405,3
14664,3
7339,3
7588,3
9658,3
10588,3
11570,3
11842,3
12094,3
14142,3
1880,3
2632,3
3736,3
4328,3
5666,3
6742,3
7277,3
11540,3
12683,3
13495,3
2058,3
8850,3
12647,3
13725,3
14168,3
413,3
8071,3
8853,3
11195,3
11596,3
12658,3
13138,3
13742,3
14200,3
106,3
2917,3
6094,3
6785,3
13538,3
14285,3
14537,3
3630,3
5607,3
6119,3
7063,3
10273,3
10922,3
11731,3
12145,3
12833,3
13353,3
13660,3
7518,3
9708,3
9729,3
10981,3
11786,3
12866,3
13393,3
13519,3
14517,3
14621,3
14698,3
15316,3
1672,3
1680,3
7287,3
9484,3
11768,3
13585,3
15137,3
15271,3
1285,3
4800,3
10707,3
11425,3
11887,3
123,3
342,3
373,3
6192,3
7050,3
7929,3
13699,3
15328,3
4863,3
6174,3
7315,3
9308,3
9485,3
9849,3
11336,3
12091,3
12788,3
13021,3
13197,3
2762,3
3355,3
7256,3
8575,3
9149,3
10695,3
11053,3
11325,3
13491,3
14789,3
15147,3
15272,3
909,3
1141,3
3103,3
3160,3
5168,3
6395,3
7016,3
9803,3
10047,3
10337,3
11097,3
14090,3
201,3
4906,3
6196,3
9104,3
11112,3
11678,3
13005,3
13031,3
13293,3
14481,3
14674,3
3130,3
4532,3
4833,3
6316,3
6330,3
6502,3
9180,3
9261,3
10491,3
10888,3
12924,3
14729,3
15144,3
15148,3
1839,3
2593,3
3984,3
9424,3
10924,3
14401,3
15318,3
357,3
4836,3
6842,3
12183,3
12554,3
12603,3
12932,3
13972,3
15037,3
1885,3
3617,3
4422,3
5493,3
7965,3
11345,3
12503,3
14239,3
14742,3
1193,3
2661,3
8891,3
10598,3
11705,3
14632,3
14721,3
3110,3
6297,3
11789,3
13555,3
13653,3
14622,3
14790,3
30,3
5294,3
5646,3
10305,3
11219,3
12798,3
14773,3
15177,3
4289,3
8812,3
10688,3
11302,3
12223,3
13037,3
13202,3
13754,3
14670,3
15170,3
7137,3
7464,3
8000,3
9694,3
13582,3
4974,3
10278,3
11891,3
13130,3
13269,3
13932,3
535,3
1870,3
4039,3
7893,3
7991,3
8377,3
10636,3
11197,3
12527,3
12855,3
15376,3
964,3
4207,3
4265,3
4596,3
13363,3
14711,3
14766,3
3605,3
5517,3
6373,3
6871,3
13084,3
14294,3
2381,3
6699,3
7224,3
12732,3
12733,3
13539,3
14723,3
1862,3
2815,3
3838,3
12502,3
13243,3
14118,3
4986,3
5622,3
9788,3
10929,3
11899,3
12754,3
13611,3
14229,3
15248,3
2830,3
7255,3
7399,3
7760,3
9437,3
13192,3
14668,3
14732,3
1741,3
3769,3
4549,3
5831,3
6118,3
9250,3
10192,3
14593,3
1713,3
3583,3
5582,3
7927,3
8319,3
8603,3
9208,3
10642,3
11340,3
104,3
8278,3
8439,3
10678,3
14325,3
4214,3
4797,3
6131,3
8096,3
13798,3
14611,3
2733,3
7129,3
9843,3
13679,3
14479,3
617,3
4232,3
6117,3
7385,3
8527,3
11831,3
12795,3
1217,3
1277,3
2086,3
2558,3
3712,3
3778,3
8414,3
10064,3
10941,3
12205,3
12973,3
3406,3
3825,3
4173,3
5581,3
6721,3
7999,3
12285,3
496,2
1959,2
2866,2
4519,2
4935,2
7993,2
8638,2
10623,2
11748,2
14570,2
858,2
1127,2
1395,2
2999,2
2393,2
3213,2
3352,2
5173,2
12139,2
13060,2
13875,2
14289,2
15162,2
808,2
9071,2
11630,2
12292,2
13188,2
13508,2
15382,2
2622,2
3377,2
6500,2
6934,2
9597,2
9647,2
13225,2
14660,2
4477,2
5110,2
12264,2
3062,2
5140,2
8612,2
8640,2
10611,2
12260,2
13544,2
14245,2
14284,2
7912,2
10532,2
11894,2
12118,2
12344,2
12757,2
14532,2
4119,2
8628,2
9488,2
12523,2
13214,2
15164,2
976,2
9730,2
11589,2
12336,2
13003,2
13172,2
13915,2
13967,2
7359,2
10715,2
13720,2
13994,2
34,2
1924,2
11346,2
12179,2
13170,2
2771,2
2907,2
7173,2
11708,2
14101,2
15116,2
3008,2
3313,2
5254,2
8325,2
10272,2
11912,2
13109,2
13726,2
13904,2
14525,2
15398,2
3841,2
8478,2
10254,2
12055,2
2044,2
4155,2
4826,2
8090,2
8395,2
8500,2
10580,2
12453,2
12548,2
12913,2
13415,2
13738,2
13836,2
13873,2
15105,2
842,2
5188,2
6476,2
8809,2
12102,2
13139,2
14496,2
6300,2
9029,2
12597,2
15132,2
15370,2
1480,2
3013,2
8417,2
10861,2
12187,2
12575,2
2023,2
7116,2
9120,2
11133,2
11638,2
12329,2
13409,2
13497,2
13524,2
13992,2
15203,2
3387,2
10732,2
11547,2
13730,2
14375,2
15363,2
2738,2
3069,2
5214,2
6391,2
6491,2
7250,2
7290,2
9147,2
9787,2
9842,2
12347,2
13811,2
14439,2
1148,2
3010,2
9126,2
10094,2
11604,2
13584,2
14128,2
14292,2
4368,2
7311,2
11598,2
13547,2
973,2
5322,2
12652,2
13101,2
13191,2
14036,2
2920,2
3083,2
3325,2
4033,2
6970,2
8133,2
10135,2
10285,2
12536,2
13117,2
13125,2
13290,2
13766,2
13958,2
15152,2
15386,2
4910,2
8318,2
11517,2
14041,2
14151,2
1978,2
2022,2
6792,2
11608,2
13122,2
1582,2
5190,2
6178,2
8655,2
10600,2
14032,2
14364,2
15305,2
15359,2
1324,2
4323,2
7216,2
8186,2
9861,2
13098,2
13975,2
13988,2
14422,2
14507,2
128,2
1731,2
4788,2
5213,2
6273,2
6337,2
8473,2
12980,2
13965,2
122,2
6467,2
7731,2
7989,2
9341,2
11584,2
12321,2
13517,2
15330,2
924,2
1633,2
3390,2
4727,2
5633,2
12972,2
13921,2
13983,2
861,2
1061,2
4426,2
12467,2
12666,2
13034,2
13236,2
13531,2
13879,2
13993,2
15013,2
15388,2
4568,2
5102,2
5346,2
6607,2
12556,2
12580,2
14210,2
14257,2
14743,2
1939,2
2638,2
3045,2
5388,2
6115,2
6690,2
8619,2
8663,2
8849,2
9110,2
12459,2
13357,2
15333,2
15347,2
8646,2
11931,2
14571,2
15190,2
3721,2
4327,2
5309,2
8138,2
8207,2
12765,2
14214,2
353,2
2616,2
3379,2
10342,2
10518,2
10589,2
12421,2
13655,2
14202,2
14618,2
14785,2
15365,2
2339,2
5365,2
6712,2
11113,2
13717,2
14278,2
14540,2
3073,2
6637,2
7944,2
9001,2
9603,2
10583,2
10932,2
13521,2
14676,2
1304,2
4766,2
6384,2
7221,2
7990,2
8770,2
9323,2
9625,2
11321,2
12056,2
12167,2
12791,2
13106,2
14065,2
3826,2
4515,2
8610,2
11625,2
15059,2
15304,2
4311,2
7143,2
11996,2
12768,2
14195,2
14205,2
14470,2
1683,2
6766,2
13470,2
13858,2
3006,2
5255,2
6498,2
6563,2
9105,2
9722,2
10540,2
11641,2
11785,2
11854,2
12360,2
12529,2
14010,2
15355,2
4093,2
6537,2
9164,2
11539,2
12306,2
12461,2
14338,2
6543,2
7500,2
7925,2
11144,2
12936,2
13067,2
13123,2
13529,2
13712,2
13779,2
13991,2
14290,2
6282,2
9695,2
10511,2
10915,2
10973,2
12114,2
12719,2
13120,2
474,2
8199,2
9312,2
12106,2
13880,2
14052,2
14150,2
15145,2
15238,2
887,2
1952,2
4570,2
5158,2
10505,2
13784,2
13794,2
15128,2
15307,2
178,2
1380,2
11512,2
11828,2
13675,2
13749,2
15200,2
2040,2
3890,2
4831,2
10633,2
11581,2
13213,2
13430,2
13634,2
14472,2
1275,2
4094,2
8405,2
12155,2
13193,2
13511,2
13961,2
15169,2
15367,2
6243,2
13182,2
13892,2
14475,2
2880,2
5424,2
6775,2
11873,2
12084,2
12593,2
13509,2
5887,2
8378,2
10907,2
10935,2
12026,2
13412,2
14131,2
94,2
1301,2
4001,2
4074,2
5206,2
8147,2
8700,2
9813,2
10501,2
13044,2
13423,2
14006,2
11004,2
11979,2
13466,2
13786,2
13908,2
14145,2
14522,2
1615,2
8691,2
10582,2
11810,2
13447,2
14084,2
1517,2
3324,2
7231,2
10088,2
13721,2
13812,2
14579,2
3969,2
5555,2
7309,2
9637,2
11569,2
11659,2
12024,2
13955,2
15379,2
5189,2
8718,2
8848,2
12332,2
12632,2
13216,2
14001,2
14219,2
15354,2
3350,2
4976,2
9175,2
9334,2
9515,2
12132,2
12591,2
13485,2
14574,2
15117,2
15175,2
15325,2
840,2
3001,2
3027,2
7161,2
9396,2
11446,2
13148,2
13355,2
13453,2
13902,2
14482,2
15018,2
7108,2
8673,2
9065,2
9335,2
10682,2
10748,2
10769,2
11755,2
12954,2
13390,2
13772,2
13810,2
13945,2
14242,2
15302,2
1360,2
4751,2
5176,2
5392,2
8360,2
8601,2
10934,2
11792,2
12325,2
12496,2
13255,2
13752,2
13789,2
14619,2
15012,2
15314,2
1806,2
3007,2
7317,2
10996,2
11809,2
12561,2
13179,2
7057,2
11715,2
12116,2
13199,2
13917,2
14038,2
15194,2
15342,2
4390,2
7156,2
10524,2
11134,2
13177,2
13624,2
15319,2
1192,2
4381,2
9652,2
11149,2
12419,2
12679,2
12989,2
13641,2
14535,2
14551,2
2892,2
3327,2
9108,2
10905,2
9139,2
14414,2
15329,2
3056,2
12686,2
12978,2
13136,2
13890,2
4374,2
10578,2
13461,2
14158,2
15106,2
15172,2
1530,2
4006,2
8647,2
9021,2
12172,2
13026,2
13282,2
13691,2
14237,2
9839,2
11679,2
13157,2
14244,2
15322,2
15,2
3320,2
7348,2
7383,2
11184,2
15338,2
1756,2
2741,2
3040,2
5210,2
8462,2
9371,2
10538,2
13004,2
8766,2
11358,2
13017,2
13980,2
15353,2
15387,2
4520,2
4956,2
7365,2
8016,2
8495,2
10949,2
12640,2
14172,2
14624,2
1901,2
2019,2
5462,2
8177,2
9780,2
12348,2
3305,2
6449,2
13939,2
14567,2
15129,2
7142,2
10721,2
13077,2
13175,2
13845,2
15127,2
8344,2
8413,2
8496,2
12090,2
13116,2
14300,2
15323,2
15368,2
15384,2
15397,2
1334,2
3003,2
4857,2
6311,2
7233,2
10660,2
13454,2
3398,2
10657,2
10964,2
11490,2
13739,2
14231,2
14627,2
14764,2
15326,2
2657,2
2735,2
3068,2
8337,2
8408,2
10813,2
13095,2
1736,2
7145,2
12763,2
13145,2
2805,2
3066,2
5257,2
11356,2
13907,2
15301,2
7144,2
7930,2
12304,2
13330,2
15125,2
1600,2
4912,2
6505,2
7972,2
13850,2
14582,2
14641,2
15197,2
5353,2
6291,2
7328,2
9697,2
11377,2
11666,2
13716,2
14550,2
15380,2
11223,2
12330,2
12612,2
12988,2
13155,2
13963,2
14173,2
15313,2
15378,2
1118,2
3374,2
5521,2
7299,2
8428,2
8467,2
10686,2
11096,2
12931,2
13311,2
13944,2
14753,2
15399,2
880,2
2649,2
2915,2
4343,2
4736,2
8769,2
10733,2
12303,2
12776,2
14129,2
14271,2
15102,2
15371,2
1932,2
3099,2
5130,2
6499,2
9056,2
10917,2
11016,2
12905,2
13186,2
13370,2
15156,2
310,2
900,2
3304,2
9087,2
9477,2
11247,2
11825,2
12261,2
12571,2
5386,2
12388,2
12534,2
13481,2
13635,2
7190,2
11815,2
12620,2
13230,2
13563,2
13928,2
14686,2
15149,2
15184,2
3085,2
4924,2
6621,2
6685,2
8641,2
14406,2
14666,2
114,2
890,2
5131,2
5149,2
8616,2
9857,2
11617,2
13780,2
14272,2
3229,2
6443,2
8069,2
9817,2
10946,2
12478,2
13922,2
4122,2
8153,2
8432,2
9361,2
11182,2
13128,2
13931,2
14484,2
987,2
9187,2
11818,2
13474,2
15118,2
922,2
7941,2
9717,2
10510,2
12300,2
13237,2
1614,2
4369,2
7354,2
7382,2
11623,2
12627,2
12957,2
13755,2
5165,2
6574,2
6760,2
7251,2
11202,2
13821,2
13987,2
14196,2
15005,2
958,2
2070,2
4437,2
5187,2
10656,2
12252,2
13976,2
14211,2
15344,2
1549,2
3389,2
3852,2
3864,2
4943,2
7150,2
8564,2
8852,2
10723,2
12449,2
12546,2
12592,2
14722,2
15001,2
15390,2
2399,2
5658,2
12550,2
14634,2
87,2
1495,2
5014,2
6276,2
10560,2
10824,2
11511,2
12258,2
12270,2
13152,2
13809,2
14247,2
14594,2
14700,2
2873,2
3397,2
5437,2
6257,2
9706,2
10263,2
10563,2
12011,2
3023,2
6592,2
6672,2
8134,2
8629,2
9354,2
13599,2
14553,2
15337,2
3038,2
5179,2
8342,2
12577,2
13140,2
13187,2
13704,2
15220,2
3469,2
6677,2
8313,2
13102,2
13569,2
14694,2
15309,2
15358,2
9320,2
11564,2
12690,2
15107,2
1695,2
1965,2
9670,2
14238,2
15143,2
15362,2
1985,2
6262,2
6518,2
10957,2
11410,2
12039,2
12278,2
12415,2
13759,2
13889,2
14443,2
14506,2
14613,2
15369,2
1724,2
8080,2
8401,2
8799,2
11091,2
12745,2
1926,2
10522,2
11618,2
13546,2
13723,2
13947,2
1094,2
4062,2
6248,2
7479,2
11904,2
11998,2
12201,2
13934,2
14464,2
1647,2
1921,2
6272,2
9639,2
10736,2
15141,2
15391,2
3375,2
9567,2
11013,2
13298,2
14201,2
14233,2
3061,2
7320,2
10904,2
13505,2
13968,2
15048,2
5473,2
7041,2
7183,2
8789,2
10980,2
13451,2
15366,2
1704,2
2091,2
7743,2
8062,2
8335,2
9606,2
10978,2
11754,2
13169,2
13241,2
13905,2
13925,2
15047,2
7211,2
8242,2
9463,2
11762,2
13069,2
13966,2
14303,2
15033,2
2889,2
4138,2
7963,2
9390,2
10782,2
11816,2
13061,2
13969,2
13977,2
14279,2
3070,2
4100,2
7305,2
10675,2
11238,2
13103,2
13799,2
13999,2
14050,2
14373,2
3044,2
5106,2
7409,2
11850,2
11852,2
13797,2
6525,2
8193,2
9736,2
13198,2
13758,2
15192,2
25,2
1147,2
6241,2
9379,2
10005,2
11861,2
13223,2
13930,2
13979,2
15331,2
2858,2
4926,2
8388,2
8633,2
13020,2
13600,2
15291,2
15389,2
1213,2
6702,2
12154,2
13708,2
14262,2
3337,2
4055,2
8125,2
9479,2
11051,2
13149,2
3035,2
8219,2
9024,2
12394,2
13588,2
15032,2
62,2
396,2
1907,2
1912,2
3091,2
9310,2
10641,2
11820,2
13001,2
13338,2
13625,2
14170,2
14489,2
15065,2
15372,2
480,2
2050,2
4067,2
8457,2
13185,2
13986,2
15385,2
6549,2
6635,2
7252,2
7294,2
9045,2
9835,2
12953,2
13425,2
14298,2
4913,2
9569,2
13901,2
14569,2
14798,2
6632,2
6919,2
12082,2
4098,2
8436,2
12208,2
1578,2
5290,2
6483,2
6487,2
10296,2
12101,2
12280,2
13196,2
13790,2
13953,2
14175,2
4406,2
6398,2
8748,2
10545,2
10997,2
11685,2
11770,2
3869,2
10542,2
12327,2
12674,2
12748,2
15320,2
1348,2
1364,2
1604,2
3094,2
4723,2
8139,2
8435,2
9646,2
11015,2
11154,2
1188,2
4501,2
9054,2
9464,2
9632,2
11826,2
12907,2
14017,2
15299,2
15352,2
2314,2
3004,2
4385,2
5340,2
6969,2
11952,2
12734,2
13570,2
13572,2
13984,2
14029,2
15351,2
15361,2
1150,2
1995,2
3079,2
3641,2
4005,2
8448,2
11000,2
12510,2
12976,2
13141,2
13913,2
13926,2
13933,2
14740,2
1931,2
3081,2
8341,2
8499,2
9134,2
10699,2
11501,2
13072,2
13162,2
13924,2
10178,2
10284,2
10729,2
11890,2
13962,2
15340,2
2806,2
13164,2
13181,2
13437,2
13920,2
15278,2
433,2
2061,2
3338,2
10577,2
11055,2
13294,2
943,2
1909,2
4081,2
10646,2
11293,2
13212,2
2372,2
4963,2
8021,2
10519,2
11751,2
13764,2
14218,2
487,2
1980,2
4003,2
4527,2
4922,2
13068,2
13143,2
13165,2
13744,2
7071,2
10370,2
10865,2
11595,2
12129,2
14268,2
4049,2
4954,2
6920,2
8472,2
8711,2
12501,2
13209,2
13263,2
13942,2
2373,2
3335,2
10931,2
12254,2
13578,2
15284,2
2936,2
2990,2
3342,2
4861,2
10575,2
13176,2
13205,2
14277,2
6439,2
9662,2
11556,2
15134,2
2347,2
3362,2
8364,2
13150,2
13278,2
14047,2
15281,2
7386,2
8187,2
8560,2
8639,2
11440,2
12484,2
12507,2
12740,2
13912,2
14696,2
15383,2
4479,2
7113,2
8547,2
9724,2
11185,2
11503,2
14235,2
14576,2
3347,2
4096,2
9422,2
12222,2
12274,2
12333,2
12528,2
14232,2
15139,2
2931,2
4372,2
8757,2
11790,2
13110,2
13467,2
13837,2
14263,2
14688,2
116,2
1224,2
4375,2
8052,2
10543,2
11949,2
12465,2
12693,2
15123,2
15286,2
14,2
3460,2
8538,2
10280,2
11451,2
11961,2
13818,2
13985,2
3378,2
5011,2
6492,2
7969,2
9163,2
11526,2
12999,2
13147,2
13231,2
13254,2
13501,2
13595,2
13981,2
14073,2
15349,2
1629,2
6697,2
9740,2
13127,2
13935,2
14000,2
14511,2
1983,2
4710,2
5205,2
5519,2
10672,2
10679,2
10773,2
13823,2
14258,2
15198,2
499,2
4116,2
4302,2
7154,2
10649,2
10969,2
11877,2
13773,2
13990,2
14529,2
1312,2
8726,2
11857,2
15279,2
892,2
3366,2
4960,2
6533,2
9490,2
10919,2
1935,2
4065,2
5195,2
5199,2
6450,2
13056,2
13763,2
15315,2
15395,2
820,2
3344,2
6404,2
12967,2
1187,2
6952,2
7374,2
7678,2
7782,2
8489,2
10537,2
12635,2
13158,2
13299,2
13938,2
13964,2
15101,2
1390,2
2010,2
2348,2
4817,2
5078,2
6645,2
9663,2
11075,2
12194,2
12735,2
13820,2
15104,2
6210,2
6715,2
9115,2
10694,2
11555,2
13949,2
14098,2
4095,2
13144,2
13566,2
13828,2
13998,2
14016,2
14136,2
15324,2
3372,2
11365,2
12386,2
14583,2
2361,2
3033,2
4064,2
8476,2
12142,2
12312,2
13023,2
13573,2
13936,2
15303,2
15312,2
15360,2
7964,2
12524,2
13909,2
13974,2
13995,2
14466,2
2995,2
4776,2
9609,2
9667,2
10628,2
10793,2
11052,2
12256,2
9144,2
12402,2
15119,2
15239,2
7155,2
11078,2
11092,2
12522,2
14220,2
410,2
3363,2
8625,2
9133,2
10923,2
12143,2
13684,2
1054,2
1948,2
3057,2
10730,2
11486,2
11643,2
13473,2
15015,2
15321,2
6995,2
11218,2
12656,2
13645,2
13906,2
14188,2
14546,2
6315,2
12941,2
13183,2
14679,2
2301,2
4600,2
5877,2
8900,2
10275,2
10789,2
12698,2
13360,2
15187,2
475,2
1929,2
3394,2
3395,2
6247,2
7459,2
10711,2
12399,2
12451,2
14110,2
4985,2
8065,2
9884,2
12756,2
13126,2
180,2
2979,2
8422,2
14190,2
14617,2
15377,2
3088,2
9048,2
9673,2
11230,2
12602,2
12933,2
13161,2
14597,2
15334,2
15346,2
5389,2
7164,2
9372,2
9419,2
9680,2
13292,2
13954,2
14592,2
7310,2
7943,2
12213,2
13114,2
13706,2
3381,2
11632,2
12407,2
12422,2
12682,2
13841,2
15356,2
3050,2
3376,2
6638,2
10725,2
12141,2
12444,2
12622,2
6620,1
10362,1
10817,1
13832,1
14450,1
14832,1
15447,1
6623,1
9564,1
10081,1
11500,1
12367,1
12471,1
12611,1
12626,1
12715,1
14148,1
14423,1
14876,1
15003,1
15004,1
15100,1
15254,1
31,1
7281,1
9162,1
9558,1
11936,1
12393,1
12998,1
13207,1
14324,1
14377,1
14420,1
14837,1
14997,1
15296,1
85,1
2025,1
8779,1
9169,1
12366,1
13465,1
14315,1
14809,1
14958,1
10840,1
11482,1
11928,1
12249,1
12322,1
14944,1
15292,1
15429,1
3790,1
7404,1
8701,1
9181,1
10090,1
12207,1
13500,1
14054,1
14124,1
14365,1
14458,1
14846,1
14874,1
15026,1
15221,1
15462,1
11402,1
11459,1
11487,1
13313,1
14477,1
14812,1
15216,1
7283,1
10183,1
10366,1
10947,1
12238,1
13701,1
14556,1
10195,1
10293,1
10912,1
11405,1
11468,1
12315,1
13022,1
14437,1
15091,1
15270,1
6913,1
14085,1
15491,1
155,1
8458,1
8755,1
10898,1
12943,1
14332,1
14589,1
14801,1
15093,1
15202,1
15470,1
15497,1
2888,1
6639,1
8354,1
10290,1
11941,1
12796,1
12837,1
12854,1
13066,1
13368,1
14336,1
14935,1
115,1
6933,1
12267,1
13377,1
13782,1
14410,1
14999,1
15479,1
81,1
8412,1
10096,1
12287,1
14180,1
14402,1
14555,1
15060,1
15253,1
2052,1
11467,1
12961,1
14117,1
14160,1
14283,1
14687,1
14814,1
15234,1
8622,1
11693,1
12269,1
12885,1
13371,1
14141,1
14177,1
14302,1
2386,1
5845,1
5880,1
5884,1
12914,1
14419,1
14455,1
15024,1
15062,1
15219,1
15242,1
15260,1
15262,1
15404,1
3795,1
10866,1
11494,1
12865,1
13301,1
13523,1
14062,1
14192,1
14318,1
15073,1
15263,1
15426,1
2871,1
3252,1
8608,1
9161,1
11204,1
11406,1
13040,1
13081,1
14140,1
14274,1
3270,1
5875,1
6948,1
11624,1
11997,1
13331,1
13347,1
14961,1
15051,1
15485,1
2331,1
5823,1
8438,1
9165,1
11626,1
11677,1
12337,1
14287,1
14333,1
14337,1
14391,1
14808,1
14888,1
15040,1
15083,1
15405,1
15440,1
44,1
192,1
8415,1
9106,1
9547,1
14345,1
14871,1
15108,1
15224,1
15267,1
15454,1
2804,1
7258,1
9514,1
10309,1
11240,1
13422,1
14193,1
14565,1
14813,1
7239,1
10092,1
11259,1
11260,1
11475,1
12873,1
14102,1
14105,1
14462,1
3228,1
9103,1
13312,1
14575,1
14830,1
14917,1
3792,1
6254,1
7304,1
8460,1
10251,1
10845,1
10864,1
12219,1
14831,1
15228,1
5897,1
9178,1
14370,1
14598,1
14860,1
15401,1
6629,1
8419,1
11461,1
12368,1
12889,1
14351,1
14513,1
14824,1
14904,1
14945,1
15085,1
15438,1
6606,1
11441,1
11975,1
12639,1
13344,1
14327,1
14608,1
14977,1
3240,1
8780,1
9193,1
10823,1
11437,1
11491,1
12965,1
14870,1
15029,1
15452,1
15474,1
10049,1
10209,1
12894,1
12962,1
14035,1
14328,1
14415,1
15283,1
2013,1
2828,1
9573,1
10635,1
12888,1
13439,1
14139,1
14436,1
14453,1
14474,1
10007,1
14197,1
14564,1
15046,1
15097,1
9566,1
10286,1
13374,1
14230,1
14534,1
14538,1
14828,1
14975,1
15014,1
9571,1
10070,1
11445,1
11476,1
11493,1
12462,1
12857,1
13303,1
14040,1
14154,1
14656,1
14833,1
15034,1
15159,1
15199,1
15252,1
7970,1
9189,1
9588,1
10124,1
12870,1
13339,1
14407,1
14638,1
14861,1
14862,1
140,1
2037,1
6941,1
9123,1
11444,1
12279,1
12750,1
12770,1
14488,1
14988,1
15027,1
2056,1
5868,1
10140,1
10336,1
11492,1
11992,1
13342,1
14297,1
14853,1
15050,1
15223,1
15276,1
2312,1
2882,1
2898,1
7234,1
12349,1
13859,1
14113,1
14132,1
14308,1
14354,1
14404,1
14451,1
14852,1
14954,1
15245,1
15435,1
6692,1
7323,1
9533,1
10984,1
11278,1
14804,1
7212,1
11978,1
12896,1
13351,1
14903,1
14949,1
14978,1
15064,1
15471,1
146,1
9117,1
12474,1
12631,1
12994,1
13036,1
14349,1
15208,1
15237,1
5864,1
8683,1
10161,1
10650,1
14417,1
14841,1
15465,1
3282,1
7931,1
8451,1
10966,1
13356,1
14254,1
14350,1
14445,1
14972,1
14998,1
15403,1
2364,1
3774,1
5900,1
7994,1
13063,1
13226,1
14079,1
14815,1
14847,1
15478,1
7289,1
12442,1
12867,1
14163,1
14347,1
14355,1
2344,1
6907,1
6996,1
7261,1
10215,1
10894,1
11419,1
12295,1
12346,1
12491,1
14967,1
3272,1
7217,1
7269,1
8484,1
10304,1
10928,1
11905,1
12500,1
14198,1
14213,1
14216,1
14387,1
15098,1
15482,1
2337,1
6612,1
14031,1
14104,1
14495,1
14603,1
14989,1
6999,1
9607,1
12743,1
13825,1
14389,1
14643,1
15259,1
8753,1
11862,1
12460,1
12903,1
14273,1
14396,1
14500,1
10223,1
10839,1
11661,1
14228,1
14248,1
14826,1
15010,1
15074,1
15432,1
7906,1
11248,1
11988,1
12472,1
12677,1
12824,1
12827,1
14166,1
14282,1
8615,1
10211,1
10249,1
10854,1
12237,1
13049,1
13855,1
14275,1
14339,1
14637,1
14654,1
15133,1
15241,1
15413,1
3793,1
11210,1
12654,1
13403,1
14234,1
14518,1
14615,1
14882,1
14890,1
14896,1
2071,1
6980,1
10390,1
10807,1
10829,1
12365,1
12879,1
13761,1
14363,1
14444,1
14483,1
14823,1
14864,1
14906,1
15057,1
2837,1
2849,1
10091,1
11918,1
12877,1
13029,1
13844,1
14640,1
15066,1
10268,1
11611,1
14080,1
14403,1
14918,1
15247,1
15408,1
2384,1
6691,1
12650,1
12729,1
12737,1
12804,1
14126,1
14152,1
14208,1
14941,1
15039,1
15189,1
15466,1
10826,1
10998,1
12691,1
12849,1
13375,1
14508,1
14811,1
14968,1
15419,1
15463,1
8790,1
11479,1
12390,1
12605,1
13408,1
14276,1
14280,1
14353,1
15476,1
54,1
2014,1
11298,1
11915,1
11942,1
12296,1
12475,1
13087,1
13388,1
8740,1
10734,1
12291,1
14134,1
14382,1
14434,1
14476,1
14527,1
15451,1
3232,1
7408,1
10207,1
10351,1
11640,1
13321,1
14454,1
14685,1
14825,1
15031,1
6608,1
8652,1
11471,1
11601,1
12319,1
12808,1
12964,1
13449,1
13458,1
14143,1
14165,1
14952,1
15218,1
15231,1
15458,1
48,1
2375,1
6245,1
6665,1
6990,1
7272,1
8707,1
11257,1
13099,1
14204,1
14416,1
14585,1
15464,1
5,1
2368,1
6610,1
6914,1
10014,1
10803,1
12445,1
13496,1
13805,1
14473,1
14905,1
15415,1
15495,1
5824,1
11893,1
14034,1
14108,1
14889,1
15230,1
6284,1
7214,1
9197,1
10114,1
12353,1
12861,1
14425,1
15410,1
2085,1
7372,1
10147,1
12216,1
14818,1
14880,1
14931,1
14942,1
14980,1
14990,1
15468,1
2374,1
7262,1
7425,1
7434,1
10341,1
11981,1
12925,1
12996,1
13305,1
14399,1
14431,1
14932,1
15243,1
11697,1
11984,1
13097,1
13326,1
14246,1
14616,1
15431,1
6617,1
6686,1
8712,1
12839,1
13088,1
13328,1
14486,1
2845,1
6660,1
7441,1
9583,1
14334,1
14385,1
15469,1
10111,1
10369,1
10986,1
11455,1
11933,1
12236,1
12370,1
12817,1
14137,1
14153,1
14311,1
14448,1
15204,1
15236,1
15457,1
41,1
8322,1
10122,1
11971,1
13478,1
13827,1
14066,1
14620,1
2365,1
7432,1
8367,1
12675,1
14326,1
14891,1
15460,1
5844,1
7275,1
10897,1
11477,1
11606,1
12226,1
12395,1
13030,1
13302,1
14183,1
14838,1
14854,1
14943,1
15028,1
15232,1
6659,1
9553,1
11658,1
14887,1
14970,1
14979,1
15264,1
15443,1
15473,1
5874,1
13369,1
14099,1
14359,1
14930,1
15075,1
15409,1
9186,1
10333,1
11700,1
13346,1
14855,1
14872,1
15277,1
15439,1
6670,1
6935,1
7270,1
13341,1
13568,1
14429,1
14452,1
14914,1
15058,1
10100,1
12420,1
14111,1
14348,1
14430,1
14845,1
15043,1
15086,1
15441,1
2876,1
3277,1
6605,1
6647,1
7254,1
12339,1
12842,1
14033,1
14938,1
14964,1
3212,1
7296,1
11665,1
11994,1
14115,1
14147,1
14155,1
14182,1
14314,1
14827,1
15416,1
10172,1
10735,1
10761,1
10849,1
12864,1
13429,1
15081,1
7473,1
11447,1
13053,1
14164,1
14490,1
14494,1
14867,1
2819,1
6215,1
6958,1
11497,1
12678,1
12884,1
13441,1
14803,1
14915,1
14947,1
14996,1
15092,1
15453,1
107,1
6203,1
11937,1
11960,1
12479,1
13070,1
13340,1
13349,1
13389,1
14241,1
14411,1
14433,1
14806,1
15414,1
6619,1
7480,1
8392,1
12410,1
13224,1
13354,1
13778,1
13814,1
14240,1
14561,1
14689,1
15007,1
2305,1
3254,1
5801,1
7260,1
7264,1
10061,1
11929,1
12487,1
12609,1
12724,1
14236,1
2078,1
2087,1
12359,1
13320,1
14174,1
15268,1
10169,1
11664,1
12245,1
14360,1
14526,1
14873,1
6641,1
10901,1
13071,1
14331,1
14802,1
14987,1
7274,1
8731,1
9545,1
12819,1
12822,1
14897,1
14898,1
15072,1
15077,1
15433,1
35,1
6285,1
7494,1
11903,1
11951,1
12313,1
13092,1
13322,1
14106,1
14836,1
14928,1
15215,1
3740,1
6602,1
7238,1
10811,1
10990,1
10995,1
14426,1
15213,1
6693,1
7416,1
8697,1
9195,1
10392,1
10961,1
13718,1
14122,1
14440,1
2855,1
11436,1
11646,1
13348,1
14181,1
14568,1
15266,1
15496,1
10134,1
11995,1
12309,1
12418,1
12608,1
12846,1
14983,1
15078,1
6207,1
10213,1
10801,1
12378,1
12382,1
12441,1
13774,1
14395,1
14457,1
15484,1
8730,1
10863,1
12700,1
12970,1
14834,1
15089,1
55,1
7267,1
12995,1
13343,1
13379,1
14222,1
14817,1
100,1
6910,1
6966,1
9155,1
10317,1
11603,1
11959,1
15068,1
161,1
10859,1
10870,1
13319,1
14107,1
14159,1
14392,1
14497,1
15022,1
15063,1
6653,1
8606,1
11415,1
11935,1
14146,1
14386,1
14807,1
14842,1
14912,1
14937,1
7455,1
12480,1
13362,1
13724,1
14086,1
14335,1
14383,1
14851,1
15265,1
15481,1
8744,1
10391,1
11227,1
12629,1
14504,1
2357,1
11401,1
13793,1
13882,1
15422,1
15444,1
136,1
10385,1
13350,1
15406,1
11424,1
11669,1
14130,1
14305,1
14471,1
14822,1
14900,1
14929,1
15210,1
15498,1
10062,1
11235,1
11488,1
14394,1
14901,1
14927,1
15227,1
15287,1
7330,1
10078,1
11901,1
12831,1
13387,1
13527,1
14378,1
15087,1
15214,1
15434,1
194,1
10319,1
10872,1
12845,1
12944,1
13082,1
13327,1
14027,1
14878,1
6264,1
9536,1
10602,1
11489,1
13333,1
14923,1
15448,1
2077,1
2881,1
5816,1
8602,1
10287,1
14189,1
14981,1
15006,1
15273,1
6624,1
10068,1
11985,1
12225,1
12288,1
12661,1
13010,1
13834,1
14127,1
14971,1
15269,1
12320,1
12637,1
14206,1
14341,1
14424,1
14478,1
14843,1
15300,1
15461,1
8308,1
8649,1
13413,1
14083,1
14116,1
14362,1
14530,1
15008,1
15201,1
5835,1
10144,1
10312,1
11656,1
12383,1
13014,1
14442,1
14866,1
15099,1
10170,1
10895,1
12818,1
12915,1
14249,1
15021,1
2839,1
9141,1
10028,1
10132,1
14859,1
14994,1
15475,1
10,1
77,1
8728,1
10755,1
11443,1
11908,1
12282,1
13366,1
14243,1
15054,1
15095,1
15282,1
15298,1
15488,1
8302,1
8787,1
10810,1
10831,1
12624,1
14103,1
14369,1
14821,1
14969,1
15261,1
15295,1
15407,1
2395,1
5860,1
8421,1
8657,1
11673,1
11691,1
11943,1
12802,1
12928,1
14844,1
14925,1
14940,1
15082,1
15212,1
15249,1
10820,1
11453,1
14982,1
8717,1
10302,1
12892,1
14063,1
14960,1
14973,1
15041,1
6640,1
10027,1
12825,1
12901,1
14061,1
14299,1
14428,1
14438,1
14839,1
14986,1
15420,1
11414,1
12485,1
12660,1
13281,1
13852,1
14342,1
14398,1
14468,1
181,1
8418,1
12224,1
12832,1
13392,1
13427,1
14376,1
14835,1
14907,1
14950,1
3215,1
9521,1
11431,1
12425,1
12670,1
12823,1
13543,1
13756,1
13883,1
14306,1
14388,1
14939,1
15000,1
15011,1
7422,1
10700,1
10860,1
11295,1
12812,1
12829,1
12960,1
14121,1
14304,1
14913,1
14951,1
8468,1
8750,1
12469,1
14133,1
14329,1
14885,1
15035,1
15297,1
15423,1
15489,1
113,1
2321,1
8795,1
9565,1
10152,1
10174,1
10886,1
12268,1
12805,1
13334,1
14330,1
15019,1
15020,1
15418,1
8456,1
13337,1
14185,1
24,1
11681,1
11688,1
13888,1
14212,1
14480,1
15288,1
15467,1
15477,1
15486,1
15490,1
70,1
3219,1
8613,1
9190,1
10065,1
10750,1
12266,1
14322,1
14397,1
15025,1
9510,1
9595,1
13042,1
14171,1
15084,1
15293,1
15412,1
2878,1
12814,1
14371,1
14572,1
14630,1
6643,1
10752,1
11866,1
13043,1
13436,1
14119,1
14908,1
15088,1
15222,1
15233,1
2009,1
2359,1
3241,1
8794,1
10375,1
10993,1
11980,1
12610,1
12835,1
13035,1
14368,1
14485,1
2860,1
10059,1
10146,1
12277,1
14184,1
15446,1
9137,1
9531,1
10360,1
10848,1
12215,1
12876,1
13058,1
14120,1
14270,1
13358,1
13816,1
14321,1
14366,1
14959,1
15492,1
2843,1
8494,1
8668,1
10113,1
10852,1
14223,1
14286,1
14922,1
14991,1
15195,1
11920,1
14491,1
14919,1
14920,1
14955,1
14995,1
15052,1
2016,1
2330,1
5810,1
8634,1
10193,1
10916,1
11465,1
12217,1
12816,1
12843,1
12847,1
14916,1
14934,1
15417,1
8488,1
8677,1
9135,1
10825,1
11819,1
14019,1
14109,1
14609,1
14899,1
14976,1
15493,1
15500,1
3731,1
6601,1
7345,1
8768,1
9194,1
9520,1
12308,1
12324,1
13877,1
14123,1
14224,1
2352,1
9554,1
9556,1
12769,1
13018,1
13476,1
13854,1
14352,1
14552,1
14877,1
14953,1
15294,1
60,1
90,1
6698,1
7282,1
7314,1
7491,1
10118,1
12426,1
13548,1
14114,1
14886,1
15250,1
3268,1
8741,1
13310,1
14005,1
14460,1
14805,1
15428,1
15442,1
10844,1
11480,1
11983,1
13013,1
14269,1
14356,1
14400,1
14502,1
14858,1
15045,1
15487,1
10239,1
10692,1
12681,1
13503,1
14176,1
14267,1
14312,1
9552,1
10777,1
11236,1
11464,1
12455,1
13055,1
13211,1
14857,1
15437,1
145,1
200,1
7207,1
10790,1
11439,1
12263,1
14309,1
14358,1
14849,1
15016,1
15211,1
6651,1
6684,1
8630,1
11270,1
11454,1
13323,1
13352,1
13891,1
14199,1
14910,1
15217,1
11244,1
11413,1
11859,1
12209,1
14820,1
9584,1
9591,1
10221,1
10245,1
11913,1
12623,1
13421,1
14313,1
14405,1
14868,1
15094,1
2367,1
6609,1
11429,1
11977,1
14081,1
14215,1
14301,1
14421,1
14924,1
14956,1
14957,1
15109,1
15450,1
7942,1
10148,1
10891,1
12851,1
13006,1
13376,1
13434,1
13815,1
13849,1
14002,1
14840,1
14933,1
15229,1
15251,1
5804,1
7300,1
10157,1
10951,1
11696,1
11989,1
12211,1
12643,1
13325,1
13359,1
14046,1
14469,1
14816,1
14962,1
14966,1
3747,1
3780,1
6662,1
11684,1
12342,1
12752,1
14138,1
14340,1
14487,1
14577,1
15411,1
6683,1
9560,1
12807,1
12952,1
13032,1
13075,1
14178,1
14296,1
14346,1
14946,1
15285,1
2039,1
6945,1
11647,1
12975,1
14179,1
14463,1
14893,1
14985,1
14992,1
71,1
2307,1
9594,1
10051,1
10182,1
11481,1
12726,1
14883,1
14926,1
5846,1
6636,1
6674,1
6679,1
10759,1
10952,1
13307,1
14316,1
14372,1
14379,1
14467,1
15226,1
15235,1
10874,1
11968,1
13395,1
14435,1
198,1
2084,1
5807,1
7295,1
7474,1
7915,1
9579,1
11671,1
13373,1
13785,1
13867,1
14250,1
14357,1
14884,1
15246,1
15256,1
6238,1
7458,1
9585,1
10031,1
11231,1
11934,1
11944,1
11974,1
12253,1
12803,1
13089,1
13324,1
13464,1
14902,1
15424,1
15436,1
11907,1
12456,1
12616,1
13386,1
13512,1
14319,1
14320,1
14911,1
15472,1
158,1
6971,1
8617,1
11612,1
13019,1
13455,1
14162,1
2890,1
10321,1
11203,1
11261,1
11657,1
12345,1
13361,1
14167,1
14456,1
15205,1
15456,1
6982,1
9549,1
10039,1
10816,1
10884,1
11924,1
13335,1
14380,1
2,1
11668,1
11999,1
12289,1
12673,1
14819,1
131,1
149,1
2302,1
3274,1
7313,1
7918,1
12984,1
15255,1
15427,1
6681,1
6967,1
11966,1
13382,1
14045,1
15055,1
15225,1
5878,1
6688,1
8781,1
9504,1
14161,1
14543,1
14965,1
3224,1
6675,1
10185,1
10892,1
11955,1
12416,1
12985,1
14393,1
14865,1
124,1
2073,1
9167,1
10883,1
11916,1
12860,1
14043,1
14869,1
15009,1
6250,1
6614,1
7415,1
9644,1
10804,1
11448,1
12820,1
14293,1
15067,1
2011,1
9185,1
11902,1
12869,1
14221,1
14252,1
14948,1
3248,1
6627,1
9143,1
9608,1
10655,1
12848,1
13864,1
14149,1
14323,1
14652,1
14699,1
14894,1
14963,1
15080,1
7922,1
12649,1
13308,1
13576,1
2341,1
10387,1
10959,1
12490,1
13315,1
14625,1
14895,1
15258,1
8737,1
10876,1
14557,1
14655,1
14875,1
15017,1
15103,1
15289,1
15421,1
7297,1
7426,1
8719,1
11421,1
11925,1
11945,1
13598,1
14381,1
14409,1
14432,1
14449,1
15150,1
2362,1
7456,1
8709,1
11209,1
12949,1
14157,1
14343,1
14361,1
14810,1
14850,1
15240,1
15445,1
15494,1
2900,1
5837,1
7498,1
10071,1
10324,1
10783,1
11268,1
12240,1
13733,1
13893,1
14384,1
14418,1
14427,1
14936,1
15499,1
3701,1
6649,1
6964,1
10232,1
12852,1
14413,1
14892,1
15425,1
15455,1
153,1
3236,1
6615,1
6680,1
8304,1
9589,1
9666,1
10217,1
14493,1
15209,1
15275,1
15402,1
6998,1
10242,1
14028,1
14310,1
14829,1
14921,1
15290,1
6209,1
6628,1
14974,1
15257,1
2095,1
10191,1
10933,1
12680,1
14049,1
14344,1
14461,1
14909,1
15069,1
15430,1
2838,1
8764,1
9109,1
9543,1
10189,1
10893,1
12214,1
12375,1
13735,1
14191,1
15449,1
15483,1
6696,1
9518,1
10383,1
12406,1
12692,1
14194,1
14447,1
14528,1
14848,1
14984,1
15480,1
6943,1
7232,1
7482,1
10855,1
11485,1
14265,1
14307,1
14993,1
15244,1
6278,1
10834,1
10921,1
11229,1
12664,1
13306,1
13317,1
15459,1
36,1
2057,1
5883,1
7475,1
11409,1
12922,1
12971,1
14863,1
14881,1
15274,1
89,1
7466,1
10867,1
12991,1
14015,1
14856,1
14879,1
