Passenger_1_ID,Passenger_2_ID,Number_of_flights_together,From,To
755,771,11,2017-01-01,2017-03-01
716,724,9,2017-01-01,2017-03-01
701,751,9,2017-01-01,2017-03-01
1001,1023,9,2017-01-01,2017-03-01
746,763,9,2017-01-01,2017-03-01
724,763,9,2017-01-01,2017-03-01
760,763,9,2017-01-01,2017-03-01
1023,1095,9,2017-01-01,2017-03-01
724,740,9,2017-01-01,2017-03-01
740,772,9,2017-01-01,2017-03-01
740,746,9,2017-01-01,2017-03-01
751,760,9,2017-01-01,2017-03-01
701,763,9,2017-01-01,2017-03-01
724,746,9,2017-01-01,2017-03-01
740,763,9,2017-01-01,2017-03-01
724,760,9,2017-01-01,2017-03-01
740,751,9,2017-01-01,2017-03-01
751,763,9,2017-01-01,2017-03-01
716,763,9,2017-01-01,2017-03-01
746,751,9,2017-01-01,2017-03-01
716,740,9,2017-01-01,2017-03-01
701,724,9,2017-01-01,2017-03-01
724,751,9,2017-01-01,2017-03-01
746,772,9,2017-01-01,2017-03-01
1023,1053,9,2017-01-01,2017-03-01
701,746,9,2017-01-01,2017-03-01
701,716,9,2017-01-01,2017-03-01
1053,1095,9,2017-01-01,2017-03-01
751,772,9,2017-01-01,2017-03-01
701,740,9,2017-01-01,2017-03-01
760,772,9,2017-01-01,2017-03-01
716,751,9,2017-01-01,2017-03-01
1001,1095,9,2017-01-01,2017-03-01
716,760,9,2017-01-01,2017-03-01
746,760,9,2017-01-01,2017-03-01
724,772,9,2017-01-01,2017-03-01
716,772,9,2017-01-01,2017-03-01
740,760,9,2017-01-01,2017-03-01
763,772,9,2017-01-01,2017-03-01
1001,1053,9,2017-01-01,2017-03-01
701,772,9,2017-01-01,2017-03-01
364,368,9,2017-01-01,2017-03-01
716,746,9,2017-01-01,2017-03-01
701,760,9,2017-01-01,2017-03-01
733,752,8,2017-01-01,2017-03-01
739,752,8,2017-01-01,2017-03-01
719,721,8,2017-01-01,2017-03-01
719,774,8,2017-01-01,2017-03-01
752,760,8,2017-01-01,2017-03-01
733,771,8,2017-01-01,2017-03-01
739,763,8,2017-01-01,2017-03-01
752,759,8,2017-01-01,2017-03-01
739,755,8,2017-01-01,2017-03-01
740,771,8,2017-01-01,2017-03-01
368,1023,8,2017-01-01,2017-03-01
364,374,8,2017-01-01,2017-03-01
758,795,8,2017-01-01,2017-03-01
701,771,8,2017-01-01,2017-03-01
293,299,8,2017-01-01,2017-03-01
771,772,8,2017-01-01,2017-03-01
701,755,8,2017-01-01,2017-03-01
749,795,8,2017-01-01,2017-03-01
733,755,8,2017-01-01,2017-03-01
746,755,8,2017-01-01,2017-03-01
364,1001,8,2017-01-01,2017-03-01
739,771,8,2017-01-01,2017-03-01
759,771,8,2017-01-01,2017-03-01
308,309,8,2017-01-01,2017-03-01
740,759,8,2017-01-01,2017-03-01
733,763,8,2017-01-01,2017-03-01
739,760,8,2017-01-01,2017-03-01
724,759,8,2017-01-01,2017-03-01
733,772,8,2017-01-01,2017-03-01
364,1053,8,2017-01-01,2017-03-01
733,739,8,2017-01-01,2017-03-01
366,374,8,2017-01-01,2017-03-01
755,760,8,2017-01-01,2017-03-01
309,385,8,2017-01-01,2017-03-01
733,746,8,2017-01-01,2017-03-01
274,275,8,2017-01-01,2017-03-01
739,772,8,2017-01-01,2017-03-01
752,755,8,2017-01-01,2017-03-01
759,763,8,2017-01-01,2017-03-01
701,733,8,2017-01-01,2017-03-01
368,1001,8,2017-01-01,2017-03-01
721,774,8,2017-01-01,2017-03-01
752,772,8,2017-01-01,2017-03-01
205,275,8,2017-01-01,2017-03-01
739,759,8,2017-01-01,2017-03-01
2573,2600,8,2017-01-01,2017-03-01
733,740,8,2017-01-01,2017-03-01
716,759,8,2017-01-01,2017-03-01
751,752,8,2017-01-01,2017-03-01
368,1053,8,2017-01-01,2017-03-01
2667,2699,8,2017-01-01,2017-03-01
739,746,8,2017-01-01,2017-03-01
1023,1056,8,2017-01-01,2017-03-01
746,752,8,2017-01-01,2017-03-01
739,740,8,2017-01-01,2017-03-01
364,1023,8,2017-01-01,2017-03-01
724,755,8,2017-01-01,2017-03-01
761,764,8,2017-01-01,2017-03-01
752,763,8,2017-01-01,2017-03-01
2674,2699,8,2017-01-01,2017-03-01
324,328,8,2017-01-01,2017-03-01
759,760,8,2017-01-01,2017-03-01
749,758,8,2017-01-01,2017-03-01
308,313,8,2017-01-01,2017-03-01
724,733,8,2017-01-01,2017-03-01
1053,1056,8,2017-01-01,2017-03-01
751,771,8,2017-01-01,2017-03-01
1056,1095,8,2017-01-01,2017-03-01
368,1095,8,2017-01-01,2017-03-01
366,368,8,2017-01-01,2017-03-01
733,759,8,2017-01-01,2017-03-01
205,274,8,2017-01-01,2017-03-01
746,771,8,2017-01-01,2017-03-01
751,759,8,2017-01-01,2017-03-01
724,752,8,2017-01-01,2017-03-01
721,731,8,2017-01-01,2017-03-01
364,366,8,2017-01-01,2017-03-01
755,763,8,2017-01-01,2017-03-01
701,752,8,2017-01-01,2017-03-01
701,739,8,2017-01-01,2017-03-01
763,771,8,2017-01-01,2017-03-01
733,760,8,2017-01-01,2017-03-01
1503,1598,8,2017-01-01,2017-03-01
759,772,8,2017-01-01,2017-03-01
2655,2699,8,2017-01-01,2017-03-01
701,759,8,2017-01-01,2017-03-01
719,778,8,2017-01-01,2017-03-01
211,266,8,2017-01-01,2017-03-01
721,778,8,2017-01-01,2017-03-01
716,752,8,2017-01-01,2017-03-01
716,739,8,2017-01-01,2017-03-01
716,755,8,2017-01-01,2017-03-01
2655,2667,8,2017-01-01,2017-03-01
740,755,8,2017-01-01,2017-03-01
731,778,8,2017-01-01,2017-03-01
2667,2674,8,2017-01-01,2017-03-01
731,774,8,2017-01-01,2017-03-01
716,733,8,2017-01-01,2017-03-01
739,751,8,2017-01-01,2017-03-01
309,313,8,2017-01-01,2017-03-01
774,778,8,2017-01-01,2017-03-01
755,759,8,2017-01-01,2017-03-01
2531,2600,8,2017-01-01,2017-03-01
751,755,8,2017-01-01,2017-03-01
724,771,8,2017-01-01,2017-03-01
313,385,8,2017-01-01,2017-03-01
759,1056,8,2017-01-01,2017-03-01
308,385,8,2017-01-01,2017-03-01
1025,1026,8,2017-01-01,2017-03-01
724,739,8,2017-01-01,2017-03-01
760,771,8,2017-01-01,2017-03-01
746,759,8,2017-01-01,2017-03-01
1001,1056,8,2017-01-01,2017-03-01
2531,2573,8,2017-01-01,2017-03-01
2655,2674,8,2017-01-01,2017-03-01
368,374,8,2017-01-01,2017-03-01
364,1095,8,2017-01-01,2017-03-01
740,752,8,2017-01-01,2017-03-01
755,772,8,2017-01-01,2017-03-01
750,773,8,2017-01-01,2017-03-01
716,771,8,2017-01-01,2017-03-01
733,751,8,2017-01-01,2017-03-01
719,731,8,2017-01-01,2017-03-01
752,771,8,2017-01-01,2017-03-01
763,1095,7,2017-01-01,2017-03-01
730,768,7,2017-01-01,2017-03-01
368,751,7,2017-01-01,2017-03-01
746,1001,7,2017-01-01,2017-03-01
2223,2295,7,2017-01-01,2017-03-01
255,275,7,2017-01-01,2017-03-01
1013,1031,7,2017-01-01,2017-03-01
374,1056,7,2017-01-01,2017-03-01
751,1053,7,2017-01-01,2017-03-01
2427,2467,7,2017-01-01,2017-03-01
712,795,7,2017-01-01,2017-03-01
4059,4080,7,2017-01-01,2017-03-01
760,1053,7,2017-01-01,2017-03-01
704,764,7,2017-01-01,2017-03-01
724,1053,7,2017-01-01,2017-03-01
364,746,7,2017-01-01,2017-03-01
2427,2458,7,2017-01-01,2017-03-01
248,274,7,2017-01-01,2017-03-01
255,293,7,2017-01-01,2017-03-01
4042,4080,7,2017-01-01,2017-03-01
762,797,7,2017-01-01,2017-03-01
368,701,7,2017-01-01,2017-03-01
2427,2498,7,2017-01-01,2017-03-01
2941,2959,7,2017-01-01,2017-03-01
773,795,7,2017-01-01,2017-03-01
328,395,7,2017-01-01,2017-03-01
2273,2295,7,2017-01-01,2017-03-01
4013,4059,7,2017-01-01,2017-03-01
758,773,7,2017-01-01,2017-03-01
364,760,7,2017-01-01,2017-03-01
709,730,7,2017-01-01,2017-03-01
274,293,7,2017-01-01,2017-03-01
2221,2222,7,2017-01-01,2017-03-01
364,1056,7,2017-01-01,2017-03-01
385,1043,7,2017-01-01,2017-03-01
2717,2783,7,2017-01-01,2017-03-01
764,797,7,2017-01-01,2017-03-01
364,724,7,2017-01-01,2017-03-01
2570,2600,7,2017-01-01,2017-03-01
2783,2789,7,2017-01-01,2017-03-01
3169,3180,7,2017-01-01,2017-03-01
255,266,7,2017-01-01,2017-03-01
4016,4042,7,2017-01-01,2017-03-01
915,975,7,2017-01-01,2017-03-01
763,1053,7,2017-01-01,2017-03-01
2407,2467,7,2017-01-01,2017-03-01
381,1026,7,2017-01-01,2017-03-01
2407,2427,7,2017-01-01,2017-03-01
2759,2789,7,2017-01-01,2017-03-01
650,684,7,2017-01-01,2017-03-01
1464,1484,7,2017-01-01,2017-03-01
2939,2941,7,2017-01-01,2017-03-01
3104,3162,7,2017-01-01,2017-03-01
2531,3104,7,2017-01-01,2017-03-01
204,3152,7,2017-01-01,2017-03-01
727,774,7,2017-01-01,2017-03-01
712,773,7,2017-01-01,2017-03-01
391,398,7,2017-01-01,2017-03-01
746,1095,7,2017-01-01,2017-03-01
2236,2279,7,2017-01-01,2017-03-01
333,369,7,2017-01-01,2017-03-01
2567,2600,7,2017-01-01,2017-03-01
719,727,7,2017-01-01,2017-03-01
740,1023,7,2017-01-01,2017-03-01
360,362,7,2017-01-01,2017-03-01
712,758,7,2017-01-01,2017-03-01
2407,2498,7,2017-01-01,2017-03-01
2212,2273,7,2017-01-01,2017-03-01
2223,2236,7,2017-01-01,2017-03-01
704,762,7,2017-01-01,2017-03-01
724,1001,7,2017-01-01,2017-03-01
255,3104,7,2017-01-01,2017-03-01
1482,1484,7,2017-01-01,2017-03-01
366,1023,7,2017-01-01,2017-03-01
374,1001,7,2017-01-01,2017-03-01
334,362,7,2017-01-01,2017-03-01
706,768,7,2017-01-01,2017-03-01
364,763,7,2017-01-01,2017-03-01
309,1043,7,2017-01-01,2017-03-01
2554,2600,7,2017-01-01,2017-03-01
750,795,7,2017-01-01,2017-03-01
746,1053,7,2017-01-01,2017-03-01
740,1095,7,2017-01-01,2017-03-01
248,255,7,2017-01-01,2017-03-01
749,750,7,2017-01-01,2017-03-01
374,1053,7,2017-01-01,2017-03-01
704,797,7,2017-01-01,2017-03-01
2223,2279,7,2017-01-01,2017-03-01
2437,2467,7,2017-01-01,2017-03-01
275,3180,7,2017-01-01,2017-03-01
1026,1035,7,2017-01-01,2017-03-01
751,1095,7,2017-01-01,2017-03-01
215,274,7,2017-01-01,2017-03-01
2244,2278,7,2017-01-01,2017-03-01
355,360,7,2017-01-01,2017-03-01
368,772,7,2017-01-01,2017-03-01
275,293,7,2017-01-01,2017-03-01
740,1001,7,2017-01-01,2017-03-01
1576,2667,7,2017-01-01,2017-03-01
1014,2699,7,2017-01-01,2017-03-01
1014,2655,7,2017-01-01,2017-03-01
2325,2335,7,2017-01-01,2017-03-01
2939,2959,7,2017-01-01,2017-03-01
1576,2699,7,2017-01-01,2017-03-01
364,740,7,2017-01-01,2017-03-01
2221,2255,7,2017-01-01,2017-03-01
751,1023,7,2017-01-01,2017-03-01
701,1053,7,2017-01-01,2017-03-01
772,1001,7,2017-01-01,2017-03-01
368,716,7,2017-01-01,2017-03-01
205,3180,7,2017-01-01,2017-03-01
610,650,7,2017-01-01,2017-03-01
2458,2467,7,2017-01-01,2017-03-01
772,1053,7,2017-01-01,2017-03-01
328,1013,7,2017-01-01,2017-03-01
2221,2263,7,2017-01-01,2017-03-01
2531,2554,7,2017-01-01,2017-03-01
1228,1287,7,2017-01-01,2017-03-01
1014,1269,7,2017-01-01,2017-03-01
215,275,7,2017-01-01,2017-03-01
2531,2570,7,2017-01-01,2017-03-01
4012,4059,7,2017-01-01,2017-03-01
205,606,7,2017-01-01,2017-03-01
761,797,7,2017-01-01,2017-03-01
716,1023,7,2017-01-01,2017-03-01
2941,2969,7,2017-01-01,2017-03-01
724,1095,7,2017-01-01,2017-03-01
231,264,7,2017-01-01,2017-03-01
772,1023,7,2017-01-01,2017-03-01
3913,3924,7,2017-01-01,2017-03-01
915,930,7,2017-01-01,2017-03-01
248,299,7,2017-01-01,2017-03-01
1243,1298,7,2017-01-01,2017-03-01
1025,1035,7,2017-01-01,2017-03-01
701,1001,7,2017-01-01,2017-03-01
230,271,7,2017-01-01,2017-03-01
2223,2273,7,2017-01-01,2017-03-01
4012,4042,7,2017-01-01,2017-03-01
2437,2458,7,2017-01-01,2017-03-01
374,1023,7,2017-01-01,2017-03-01
751,1001,7,2017-01-01,2017-03-01
4013,4080,7,2017-01-01,2017-03-01
1337,1371,7,2017-01-01,2017-03-01
331,1298,7,2017-01-01,2017-03-01
2531,2567,7,2017-01-01,2017-03-01
255,3162,7,2017-01-01,2017-03-01
1002,1073,7,2017-01-01,2017-03-01
772,1095,7,2017-01-01,2017-03-01
2467,2498,7,2017-01-01,2017-03-01
606,610,7,2017-01-01,2017-03-01
761,792,7,2017-01-01,2017-03-01
2759,2783,7,2017-01-01,2017-03-01
4012,4080,7,2017-01-01,2017-03-01
368,763,7,2017-01-01,2017-03-01
721,727,7,2017-01-01,2017-03-01
2717,2789,7,2017-01-01,2017-03-01
248,293,7,2017-01-01,2017-03-01
2273,2279,7,2017-01-01,2017-03-01
2939,2969,7,2017-01-01,2017-03-01
366,1053,7,2017-01-01,2017-03-01
701,1023,7,2017-01-01,2017-03-01
230,264,7,2017-01-01,2017-03-01
376,382,7,2017-01-01,2017-03-01
1464,1482,7,2017-01-01,2017-03-01
275,606,7,2017-01-01,2017-03-01
211,3104,7,2017-01-01,2017-03-01
716,1095,7,2017-01-01,2017-03-01
706,791,7,2017-01-01,2017-03-01
215,248,7,2017-01-01,2017-03-01
727,731,7,2017-01-01,2017-03-01
313,1043,7,2017-01-01,2017-03-01
768,791,7,2017-01-01,2017-03-01
761,762,7,2017-01-01,2017-03-01
231,271,7,2017-01-01,2017-03-01
2600,3104,7,2017-01-01,2017-03-01
660,692,7,2017-01-01,2017-03-01
749,773,7,2017-01-01,2017-03-01
724,1023,7,2017-01-01,2017-03-01
2212,2223,7,2017-01-01,2017-03-01
205,255,7,2017-01-01,2017-03-01
354,395,7,2017-01-01,2017-03-01
2458,2498,7,2017-01-01,2017-03-01
366,1001,7,2017-01-01,2017-03-01
760,1023,7,2017-01-01,2017-03-01
4012,4016,7,2017-01-01,2017-03-01
205,299,7,2017-01-01,2017-03-01
215,255,7,2017-01-01,2017-03-01
368,760,7,2017-01-01,2017-03-01
606,650,7,2017-01-01,2017-03-01
1666,1696,7,2017-01-01,2017-03-01
334,392,7,2017-01-01,2017-03-01
716,1053,7,2017-01-01,2017-03-01
1666,2511,7,2017-01-01,2017-03-01
334,360,7,2017-01-01,2017-03-01
712,749,7,2017-01-01,2017-03-01
709,791,7,2017-01-01,2017-03-01
364,701,7,2017-01-01,2017-03-01
928,975,7,2017-01-01,2017-03-01
746,1023,7,2017-01-01,2017-03-01
706,730,7,2017-01-01,2017-03-01
324,354,7,2017-01-01,2017-03-01
368,724,7,2017-01-01,2017-03-01
701,1095,7,2017-01-01,2017-03-01
366,1095,7,2017-01-01,2017-03-01
2222,2255,7,2017-01-01,2017-03-01
2959,2969,7,2017-01-01,2017-03-01
3149,3184,7,2017-01-01,2017-03-01
248,275,7,2017-01-01,2017-03-01
328,354,7,2017-01-01,2017-03-01
1696,2867,7,2017-01-01,2017-03-01
355,392,7,2017-01-01,2017-03-01
4042,4059,7,2017-01-01,2017-03-01
230,231,7,2017-01-01,2017-03-01
274,299,7,2017-01-01,2017-03-01
706,709,7,2017-01-01,2017-03-01
730,791,7,2017-01-01,2017-03-01
709,768,7,2017-01-01,2017-03-01
1014,1576,7,2017-01-01,2017-03-01
2212,2279,7,2017-01-01,2017-03-01
3104,3123,7,2017-01-01,2017-03-01
2212,2295,7,2017-01-01,2017-03-01
255,299,7,2017-01-01,2017-03-01
764,792,7,2017-01-01,2017-03-01
928,930,7,2017-01-01,2017-03-01
712,750,7,2017-01-01,2017-03-01
2567,2573,7,2017-01-01,2017-03-01
211,255,7,2017-01-01,2017-03-01
366,1056,7,2017-01-01,2017-03-01
362,392,7,2017-01-01,2017-03-01
1014,2667,7,2017-01-01,2017-03-01
763,1001,7,2017-01-01,2017-03-01
360,392,7,2017-01-01,2017-03-01
2236,2295,7,2017-01-01,2017-03-01
760,1095,7,2017-01-01,2017-03-01
255,274,7,2017-01-01,2017-03-01
750,758,7,2017-01-01,2017-03-01
324,1013,7,2017-01-01,2017-03-01
2236,2273,7,2017-01-01,2017-03-01
274,3180,7,2017-01-01,2017-03-01
606,684,7,2017-01-01,2017-03-01
727,778,7,2017-01-01,2017-03-01
215,293,7,2017-01-01,2017-03-01
274,606,7,2017-01-01,2017-03-01
4012,4013,7,2017-01-01,2017-03-01
381,1025,7,2017-01-01,2017-03-01
2255,2263,7,2017-01-01,2017-03-01
205,248,7,2017-01-01,2017-03-01
1314,1337,7,2017-01-01,2017-03-01
378,381,7,2017-01-01,2017-03-01
407,1666,7,2017-01-01,2017-03-01
740,1053,7,2017-01-01,2017-03-01
2437,2498,7,2017-01-01,2017-03-01
4016,4080,7,2017-01-01,2017-03-01
364,716,7,2017-01-01,2017-03-01
334,355,7,2017-01-01,2017-03-01
215,299,7,2017-01-01,2017-03-01
606,3180,7,2017-01-01,2017-03-01
231,3184,7,2017-01-01,2017-03-01
355,362,7,2017-01-01,2017-03-01
704,761,7,2017-01-01,2017-03-01
2407,2437,7,2017-01-01,2017-03-01
2570,2573,7,2017-01-01,2017-03-01
763,1023,7,2017-01-01,2017-03-01
368,1056,7,2017-01-01,2017-03-01
2405,2441,7,2017-01-01,2017-03-01
2407,2458,7,2017-01-01,2017-03-01
760,1001,7,2017-01-01,2017-03-01
2554,2573,7,2017-01-01,2017-03-01
1576,1598,7,2017-01-01,2017-03-01
4013,4016,7,2017-01-01,2017-03-01
126,130,7,2017-01-01,2017-03-01
264,271,7,2017-01-01,2017-03-01
374,1095,7,2017-01-01,2017-03-01
2212,2236,7,2017-01-01,2017-03-01
1503,1576,7,2017-01-01,2017-03-01
1014,2674,7,2017-01-01,2017-03-01
2222,2263,7,2017-01-01,2017-03-01
2427,2437,7,2017-01-01,2017-03-01
2554,2570,7,2017-01-01,2017-03-01
2717,2759,7,2017-01-01,2017-03-01
762,764,7,2017-01-01,2017-03-01
1576,2655,7,2017-01-01,2017-03-01
915,928,7,2017-01-01,2017-03-01
308,1043,7,2017-01-01,2017-03-01
368,740,7,2017-01-01,2017-03-01
368,746,7,2017-01-01,2017-03-01
3123,3180,7,2017-01-01,2017-03-01
364,751,7,2017-01-01,2017-03-01
205,293,7,2017-01-01,2017-03-01
407,2511,7,2017-01-01,2017-03-01
704,792,7,2017-01-01,2017-03-01
1598,2655,7,2017-01-01,2017-03-01
610,684,7,2017-01-01,2017-03-01
762,792,7,2017-01-01,2017-03-01
4013,4042,7,2017-01-01,2017-03-01
716,1001,7,2017-01-01,2017-03-01
4016,4059,7,2017-01-01,2017-03-01
930,975,7,2017-01-01,2017-03-01
792,797,7,2017-01-01,2017-03-01
2279,2295,7,2017-01-01,2017-03-01
2573,3104,7,2017-01-01,2017-03-01
275,299,7,2017-01-01,2017-03-01
3019,3039,7,2017-01-01,2017-03-01
2567,2570,7,2017-01-01,2017-03-01
364,772,7,2017-01-01,2017-03-01
3104,3180,7,2017-01-01,2017-03-01
1576,2674,7,2017-01-01,2017-03-01
266,3104,7,2017-01-01,2017-03-01
266,2570,7,2017-01-01,2017-03-01
1314,1371,7,2017-01-01,2017-03-01
205,215,7,2017-01-01,2017-03-01
324,395,7,2017-01-01,2017-03-01
755,762,6,2017-01-01,2017-03-01
1310,1322,6,2017-01-01,2017-03-01
2130,2181,6,2017-01-01,2017-03-01
2236,2293,6,2017-01-01,2017-03-01
2511,2789,6,2017-01-01,2017-03-01
709,733,6,2017-01-01,2017-03-01
271,3149,6,2017-01-01,2017-03-01
293,684,6,2017-01-01,2017-03-01
4025,4066,6,2017-01-01,2017-03-01
4017,4044,6,2017-01-01,2017-03-01
706,762,6,2017-01-01,2017-03-01
2212,2284,6,2017-01-01,2017-03-01
915,1337,6,2017-01-01,2017-03-01
731,758,6,2017-01-01,2017-03-01
721,749,6,2017-01-01,2017-03-01
760,766,6,2017-01-01,2017-03-01
774,795,6,2017-01-01,2017-03-01
1947,1970,6,2017-01-01,2017-03-01
2183,2199,6,2017-01-01,2017-03-01
2246,2299,6,2017-01-01,2017-03-01
2437,2441,6,2017-01-01,2017-03-01
331,440,6,2017-01-01,2017-03-01
1484,2867,6,2017-01-01,2017-03-01
945,979,6,2017-01-01,2017-03-01
366,772,6,2017-01-01,2017-03-01
2248,2285,6,2017-01-01,2017-03-01
4025,4083,6,2017-01-01,2017-03-01
4009,4080,6,2017-01-01,2017-03-01
2511,2867,6,2017-01-01,2017-03-01
1484,2789,6,2017-01-01,2017-03-01
368,395,6,2017-01-01,2017-03-01
334,354,6,2017-01-01,2017-03-01
768,792,6,2017-01-01,2017-03-01
701,791,6,2017-01-01,2017-03-01
374,392,6,2017-01-01,2017-03-01
645,646,6,2017-01-01,2017-03-01
704,746,6,2017-01-01,2017-03-01
704,771,6,2017-01-01,2017-03-01
1013,1053,6,2017-01-01,2017-03-01
1247,1269,6,2017-01-01,2017-03-01
2212,2263,6,2017-01-01,2017-03-01
2246,2298,6,2017-01-01,2017-03-01
3071,3077,6,2017-01-01,2017-03-01
3123,3162,6,2017-01-01,2017-03-01
215,610,6,2017-01-01,2017-03-01
3439,3446,6,2017-01-01,2017-03-01
4011,4042,6,2017-01-01,2017-03-01
4011,4052,6,2017-01-01,2017-03-01
975,2939,6,2017-01-01,2017-03-01
1666,2789,6,2017-01-01,2017-03-01
764,766,6,2017-01-01,2017-03-01
334,395,6,2017-01-01,2017-03-01
1905,1993,6,2017-01-01,2017-03-01
2222,2295,6,2017-01-01,2017-03-01
4025,4052,6,2017-01-01,2017-03-01
928,1337,6,2017-01-01,2017-03-01
928,2959,6,2017-01-01,2017-03-01
704,709,6,2017-01-01,2017-03-01
724,762,6,2017-01-01,2017-03-01
905,979,6,2017-01-01,2017-03-01
752,1056,6,2017-01-01,2017-03-01
366,724,6,2017-01-01,2017-03-01
440,1298,6,2017-01-01,2017-03-01
354,368,6,2017-01-01,2017-03-01
733,791,6,2017-01-01,2017-03-01
730,797,6,2017-01-01,2017-03-01
752,761,6,2017-01-01,2017-03-01
4011,4017,6,2017-01-01,2017-03-01
746,764,6,2017-01-01,2017-03-01
766,771,6,2017-01-01,2017-03-01
752,764,6,2017-01-01,2017-03-01
755,1056,6,2017-01-01,2017-03-01
606,3169,6,2017-01-01,2017-03-01
3603,3679,6,2017-01-01,2017-03-01
4013,4316,6,2017-01-01,2017-03-01
313,731,6,2017-01-01,2017-03-01
650,3123,6,2017-01-01,2017-03-01
3524,3561,6,2017-01-01,2017-03-01
628,655,6,2017-01-01,2017-03-01
791,797,6,2017-01-01,2017-03-01
2229,2285,6,2017-01-01,2017-03-01
130,2335,6,2017-01-01,2017-03-01
440,2600,6,2017-01-01,2017-03-01
915,2941,6,2017-01-01,2017-03-01
766,797,6,2017-01-01,2017-03-01
211,215,6,2017-01-01,2017-03-01
752,1023,6,2017-01-01,2017-03-01
1066,1223,6,2017-01-01,2017-03-01
2284,2293,6,2017-01-01,2017-03-01
3635,3678,6,2017-01-01,2017-03-01
4017,4066,6,2017-01-01,2017-03-01
4364,4395,6,2017-01-01,2017-03-01
730,752,6,2017-01-01,2017-03-01
751,766,6,2017-01-01,2017-03-01
719,750,6,2017-01-01,2017-03-01
1014,1066,6,2017-01-01,2017-03-01
364,752,6,2017-01-01,2017-03-01
740,1056,6,2017-01-01,2017-03-01
1484,2783,6,2017-01-01,2017-03-01
724,797,6,2017-01-01,2017-03-01
739,764,6,2017-01-01,2017-03-01
763,766,6,2017-01-01,2017-03-01
709,762,6,2017-01-01,2017-03-01
364,739,6,2017-01-01,2017-03-01
1911,1992,6,2017-01-01,2017-03-01
2178,2199,6,2017-01-01,2017-03-01
293,3104,6,2017-01-01,2017-03-01
4052,4080,6,2017-01-01,2017-03-01
4316,4395,6,2017-01-01,2017-03-01
4353,4395,6,2017-01-01,2017-03-01
1288,2802,6,2017-01-01,2017-03-01
355,364,6,2017-01-01,2017-03-01
712,731,6,2017-01-01,2017-03-01
739,797,6,2017-01-01,2017-03-01
801,848,6,2017-01-01,2017-03-01
2212,2255,6,2017-01-01,2017-03-01
750,771,6,2017-01-01,2017-03-01
333,1223,6,2017-01-01,2017-03-01
1942,1992,6,2017-01-01,2017-03-01
2298,2299,6,2017-01-01,2017-03-01
1482,2867,6,2017-01-01,2017-03-01
727,750,6,2017-01-01,2017-03-01
766,768,6,2017-01-01,2017-03-01
802,889,6,2017-01-01,2017-03-01
1332,1351,6,2017-01-01,2017-03-01
2152,2153,6,2017-01-01,2017-03-01
2255,2273,6,2017-01-01,2017-03-01
4012,4052,6,2017-01-01,2017-03-01
1337,2969,6,2017-01-01,2017-03-01
266,293,6,2017-01-01,2017-03-01
760,768,6,2017-01-01,2017-03-01
1023,1057,6,2017-01-01,2017-03-01
1914,1923,6,2017-01-01,2017-03-01
299,684,6,2017-01-01,2017-03-01
331,2531,6,2017-01-01,2017-03-01
4364,4399,6,2017-01-01,2017-03-01
762,766,6,2017-01-01,2017-03-01
823,847,6,2017-01-01,2017-03-01
2284,2295,6,2017-01-01,2017-03-01
2263,2279,6,2017-01-01,2017-03-01
2263,2284,6,2017-01-01,2017-03-01
2912,2972,6,2017-01-01,2017-03-01
299,606,6,2017-01-01,2017-03-01
2570,3104,6,2017-01-01,2017-03-01
1298,2573,6,2017-01-01,2017-03-01
760,761,6,2017-01-01,2017-03-01
2255,2295,6,2017-01-01,2017-03-01
231,3149,6,2017-01-01,2017-03-01
4053,4083,6,2017-01-01,2017-03-01
331,2554,6,2017-01-01,2017-03-01
334,374,6,2017-01-01,2017-03-01
746,792,6,2017-01-01,2017-03-01
905,940,6,2017-01-01,2017-03-01
374,746,6,2017-01-01,2017-03-01
2252,2285,6,2017-01-01,2017-03-01
2315,2325,6,2017-01-01,2017-03-01
205,3104,6,2017-01-01,2017-03-01
3451,3479,6,2017-01-01,2017-03-01
360,366,6,2017-01-01,2017-03-01
763,768,6,2017-01-01,2017-03-01
1315,1332,6,2017-01-01,2017-03-01
802,827,6,2017-01-01,2017-03-01
1506,1542,6,2017-01-01,2017-03-01
2175,2199,6,2017-01-01,2017-03-01
1503,2699,6,2017-01-01,2017-03-01
3635,3675,6,2017-01-01,2017-03-01
928,2969,6,2017-01-01,2017-03-01
456,493,6,2017-01-01,2017-03-01
759,792,6,2017-01-01,2017-03-01
2988,2992,6,2017-01-01,2017-03-01
3123,3146,6,2017-01-01,2017-03-01
684,3180,6,2017-01-01,2017-03-01
4017,4025,6,2017-01-01,2017-03-01
440,3104,6,2017-01-01,2017-03-01
774,786,6,2017-01-01,2017-03-01
739,1053,6,2017-01-01,2017-03-01
2273,2293,6,2017-01-01,2017-03-01
2221,2223,6,2017-01-01,2017-03-01
299,650,6,2017-01-01,2017-03-01
3635,3654,6,2017-01-01,2017-03-01
362,366,6,2017-01-01,2017-03-01
374,724,6,2017-01-01,2017-03-01
752,1001,6,2017-01-01,2017-03-01
759,1095,6,2017-01-01,2017-03-01
1923,1975,6,2017-01-01,2017-03-01
2273,2284,6,2017-01-01,2017-03-01
2405,2467,6,2017-01-01,2017-03-01
610,3180,6,2017-01-01,2017-03-01
930,1371,6,2017-01-01,2017-03-01
378,385,6,2017-01-01,2017-03-01
763,764,6,2017-01-01,2017-03-01
762,763,6,2017-01-01,2017-03-01
719,749,6,2017-01-01,2017-03-01
905,962,6,2017-01-01,2017-03-01
328,368,6,2017-01-01,2017-03-01
374,760,6,2017-01-01,2017-03-01
746,1056,6,2017-01-01,2017-03-01
205,610,6,2017-01-01,2017-03-01
248,3104,6,2017-01-01,2017-03-01
4329,4361,6,2017-01-01,2017-03-01
641,673,6,2017-01-01,2017-03-01
364,755,6,2017-01-01,2017-03-01
2153,2197,6,2017-01-01,2017-03-01
4309,4316,6,2017-01-01,2017-03-01
4012,4316,6,2017-01-01,2017-03-01
1484,2511,6,2017-01-01,2017-03-01
739,761,6,2017-01-01,2017-03-01
801,868,6,2017-01-01,2017-03-01
847,874,6,2017-01-01,2017-03-01
331,1243,6,2017-01-01,2017-03-01
2233,2243,6,2017-01-01,2017-03-01
2905,2988,6,2017-01-01,2017-03-01
4009,4025,6,2017-01-01,2017-03-01
648,662,6,2017-01-01,2017-03-01
719,758,6,2017-01-01,2017-03-01
847,852,6,2017-01-01,2017-03-01
709,772,6,2017-01-01,2017-03-01
366,752,6,2017-01-01,2017-03-01
1903,1976,6,2017-01-01,2017-03-01
2205,2278,6,2017-01-01,2017-03-01
2315,2335,6,2017-01-01,2017-03-01
331,1673,6,2017-01-01,2017-03-01
4373,4388,6,2017-01-01,2017-03-01
915,2969,6,2017-01-01,2017-03-01
764,768,6,2017-01-01,2017-03-01
716,730,6,2017-01-01,2017-03-01
758,1025,6,2017-01-01,2017-03-01
1946,1951,6,2017-01-01,2017-03-01
331,2573,6,2017-01-01,2017-03-01
706,716,6,2017-01-01,2017-03-01
731,749,6,2017-01-01,2017-03-01
1031,1057,6,2017-01-01,2017-03-01
2178,2186,6,2017-01-01,2017-03-01
2233,2240,6,2017-01-01,2017-03-01
2521,2539,6,2017-01-01,2017-03-01
3679,3698,6,2017-01-01,2017-03-01
975,1337,6,2017-01-01,2017-03-01
930,2959,6,2017-01-01,2017-03-01
1482,2783,6,2017-01-01,2017-03-01
730,761,6,2017-01-01,2017-03-01
1322,1367,6,2017-01-01,2017-03-01
2905,2992,6,2017-01-01,2017-03-01
3547,3571,6,2017-01-01,2017-03-01
4044,4080,6,2017-01-01,2017-03-01
4316,4388,6,2017-01-01,2017-03-01
704,706,6,2017-01-01,2017-03-01
701,730,6,2017-01-01,2017-03-01
1228,1247,6,2017-01-01,2017-03-01
313,719,6,2017-01-01,2017-03-01
739,1095,6,2017-01-01,2017-03-01
1942,1954,6,2017-01-01,2017-03-01
215,3104,6,2017-01-01,2017-03-01
1598,2674,6,2017-01-01,2017-03-01
4046,4057,6,2017-01-01,2017-03-01
1482,2759,6,2017-01-01,2017-03-01
739,766,6,2017-01-01,2017-03-01
806,823,6,2017-01-01,2017-03-01
1310,1369,6,2017-01-01,2017-03-01
385,774,6,2017-01-01,2017-03-01
366,740,6,2017-01-01,2017-03-01
1914,1993,6,2017-01-01,2017-03-01
2243,2245,6,2017-01-01,2017-03-01
4038,4082,6,2017-01-01,2017-03-01
641,655,6,2017-01-01,2017-03-01
1057,1095,6,2017-01-01,2017-03-01
806,827,6,2017-01-01,2017-03-01
366,755,6,2017-01-01,2017-03-01
2240,2298,6,2017-01-01,2017-03-01
2263,2293,6,2017-01-01,2017-03-01
4353,4373,6,2017-01-01,2017-03-01
1026,1073,6,2017-01-01,2017-03-01
719,795,6,2017-01-01,2017-03-01
749,1025,6,2017-01-01,2017-03-01
440,2531,6,2017-01-01,2017-03-01
4309,4364,6,2017-01-01,2017-03-01
975,2959,6,2017-01-01,2017-03-01
1031,1053,6,2017-01-01,2017-03-01
1322,1391,6,2017-01-01,2017-03-01
374,751,6,2017-01-01,2017-03-01
786,795,6,2017-01-01,2017-03-01
709,755,6,2017-01-01,2017-03-01
749,778,6,2017-01-01,2017-03-01
1035,1043,6,2017-01-01,2017-03-01
760,1056,6,2017-01-01,2017-03-01
308,719,6,2017-01-01,2017-03-01
1951,1976,6,2017-01-01,2017-03-01
2912,2988,6,2017-01-01,2017-03-01
1818,2511,6,2017-01-01,2017-03-01
1482,2789,6,2017-01-01,2017-03-01
205,684,6,2017-01-01,2017-03-01
1503,2655,6,2017-01-01,2017-03-01
801,804,6,2017-01-01,2017-03-01
1002,1025,6,2017-01-01,2017-03-01
1005,1087,6,2017-01-01,2017-03-01
309,774,6,2017-01-01,2017-03-01
309,721,6,2017-01-01,2017-03-01
1911,1942,6,2017-01-01,2017-03-01
2539,2560,6,2017-01-01,2017-03-01
610,3123,6,2017-01-01,2017-03-01
309,378,6,2017-01-01,2017-03-01
610,681,6,2017-01-01,2017-03-01
308,378,6,2017-01-01,2017-03-01
1970,1971,6,2017-01-01,2017-03-01
650,3180,6,2017-01-01,2017-03-01
299,3180,6,2017-01-01,2017-03-01
4020,4046,6,2017-01-01,2017-03-01
706,772,6,2017-01-01,2017-03-01
746,762,6,2017-01-01,2017-03-01
751,768,6,2017-01-01,2017-03-01
3154,3155,6,2017-01-01,2017-03-01
2186,2199,6,2017-01-01,2017-03-01
4011,4083,6,2017-01-01,2017-03-01
1298,2531,6,2017-01-01,2017-03-01
366,392,6,2017-01-01,2017-03-01
334,366,6,2017-01-01,2017-03-01
773,778,6,2017-01-01,2017-03-01
761,791,6,2017-01-01,2017-03-01
761,771,6,2017-01-01,2017-03-01
1025,1073,6,2017-01-01,2017-03-01
752,1053,6,2017-01-01,2017-03-01
381,758,6,2017-01-01,2017-03-01
313,774,6,2017-01-01,2017-03-01
1506,1561,6,2017-01-01,2017-03-01
4012,4017,6,2017-01-01,2017-03-01
1243,2570,6,2017-01-01,2017-03-01
4339,4395,6,2017-01-01,2017-03-01
706,746,6,2017-01-01,2017-03-01
1918,1947,6,2017-01-01,2017-03-01
4017,4080,6,2017-01-01,2017-03-01
4016,4044,6,2017-01-01,2017-03-01
4053,4059,6,2017-01-01,2017-03-01
751,762,6,2017-01-01,2017-03-01
848,868,6,2017-01-01,2017-03-01
324,761,6,2017-01-01,2017-03-01
4013,4052,6,2017-01-01,2017-03-01
4009,4083,6,2017-01-01,2017-03-01
4016,4083,6,2017-01-01,2017-03-01
706,792,6,2017-01-01,2017-03-01
727,758,6,2017-01-01,2017-03-01
709,751,6,2017-01-01,2017-03-01
378,1026,6,2017-01-01,2017-03-01
724,1056,6,2017-01-01,2017-03-01
333,1066,6,2017-01-01,2017-03-01
2212,2293,6,2017-01-01,2017-03-01
3524,3548,6,2017-01-01,2017-03-01
4009,4016,6,2017-01-01,2017-03-01
4359,4398,6,2017-01-01,2017-03-01
314,369,6,2017-01-01,2017-03-01
1002,1026,6,2017-01-01,2017-03-01
1666,2783,6,2017-01-01,2017-03-01
716,762,6,2017-01-01,2017-03-01
740,797,6,2017-01-01,2017-03-01
701,797,6,2017-01-01,2017-03-01
1002,1035,6,2017-01-01,2017-03-01
4009,4044,6,2017-01-01,2017-03-01
1484,1696,6,2017-01-01,2017-03-01
266,275,6,2017-01-01,2017-03-01
266,299,6,2017-01-01,2017-03-01
650,681,6,2017-01-01,2017-03-01
716,764,6,2017-01-01,2017-03-01
366,716,6,2017-01-01,2017-03-01
366,739,6,2017-01-01,2017-03-01
1946,1971,6,2017-01-01,2017-03-01
274,3169,6,2017-01-01,2017-03-01
255,684,6,2017-01-01,2017-03-01
299,3104,6,2017-01-01,2017-03-01
212,276,6,2017-01-01,2017-03-01
360,374,6,2017-01-01,2017-03-01
762,768,6,2017-01-01,2017-03-01
772,791,6,2017-01-01,2017-03-01
1001,1013,6,2017-01-01,2017-03-01
374,752,6,2017-01-01,2017-03-01
2223,2263,6,2017-01-01,2017-03-01
2243,2246,6,2017-01-01,2017-03-01
2315,2334,6,2017-01-01,2017-03-01
915,2959,6,2017-01-01,2017-03-01
706,764,6,2017-01-01,2017-03-01
730,766,6,2017-01-01,2017-03-01
1942,1999,6,2017-01-01,2017-03-01
2240,2243,6,2017-01-01,2017-03-01
3540,3589,6,2017-01-01,2017-03-01
4013,4066,6,2017-01-01,2017-03-01
4316,4399,6,2017-01-01,2017-03-01
407,1482,6,2017-01-01,2017-03-01
392,395,6,2017-01-01,2017-03-01
962,979,6,2017-01-01,2017-03-01
709,792,6,2017-01-01,2017-03-01
1903,1918,6,2017-01-01,2017-03-01
374,395,6,2017-01-01,2017-03-01
706,759,6,2017-01-01,2017-03-01
730,764,6,2017-01-01,2017-03-01
3411,3451,6,2017-01-01,2017-03-01
3537,3589,6,2017-01-01,2017-03-01
4009,4017,6,2017-01-01,2017-03-01
1464,1818,6,2017-01-01,2017-03-01
376,381,6,2017-01-01,2017-03-01
328,366,6,2017-01-01,2017-03-01
368,755,6,2017-01-01,2017-03-01
2717,2867,6,2017-01-01,2017-03-01
2789,2867,6,2017-01-01,2017-03-01
831,889,6,2017-01-01,2017-03-01
385,731,6,2017-01-01,2017-03-01
2175,2183,6,2017-01-01,2017-03-01
2236,2263,6,2017-01-01,2017-03-01
2441,2467,6,2017-01-01,2017-03-01
275,684,6,2017-01-01,2017-03-01
205,3123,6,2017-01-01,2017-03-01
704,739,6,2017-01-01,2017-03-01
704,766,6,2017-01-01,2017-03-01
766,791,6,2017-01-01,2017-03-01
1315,1377,6,2017-01-01,2017-03-01
1323,1367,6,2017-01-01,2017-03-01
1351,1377,6,2017-01-01,2017-03-01
772,1056,6,2017-01-01,2017-03-01
1986,1999,6,2017-01-01,2017-03-01
704,759,6,2017-01-01,2017-03-01
771,792,6,2017-01-01,2017-03-01
740,791,6,2017-01-01,2017-03-01
804,868,6,2017-01-01,2017-03-01
940,962,6,2017-01-01,2017-03-01
1370,1391,6,2017-01-01,2017-03-01
1371,2959,6,2017-01-01,2017-03-01
407,2783,6,2017-01-01,2017-03-01
704,752,6,2017-01-01,2017-03-01
755,768,6,2017-01-01,2017-03-01
328,362,6,2017-01-01,2017-03-01
324,764,6,2017-01-01,2017-03-01
1918,1970,6,2017-01-01,2017-03-01
2222,2236,6,2017-01-01,2017-03-01
293,606,6,2017-01-01,2017-03-01
3537,3540,6,2017-01-01,2017-03-01
928,1314,6,2017-01-01,2017-03-01
704,755,6,2017-01-01,2017-03-01
755,1001,6,2017-01-01,2017-03-01
2221,2295,6,2017-01-01,2017-03-01
975,1314,6,2017-01-01,2017-03-01
930,2941,6,2017-01-01,2017-03-01
827,889,6,2017-01-01,2017-03-01
1029,1031,6,2017-01-01,2017-03-01
771,1095,6,2017-01-01,2017-03-01
2229,2252,6,2017-01-01,2017-03-01
3104,3169,6,2017-01-01,2017-03-01
293,3180,6,2017-01-01,2017-03-01
915,2939,6,2017-01-01,2017-03-01
309,381,6,2017-01-01,2017-03-01
704,751,6,2017-01-01,2017-03-01
706,733,6,2017-01-01,2017-03-01
4017,4052,6,2017-01-01,2017-03-01
1666,1818,6,2017-01-01,2017-03-01
709,760,6,2017-01-01,2017-03-01
701,761,6,2017-01-01,2017-03-01
910,945,6,2017-01-01,2017-03-01
1021,1025,6,2017-01-01,2017-03-01
759,1053,6,2017-01-01,2017-03-01
3571,3578,6,2017-01-01,2017-03-01
1673,3104,6,2017-01-01,2017-03-01
1298,2600,6,2017-01-01,2017-03-01
730,792,6,2017-01-01,2017-03-01
751,791,6,2017-01-01,2017-03-01
1223,1247,6,2017-01-01,2017-03-01
1946,1947,6,2017-01-01,2017-03-01
126,2335,6,2017-01-01,2017-03-01
299,601,6,2017-01-01,2017-03-01
709,766,6,2017-01-01,2017-03-01
2221,2273,6,2017-01-01,2017-03-01
1696,2717,6,2017-01-01,2017-03-01
407,1464,6,2017-01-01,2017-03-01
362,368,6,2017-01-01,2017-03-01
368,392,6,2017-01-01,2017-03-01
724,792,6,2017-01-01,2017-03-01
778,786,6,2017-01-01,2017-03-01
378,1025,6,2017-01-01,2017-03-01
368,752,6,2017-01-01,2017-03-01
1506,1569,6,2017-01-01,2017-03-01
1602,1652,6,2017-01-01,2017-03-01
1947,1951,6,2017-01-01,2017-03-01
2293,2295,6,2017-01-01,2017-03-01
3654,3675,6,2017-01-01,2017-03-01
3675,3678,6,2017-01-01,2017-03-01
362,1029,6,2017-01-01,2017-03-01
733,1095,6,2017-01-01,2017-03-01
701,1056,6,2017-01-01,2017-03-01
1970,1976,6,2017-01-01,2017-03-01
2221,2236,6,2017-01-01,2017-03-01
274,650,6,2017-01-01,2017-03-01
407,2759,6,2017-01-01,2017-03-01
852,889,6,2017-01-01,2017-03-01
1323,1370,6,2017-01-01,2017-03-01
1542,1569,6,2017-01-01,2017-03-01
4052,4059,6,2017-01-01,2017-03-01
4017,4053,6,2017-01-01,2017-03-01
760,762,6,2017-01-01,2017-03-01
761,1013,6,2017-01-01,2017-03-01
2178,2183,6,2017-01-01,2017-03-01
255,650,6,2017-01-01,2017-03-01
2802,3046,6,2017-01-01,2017-03-01
4339,4388,6,2017-01-01,2017-03-01
354,392,6,2017-01-01,2017-03-01
716,792,6,2017-01-01,2017-03-01
752,797,6,2017-01-01,2017-03-01
749,774,6,2017-01-01,2017-03-01
1021,1043,6,2017-01-01,2017-03-01
1673,2531,6,2017-01-01,2017-03-01
930,1337,6,2017-01-01,2017-03-01
407,1696,6,2017-01-01,2017-03-01
324,374,6,2017-01-01,2017-03-01
381,795,6,2017-01-01,2017-03-01
733,1001,6,2017-01-01,2017-03-01
3123,3169,6,2017-01-01,2017-03-01
930,1314,6,2017-01-01,2017-03-01
360,395,6,2017-01-01,2017-03-01
733,764,6,2017-01-01,2017-03-01
758,786,6,2017-01-01,2017-03-01
709,740,6,2017-01-01,2017-03-01
750,755,6,2017-01-01,2017-03-01
1053,1057,6,2017-01-01,2017-03-01
804,888,6,2017-01-01,2017-03-01
1954,1986,6,2017-01-01,2017-03-01
2248,2252,6,2017-01-01,2017-03-01
275,3123,6,2017-01-01,2017-03-01
730,740,6,2017-01-01,2017-03-01
759,791,6,2017-01-01,2017-03-01
1332,1377,6,2017-01-01,2017-03-01
3603,3681,6,2017-01-01,2017-03-01
4012,4053,6,2017-01-01,2017-03-01
331,3104,6,2017-01-01,2017-03-01
4316,4373,6,2017-01-01,2017-03-01
1337,2959,6,2017-01-01,2017-03-01
709,771,6,2017-01-01,2017-03-01
1223,1287,6,2017-01-01,2017-03-01
248,684,6,2017-01-01,2017-03-01
3639,3654,6,2017-01-01,2017-03-01
2567,3104,6,2017-01-01,2017-03-01
4373,4399,6,2017-01-01,2017-03-01
4395,4399,6,2017-01-01,2017-03-01
374,759,6,2017-01-01,2017-03-01
752,1095,6,2017-01-01,2017-03-01
795,1026,6,2017-01-01,2017-03-01
366,733,6,2017-01-01,2017-03-01
2175,2178,6,2017-01-01,2017-03-01
2212,2221,6,2017-01-01,2017-03-01
293,601,6,2017-01-01,2017-03-01
4016,4017,6,2017-01-01,2017-03-01
704,768,6,2017-01-01,2017-03-01
1031,1095,6,2017-01-01,2017-03-01
928,2939,6,2017-01-01,2017-03-01
2759,2867,6,2017-01-01,2017-03-01
1696,2789,6,2017-01-01,2017-03-01
381,382,6,2017-01-01,2017-03-01
313,376,6,2017-01-01,2017-03-01
2233,2298,6,2017-01-01,2017-03-01
2972,2988,6,2017-01-01,2017-03-01
3171,3173,6,2017-01-01,2017-03-01
4329,4359,6,2017-01-01,2017-03-01
4388,4399,6,2017-01-01,2017-03-01
762,771,6,2017-01-01,2017-03-01
831,847,6,2017-01-01,2017-03-01
709,797,6,2017-01-01,2017-03-01
385,721,6,2017-01-01,2017-03-01
3104,3146,6,2017-01-01,2017-03-01
684,3123,6,2017-01-01,2017-03-01
3509,3554,6,2017-01-01,2017-03-01
2554,3104,6,2017-01-01,2017-03-01
4316,4353,6,2017-01-01,2017-03-01
1666,2717,6,2017-01-01,2017-03-01
655,673,6,2017-01-01,2017-03-01
704,791,6,2017-01-01,2017-03-01
706,771,6,2017-01-01,2017-03-01
768,772,6,2017-01-01,2017-03-01
759,762,6,2017-01-01,2017-03-01
945,993,6,2017-01-01,2017-03-01
1228,1269,6,2017-01-01,2017-03-01
4011,4012,6,2017-01-01,2017-03-01
308,376,6,2017-01-01,2017-03-01
1369,1391,6,2017-01-01,2017-03-01
2236,2284,6,2017-01-01,2017-03-01
2243,2298,6,2017-01-01,2017-03-01
407,1818,6,2017-01-01,2017-03-01
1818,2759,6,2017-01-01,2017-03-01
313,381,6,2017-01-01,2017-03-01
763,791,6,2017-01-01,2017-03-01
1013,1095,6,2017-01-01,2017-03-01
1918,1971,6,2017-01-01,2017-03-01
1269,1503,6,2017-01-01,2017-03-01
755,792,6,2017-01-01,2017-03-01
309,778,6,2017-01-01,2017-03-01
3112,3132,6,2017-01-01,2017-03-01
4066,4080,6,2017-01-01,2017-03-01
211,2567,6,2017-01-01,2017-03-01
4316,4364,6,2017-01-01,2017-03-01
1371,2939,6,2017-01-01,2017-03-01
930,2939,6,2017-01-01,2017-03-01
354,374,6,2017-01-01,2017-03-01
762,791,6,2017-01-01,2017-03-01
746,791,6,2017-01-01,2017-03-01
716,791,6,2017-01-01,2017-03-01
1013,1057,6,2017-01-01,2017-03-01
2405,2458,6,2017-01-01,2017-03-01
275,3104,6,2017-01-01,2017-03-01
3509,3589,6,2017-01-01,2017-03-01
4017,4059,6,2017-01-01,2017-03-01
4059,4066,6,2017-01-01,2017-03-01
1484,2759,6,2017-01-01,2017-03-01
243,294,6,2017-01-01,2017-03-01
730,763,6,2017-01-01,2017-03-01
868,888,6,2017-01-01,2017-03-01
308,382,6,2017-01-01,2017-03-01
2223,2293,6,2017-01-01,2017-03-01
2279,2293,6,2017-01-01,2017-03-01
4309,4339,6,2017-01-01,2017-03-01
374,701,6,2017-01-01,2017-03-01
248,681,6,2017-01-01,2017-03-01
1673,2573,6,2017-01-01,2017-03-01
334,368,6,2017-01-01,2017-03-01
724,730,6,2017-01-01,2017-03-01
1992,1999,6,2017-01-01,2017-03-01
3536,3547,6,2017-01-01,2017-03-01
4020,4057,6,2017-01-01,2017-03-01
4309,4395,6,2017-01-01,2017-03-01
385,719,6,2017-01-01,2017-03-01
1903,1947,6,2017-01-01,2017-03-01
2175,2186,6,2017-01-01,2017-03-01
3654,3678,6,2017-01-01,2017-03-01
4016,4066,6,2017-01-01,2017-03-01
354,366,6,2017-01-01,2017-03-01
772,792,6,2017-01-01,2017-03-01
905,910,6,2017-01-01,2017-03-01
1598,2570,6,2017-01-01,2017-03-01
4080,4316,6,2017-01-01,2017-03-01
1464,2789,6,2017-01-01,2017-03-01
721,773,6,2017-01-01,2017-03-01
709,746,6,2017-01-01,2017-03-01
364,733,6,2017-01-01,2017-03-01
369,1066,6,2017-01-01,2017-03-01
1918,1951,6,2017-01-01,2017-03-01
2905,2972,6,2017-01-01,2017-03-01
4042,4066,6,2017-01-01,2017-03-01
4053,4066,6,2017-01-01,2017-03-01
752,766,6,2017-01-01,2017-03-01
381,749,6,2017-01-01,2017-03-01
440,2573,6,2017-01-01,2017-03-01
1314,2941,6,2017-01-01,2017-03-01
2511,2717,6,2017-01-01,2017-03-01
1484,1666,6,2017-01-01,2017-03-01
366,395,6,2017-01-01,2017-03-01
1322,1370,6,2017-01-01,2017-03-01
755,1023,6,2017-01-01,2017-03-01
2240,2245,6,2017-01-01,2017-03-01
3648,3698,6,2017-01-01,2017-03-01
1298,3104,6,2017-01-01,2017-03-01
1298,1673,6,2017-01-01,2017-03-01
928,2941,6,2017-01-01,2017-03-01
2539,2563,6,2017-01-01,2017-03-01
4013,4083,6,2017-01-01,2017-03-01
1269,3913,6,2017-01-01,2017-03-01
331,2600,6,2017-01-01,2017-03-01
4388,4395,6,2017-01-01,2017-03-01
1371,2969,6,2017-01-01,2017-03-01
706,761,6,2017-01-01,2017-03-01
762,772,6,2017-01-01,2017-03-01
755,773,6,2017-01-01,2017-03-01
905,993,6,2017-01-01,2017-03-01
1905,1914,6,2017-01-01,2017-03-01
2334,2335,6,2017-01-01,2017-03-01
141,2334,6,2017-01-01,2017-03-01
3446,3479,6,2017-01-01,2017-03-01
3639,3675,6,2017-01-01,2017-03-01
1818,2783,6,2017-01-01,2017-03-01
719,773,6,2017-01-01,2017-03-01
1323,1369,6,2017-01-01,2017-03-01
701,768,6,2017-01-01,2017-03-01
733,1053,6,2017-01-01,2017-03-01
3146,3169,6,2017-01-01,2017-03-01
684,3104,6,2017-01-01,2017-03-01
761,766,6,2017-01-01,2017-03-01
1813,1837,6,2017-01-01,2017-03-01
4316,4339,6,2017-01-01,2017-03-01
704,772,6,2017-01-01,2017-03-01
746,766,6,2017-01-01,2017-03-01
601,681,6,2017-01-01,2017-03-01
2816,2857,6,2017-01-01,2017-03-01
299,3123,6,2017-01-01,2017-03-01
3536,3571,6,2017-01-01,2017-03-01
4042,4044,6,2017-01-01,2017-03-01
215,266,6,2017-01-01,2017-03-01
731,1043,6,2017-01-01,2017-03-01
2905,2911,6,2017-01-01,2017-03-01
324,334,6,2017-01-01,2017-03-01
731,773,6,2017-01-01,2017-03-01
847,889,6,2017-01-01,2017-03-01
374,739,6,2017-01-01,2017-03-01
2153,2175,6,2017-01-01,2017-03-01
2175,2197,6,2017-01-01,2017-03-01
2407,2441,6,2017-01-01,2017-03-01
355,374,6,2017-01-01,2017-03-01
730,746,6,2017-01-01,2017-03-01
1013,1056,6,2017-01-01,2017-03-01
2233,2244,6,2017-01-01,2017-03-01
4012,4044,6,2017-01-01,2017-03-01
701,792,6,2017-01-01,2017-03-01
755,1095,6,2017-01-01,2017-03-01
2223,2284,6,2017-01-01,2017-03-01
2205,2242,6,2017-01-01,2017-03-01
126,2325,6,2017-01-01,2017-03-01
4011,4013,6,2017-01-01,2017-03-01
440,1673,6,2017-01-01,2017-03-01
381,385,6,2017-01-01,2017-03-01
354,355,6,2017-01-01,2017-03-01
354,364,6,2017-01-01,2017-03-01
733,797,6,2017-01-01,2017-03-01
716,768,6,2017-01-01,2017-03-01
752,792,6,2017-01-01,2017-03-01
910,979,6,2017-01-01,2017-03-01
366,759,6,2017-01-01,2017-03-01
130,2325,6,2017-01-01,2017-03-01
4011,4053,6,2017-01-01,2017-03-01
4011,4059,6,2017-01-01,2017-03-01
930,2969,6,2017-01-01,2017-03-01
716,761,6,2017-01-01,2017-03-01
724,761,6,2017-01-01,2017-03-01
827,831,6,2017-01-01,2017-03-01
309,731,6,2017-01-01,2017-03-01
2152,2186,6,2017-01-01,2017-03-01
4011,4025,6,2017-01-01,2017-03-01
1337,2941,6,2017-01-01,2017-03-01
4329,4398,6,2017-01-01,2017-03-01
1029,1056,6,2017-01-01,2017-03-01
806,831,6,2017-01-01,2017-03-01
1002,1021,6,2017-01-01,2017-03-01
774,1043,6,2017-01-01,2017-03-01
2242,2244,6,2017-01-01,2017-03-01
2279,2284,6,2017-01-01,2017-03-01
1240,1602,6,2017-01-01,2017-03-01
4073,4082,6,2017-01-01,2017-03-01
4009,4042,6,2017-01-01,2017-03-01
437,1248,6,2017-01-01,2017-03-01
740,766,6,2017-01-01,2017-03-01
1024,1092,6,2017-01-01,2017-03-01
266,2554,6,2017-01-01,2017-03-01
763,792,6,2017-01-01,2017-03-01
771,773,6,2017-01-01,2017-03-01
731,750,6,2017-01-01,2017-03-01
712,727,6,2017-01-01,2017-03-01
1026,1043,6,2017-01-01,2017-03-01
328,355,6,2017-01-01,2017-03-01
324,1031,6,2017-01-01,2017-03-01
1645,1693,6,2017-01-01,2017-03-01
248,650,6,2017-01-01,2017-03-01
704,763,6,2017-01-01,2017-03-01
730,751,6,2017-01-01,2017-03-01
827,852,6,2017-01-01,2017-03-01
360,1029,6,2017-01-01,2017-03-01
1310,1367,6,2017-01-01,2017-03-01
374,763,6,2017-01-01,2017-03-01
2153,2199,6,2017-01-01,2017-03-01
2255,2293,6,2017-01-01,2017-03-01
2205,2244,6,2017-01-01,2017-03-01
3411,3439,6,2017-01-01,2017-03-01
3639,3678,6,2017-01-01,2017-03-01
1482,1696,6,2017-01-01,2017-03-01
364,395,6,2017-01-01,2017-03-01
313,382,6,2017-01-01,2017-03-01
758,774,6,2017-01-01,2017-03-01
727,749,6,2017-01-01,2017-03-01
721,758,6,2017-01-01,2017-03-01
1315,1351,6,2017-01-01,2017-03-01
308,778,6,2017-01-01,2017-03-01
215,650,6,2017-01-01,2017-03-01
4017,4083,6,2017-01-01,2017-03-01
4319,4400,6,2017-01-01,2017-03-01
727,786,6,2017-01-01,2017-03-01
766,772,6,2017-01-01,2017-03-01
740,768,6,2017-01-01,2017-03-01
1323,1391,6,2017-01-01,2017-03-01
763,1056,6,2017-01-01,2017-03-01
299,610,6,2017-01-01,2017-03-01
205,650,6,2017-01-01,2017-03-01
1269,2699,6,2017-01-01,2017-03-01
4309,4373,6,2017-01-01,2017-03-01
1666,2759,6,2017-01-01,2017-03-01
1818,2867,6,2017-01-01,2017-03-01
721,750,6,2017-01-01,2017-03-01
962,993,6,2017-01-01,2017-03-01
1029,1095,6,2017-01-01,2017-03-01
1946,1976,6,2017-01-01,2017-03-01
2233,2299,6,2017-01-01,2017-03-01
4339,4399,6,2017-01-01,2017-03-01
366,701,6,2017-01-01,2017-03-01
2222,2279,6,2017-01-01,2017-03-01
1464,2783,6,2017-01-01,2017-03-01
126,141,6,2017-01-01,2017-03-01
733,792,6,2017-01-01,2017-03-01
764,771,6,2017-01-01,2017-03-01
328,374,6,2017-01-01,2017-03-01
719,786,6,2017-01-01,2017-03-01
1223,1228,6,2017-01-01,2017-03-01
374,771,6,2017-01-01,2017-03-01
2186,2197,6,2017-01-01,2017-03-01
806,852,6,2017-01-01,2017-03-01
739,1001,6,2017-01-01,2017-03-01
274,684,6,2017-01-01,2017-03-01
1503,2674,6,2017-01-01,2017-03-01
376,385,6,2017-01-01,2017-03-01
712,778,6,2017-01-01,2017-03-01
759,761,6,2017-01-01,2017-03-01
701,709,6,2017-01-01,2017-03-01
806,889,6,2017-01-01,2017-03-01
1247,1287,6,2017-01-01,2017-03-01
4016,4316,6,2017-01-01,2017-03-01
733,766,6,2017-01-01,2017-03-01
852,874,6,2017-01-01,2017-03-01
1035,1073,6,2017-01-01,2017-03-01
709,763,6,2017-01-01,2017-03-01
368,771,6,2017-01-01,2017-03-01
771,1056,6,2017-01-01,2017-03-01
1269,1598,6,2017-01-01,2017-03-01
378,382,6,2017-01-01,2017-03-01
771,797,6,2017-01-01,2017-03-01
730,772,6,2017-01-01,2017-03-01
910,940,6,2017-01-01,2017-03-01
601,684,6,2017-01-01,2017-03-01
730,733,6,2017-01-01,2017-03-01
314,1247,6,2017-01-01,2017-03-01
3046,3077,6,2017-01-01,2017-03-01
3411,3479,6,2017-01-01,2017-03-01
3679,3681,6,2017-01-01,2017-03-01
1021,1073,6,2017-01-01,2017-03-01
1023,1029,6,2017-01-01,2017-03-01
2255,2284,6,2017-01-01,2017-03-01
4011,4016,6,2017-01-01,2017-03-01
1696,2511,6,2017-01-01,2017-03-01
706,751,6,2017-01-01,2017-03-01
733,761,6,2017-01-01,2017-03-01
751,797,6,2017-01-01,2017-03-01
739,762,6,2017-01-01,2017-03-01
771,791,6,2017-01-01,2017-03-01
802,823,6,2017-01-01,2017-03-01
328,1031,6,2017-01-01,2017-03-01
704,740,6,2017-01-01,2017-03-01
795,1025,6,2017-01-01,2017-03-01
1652,1674,6,2017-01-01,2017-03-01
1918,1946,6,2017-01-01,2017-03-01
4009,4011,6,2017-01-01,2017-03-01
915,1371,6,2017-01-01,2017-03-01
1482,1818,6,2017-01-01,2017-03-01
759,764,6,2017-01-01,2017-03-01
940,945,6,2017-01-01,2017-03-01
823,827,6,2017-01-01,2017-03-01
1310,1391,6,2017-01-01,2017-03-01
1918,1984,6,2017-01-01,2017-03-01
4044,4066,6,2017-01-01,2017-03-01
730,755,6,2017-01-01,2017-03-01
751,792,6,2017-01-01,2017-03-01
1001,1057,6,2017-01-01,2017-03-01
1002,1043,6,2017-01-01,2017-03-01
366,771,6,2017-01-01,2017-03-01
2236,2255,6,2017-01-01,2017-03-01
3681,3698,6,2017-01-01,2017-03-01
4053,4080,6,2017-01-01,2017-03-01
975,2941,6,2017-01-01,2017-03-01
716,766,6,2017-01-01,2017-03-01
1911,1986,6,2017-01-01,2017-03-01
3439,3447,6,2017-01-01,2017-03-01
1014,1503,6,2017-01-01,2017-03-01
4353,4399,6,2017-01-01,2017-03-01
324,360,6,2017-01-01,2017-03-01
1269,1287,6,2017-01-01,2017-03-01
1367,1370,6,2017-01-01,2017-03-01
354,1013,6,2017-01-01,2017-03-01
395,1031,6,2017-01-01,2017-03-01
1947,1976,6,2017-01-01,2017-03-01
1971,1976,6,2017-01-01,2017-03-01
704,730,6,2017-01-01,2017-03-01
1001,1029,6,2017-01-01,2017-03-01
739,1056,6,2017-01-01,2017-03-01
2911,2972,6,2017-01-01,2017-03-01
4042,4052,6,2017-01-01,2017-03-01
4364,4373,6,2017-01-01,2017-03-01
4339,4373,6,2017-01-01,2017-03-01
928,1371,6,2017-01-01,2017-03-01
1818,2717,6,2017-01-01,2017-03-01
746,797,6,2017-01-01,2017-03-01
827,847,6,2017-01-01,2017-03-01
823,831,6,2017-01-01,2017-03-01
392,1029,6,2017-01-01,2017-03-01
1310,1370,6,2017-01-01,2017-03-01
4042,4316,6,2017-01-01,2017-03-01
730,760,6,2017-01-01,2017-03-01
724,768,6,2017-01-01,2017-03-01
752,762,6,2017-01-01,2017-03-01
701,762,6,2017-01-01,2017-03-01
366,751,6,2017-01-01,2017-03-01
2152,2197,6,2017-01-01,2017-03-01
3603,3698,6,2017-01-01,2017-03-01
4066,4083,6,2017-01-01,2017-03-01
324,392,6,2017-01-01,2017-03-01
1013,1029,6,2017-01-01,2017-03-01
2242,2278,6,2017-01-01,2017-03-01
2560,2563,6,2017-01-01,2017-03-01
266,3162,6,2017-01-01,2017-03-01
1269,2655,6,2017-01-01,2017-03-01
4309,4353,6,2017-01-01,2017-03-01
211,275,6,2017-01-01,2017-03-01
628,641,6,2017-01-01,2017-03-01
716,1056,6,2017-01-01,2017-03-01
230,3184,6,2017-01-01,2017-03-01
248,266,6,2017-01-01,2017-03-01
215,3180,6,2017-01-01,2017-03-01
1464,2511,6,2017-01-01,2017-03-01
739,791,6,2017-01-01,2017-03-01
759,1001,6,2017-01-01,2017-03-01
755,1053,6,2017-01-01,2017-03-01
3155,3172,6,2017-01-01,2017-03-01
248,3180,6,2017-01-01,2017-03-01
407,1484,6,2017-01-01,2017-03-01
313,378,6,2017-01-01,2017-03-01
831,874,6,2017-01-01,2017-03-01
750,1035,6,2017-01-01,2017-03-01
733,1056,6,2017-01-01,2017-03-01
1905,1975,6,2017-01-01,2017-03-01
2152,2175,6,2017-01-01,2017-03-01
4013,4044,6,2017-01-01,2017-03-01
4080,4083,6,2017-01-01,2017-03-01
874,889,6,2017-01-01,2017-03-01
376,1002,6,2017-01-01,2017-03-01
385,778,6,2017-01-01,2017-03-01
771,1001,6,2017-01-01,2017-03-01
1951,1971,6,2017-01-01,2017-03-01
1947,1984,6,2017-01-01,2017-03-01
2152,2199,6,2017-01-01,2017-03-01
4309,4388,6,2017-01-01,2017-03-01
4309,4399,6,2017-01-01,2017-03-01
4361,4398,6,2017-01-01,2017-03-01
772,797,6,2017-01-01,2017-03-01
1029,1053,6,2017-01-01,2017-03-01
1021,1035,6,2017-01-01,2017-03-01
2427,2441,6,2017-01-01,2017-03-01
2911,2912,6,2017-01-01,2017-03-01
264,3149,6,2017-01-01,2017-03-01
3554,3589,6,2017-01-01,2017-03-01
4010,4046,6,2017-01-01,2017-03-01
975,1371,6,2017-01-01,2017-03-01
760,792,6,2017-01-01,2017-03-01
759,797,6,2017-01-01,2017-03-01
910,993,6,2017-01-01,2017-03-01
733,1023,6,2017-01-01,2017-03-01
749,1026,6,2017-01-01,2017-03-01
764,1013,6,2017-01-01,2017-03-01
2233,2278,6,2017-01-01,2017-03-01
4042,4053,6,2017-01-01,2017-03-01
4353,4364,6,2017-01-01,2017-03-01
2511,2783,6,2017-01-01,2017-03-01
733,768,6,2017-01-01,2017-03-01
716,797,6,2017-01-01,2017-03-01
751,764,6,2017-01-01,2017-03-01
712,719,6,2017-01-01,2017-03-01
1029,1057,6,2017-01-01,2017-03-01
274,3123,6,2017-01-01,2017-03-01
3648,3681,6,2017-01-01,2017-03-01
4025,4080,6,2017-01-01,2017-03-01
4025,4059,6,2017-01-01,2017-03-01
706,763,6,2017-01-01,2017-03-01
823,889,6,2017-01-01,2017-03-01
739,1023,6,2017-01-01,2017-03-01
2816,2867,6,2017-01-01,2017-03-01
4042,4083,6,2017-01-01,2017-03-01
1666,2867,6,2017-01-01,2017-03-01
1482,1666,6,2017-01-01,2017-03-01
309,382,6,2017-01-01,2017-03-01
355,368,6,2017-01-01,2017-03-01
1951,1970,6,2017-01-01,2017-03-01
1903,1946,6,2017-01-01,2017-03-01
3046,3071,6,2017-01-01,2017-03-01
4016,4053,6,2017-01-01,2017-03-01
706,739,6,2017-01-01,2017-03-01
733,762,6,2017-01-01,2017-03-01
701,764,6,2017-01-01,2017-03-01
802,847,6,2017-01-01,2017-03-01
313,721,6,2017-01-01,2017-03-01
1986,1992,6,2017-01-01,2017-03-01
1903,1951,6,2017-01-01,2017-03-01
215,684,6,2017-01-01,2017-03-01
3547,3578,6,2017-01-01,2017-03-01
1673,2554,6,2017-01-01,2017-03-01
362,374,6,2017-01-01,2017-03-01
681,684,6,2017-01-01,2017-03-01
706,797,6,2017-01-01,2017-03-01
2263,2295,6,2017-01-01,2017-03-01
2545,2576,6,2017-01-01,2017-03-01
4044,4053,6,2017-01-01,2017-03-01
1298,2554,6,2017-01-01,2017-03-01
4059,4316,6,2017-01-01,2017-03-01
1013,1023,6,2017-01-01,2017-03-01
314,333,6,2017-01-01,2017-03-01
701,766,6,2017-01-01,2017-03-01
751,761,6,2017-01-01,2017-03-01
752,768,6,2017-01-01,2017-03-01
382,1002,6,2017-01-01,2017-03-01
374,716,6,2017-01-01,2017-03-01
2255,2279,6,2017-01-01,2017-03-01
255,610,6,2017-01-01,2017-03-01
271,3184,6,2017-01-01,2017-03-01
266,1598,6,2017-01-01,2017-03-01
407,2867,6,2017-01-01,2017-03-01
1464,1666,6,2017-01-01,2017-03-01
704,760,6,2017-01-01,2017-03-01
731,795,6,2017-01-01,2017-03-01
755,791,6,2017-01-01,2017-03-01
905,945,6,2017-01-01,2017-03-01
1561,1569,6,2017-01-01,2017-03-01
4025,4053,6,2017-01-01,2017-03-01
4009,4053,6,2017-01-01,2017-03-01
1314,2939,6,2017-01-01,2017-03-01
730,759,6,2017-01-01,2017-03-01
768,771,6,2017-01-01,2017-03-01
1023,1031,6,2017-01-01,2017-03-01
328,364,6,2017-01-01,2017-03-01
2183,2186,6,2017-01-01,2017-03-01
2229,2248,6,2017-01-01,2017-03-01
1074,1696,6,2017-01-01,2017-03-01
1464,2717,6,2017-01-01,2017-03-01
1818,2789,6,2017-01-01,2017-03-01
940,979,6,2017-01-01,2017-03-01
945,962,6,2017-01-01,2017-03-01
1025,1043,6,2017-01-01,2017-03-01
1322,1369,6,2017-01-01,2017-03-01
3109,3178,6,2017-01-01,2017-03-01
610,3104,6,2017-01-01,2017-03-01
3529,3553,6,2017-01-01,2017-03-01
324,362,6,2017-01-01,2017-03-01
362,395,6,2017-01-01,2017-03-01
395,1013,6,2017-01-01,2017-03-01
1223,1269,6,2017-01-01,2017-03-01
328,761,6,2017-01-01,2017-03-01
4016,4052,6,2017-01-01,2017-03-01
746,768,6,2017-01-01,2017-03-01
2233,2246,6,2017-01-01,2017-03-01
2521,2560,6,2017-01-01,2017-03-01
752,791,6,2017-01-01,2017-03-01
1369,1370,6,2017-01-01,2017-03-01
3540,3554,6,2017-01-01,2017-03-01
1464,2759,6,2017-01-01,2017-03-01
704,733,6,2017-01-01,2017-03-01
1236,1271,6,2017-01-01,2017-03-01
1905,1923,6,2017-01-01,2017-03-01
2223,2255,6,2017-01-01,2017-03-01
606,3123,6,2017-01-01,2017-03-01
3446,3447,6,2017-01-01,2017-03-01
211,274,6,2017-01-01,2017-03-01
355,395,6,2017-01-01,2017-03-01
731,786,6,2017-01-01,2017-03-01
730,762,6,2017-01-01,2017-03-01
778,1043,6,2017-01-01,2017-03-01
1954,1992,6,2017-01-01,2017-03-01
1971,1984,6,2017-01-01,2017-03-01
3162,3169,6,2017-01-01,2017-03-01
3116,3145,6,2017-01-01,2017-03-01
4012,4025,6,2017-01-01,2017-03-01
376,378,6,2017-01-01,2017-03-01
724,766,6,2017-01-01,2017-03-01
768,797,6,2017-01-01,2017-03-01
701,704,6,2017-01-01,2017-03-01
823,874,6,2017-01-01,2017-03-01
1903,1984,6,2017-01-01,2017-03-01
3509,3537,6,2017-01-01,2017-03-01
4052,4083,6,2017-01-01,2017-03-01
440,2554,6,2017-01-01,2017-03-01
915,1314,6,2017-01-01,2017-03-01
750,774,6,2017-01-01,2017-03-01
740,764,6,2017-01-01,2017-03-01
827,874,6,2017-01-01,2017-03-01
2405,2437,6,2017-01-01,2017-03-01
2743,2769,6,2017-01-01,2017-03-01
606,3104,6,2017-01-01,2017-03-01
706,760,6,2017-01-01,2017-03-01
758,778,6,2017-01-01,2017-03-01
773,774,6,2017-01-01,2017-03-01
802,831,6,2017-01-01,2017-03-01
2109,2145,6,2017-01-01,2017-03-01
3537,3554,6,2017-01-01,2017-03-01
4052,4066,6,2017-01-01,2017-03-01
712,721,6,2017-01-01,2017-03-01
771,1053,6,2017-01-01,2017-03-01
2754,2769,6,2017-01-01,2017-03-01
1503,2667,6,2017-01-01,2017-03-01
205,211,6,2017-01-01,2017-03-01
354,360,6,2017-01-01,2017-03-01
443,490,6,2017-01-01,2017-03-01
601,606,6,2017-01-01,2017-03-01
730,771,6,2017-01-01,2017-03-01
1367,1369,6,2017-01-01,2017-03-01
374,740,6,2017-01-01,2017-03-01
2911,2988,6,2017-01-01,2017-03-01
275,650,6,2017-01-01,2017-03-01
1269,1576,6,2017-01-01,2017-03-01
740,761,6,2017-01-01,2017-03-01
802,874,6,2017-01-01,2017-03-01
1367,1391,6,2017-01-01,2017-03-01
2152,2178,6,2017-01-01,2017-03-01
364,392,6,2017-01-01,2017-03-01
721,786,6,2017-01-01,2017-03-01
308,731,6,2017-01-01,2017-03-01
1918,1976,6,2017-01-01,2017-03-01
3162,3180,6,2017-01-01,2017-03-01
3635,3639,6,2017-01-01,2017-03-01
309,376,6,2017-01-01,2017-03-01
382,1073,6,2017-01-01,2017-03-01
275,610,6,2017-01-01,2017-03-01
4017,4042,6,2017-01-01,2017-03-01
324,355,6,2017-01-01,2017-03-01
382,385,6,2017-01-01,2017-03-01
362,364,6,2017-01-01,2017-03-01
764,791,6,2017-01-01,2017-03-01
947,970,6,2017-01-01,2017-03-01
378,1035,6,2017-01-01,2017-03-01
2521,2563,6,2017-01-01,2017-03-01
4011,4044,6,2017-01-01,2017-03-01
407,2717,6,2017-01-01,2017-03-01
628,673,6,2017-01-01,2017-03-01
709,761,6,2017-01-01,2017-03-01
755,764,6,2017-01-01,2017-03-01
4052,4053,6,2017-01-01,2017-03-01
4013,4025,6,2017-01-01,2017-03-01
4044,4083,6,2017-01-01,2017-03-01
4009,4013,6,2017-01-01,2017-03-01
759,1023,6,2017-01-01,2017-03-01
4013,4017,6,2017-01-01,2017-03-01
739,792,6,2017-01-01,2017-03-01
719,1043,6,2017-01-01,2017-03-01
2222,2273,6,2017-01-01,2017-03-01
650,3104,6,2017-01-01,2017-03-01
3548,3561,6,2017-01-01,2017-03-01
4044,4052,6,2017-01-01,2017-03-01
709,752,6,2017-01-01,2017-03-01
802,852,6,2017-01-01,2017-03-01
328,764,6,2017-01-01,2017-03-01
1914,1975,6,2017-01-01,2017-03-01
2212,2222,6,2017-01-01,2017-03-01
248,3123,6,2017-01-01,2017-03-01
215,606,6,2017-01-01,2017-03-01
1014,1598,6,2017-01-01,2017-03-01
761,772,6,2017-01-01,2017-03-01
1911,1999,6,2017-01-01,2017-03-01
264,3184,6,2017-01-01,2017-03-01
3447,3451,6,2017-01-01,2017-03-01
4038,4073,6,2017-01-01,2017-03-01
4359,4361,6,2017-01-01,2017-03-01
1314,2959,6,2017-01-01,2017-03-01
704,716,6,2017-01-01,2017-03-01
1082,1288,6,2017-01-01,2017-03-01
1947,1971,6,2017-01-01,2017-03-01
1911,1954,6,2017-01-01,2017-03-01
2911,2992,6,2017-01-01,2017-03-01
3154,3172,6,2017-01-01,2017-03-01
3439,3479,6,2017-01-01,2017-03-01
4012,4066,6,2017-01-01,2017-03-01
601,610,6,2017-01-01,2017-03-01
366,746,6,2017-01-01,2017-03-01
2222,2223,6,2017-01-01,2017-03-01
211,3162,6,2017-01-01,2017-03-01
1598,2699,6,2017-01-01,2017-03-01
364,771,6,2017-01-01,2017-03-01
2554,2567,6,2017-01-01,2017-03-01
274,610,6,2017-01-01,2017-03-01
4011,4066,6,2017-01-01,2017-03-01
4044,4059,6,2017-01-01,2017-03-01
1673,2600,6,2017-01-01,2017-03-01
4353,4388,6,2017-01-01,2017-03-01
975,2969,6,2017-01-01,2017-03-01
211,248,6,2017-01-01,2017-03-01
211,299,6,2017-01-01,2017-03-01
364,759,6,2017-01-01,2017-03-01
1542,1561,6,2017-01-01,2017-03-01
1951,1984,6,2017-01-01,2017-03-01
229,3173,6,2017-01-01,2017-03-01
1269,2674,6,2017-01-01,2017-03-01
324,364,6,2017-01-01,2017-03-01
601,650,6,2017-01-01,2017-03-01
724,764,6,2017-01-01,2017-03-01
407,437,6,2017-01-01,2017-03-01
721,795,6,2017-01-01,2017-03-01
2153,2183,6,2017-01-01,2017-03-01
2325,2334,6,2017-01-01,2017-03-01
2912,2992,6,2017-01-01,2017-03-01
1598,2667,6,2017-01-01,2017-03-01
1314,2969,6,2017-01-01,2017-03-01
211,293,6,2017-01-01,2017-03-01
324,368,6,2017-01-01,2017-03-01
355,366,6,2017-01-01,2017-03-01
360,364,6,2017-01-01,2017-03-01
701,706,6,2017-01-01,2017-03-01
615,622,6,2017-01-01,2017-03-01
2245,2298,6,2017-01-01,2017-03-01
2743,2754,6,2017-01-01,2017-03-01
4009,4066,6,2017-01-01,2017-03-01
2783,2867,6,2017-01-01,2017-03-01
334,1029,6,2017-01-01,2017-03-01
293,650,6,2017-01-01,2017-03-01
2511,2759,6,2017-01-01,2017-03-01
706,740,6,2017-01-01,2017-03-01
760,797,6,2017-01-01,2017-03-01
940,993,6,2017-01-01,2017-03-01
328,334,6,2017-01-01,2017-03-01
368,733,6,2017-01-01,2017-03-01
2243,2299,6,2017-01-01,2017-03-01
230,3149,6,2017-01-01,2017-03-01
3603,3648,6,2017-01-01,2017-03-01
4010,4057,6,2017-01-01,2017-03-01
750,778,6,2017-01-01,2017-03-01
1903,1970,6,2017-01-01,2017-03-01
2240,2246,6,2017-01-01,2017-03-01
2905,2912,6,2017-01-01,2017-03-01
2554,2655,6,2017-01-01,2017-03-01
130,141,6,2017-01-01,2017-03-01
709,724,6,2017-01-01,2017-03-01
750,786,6,2017-01-01,2017-03-01
293,3123,6,2017-01-01,2017-03-01
1464,1696,6,2017-01-01,2017-03-01
773,786,6,2017-01-01,2017-03-01
1001,1031,6,2017-01-01,2017-03-01
758,1026,6,2017-01-01,2017-03-01
369,1223,6,2017-01-01,2017-03-01
1954,1999,6,2017-01-01,2017-03-01
2153,2186,6,2017-01-01,2017-03-01
1371,2941,6,2017-01-01,2017-03-01
712,774,6,2017-01-01,2017-03-01
739,768,6,2017-01-01,2017-03-01
761,768,6,2017-01-01,2017-03-01
831,852,6,2017-01-01,2017-03-01
804,848,6,2017-01-01,2017-03-01
2405,2407,6,2017-01-01,2017-03-01
255,3123,6,2017-01-01,2017-03-01
4059,4083,6,2017-01-01,2017-03-01
1696,2759,6,2017-01-01,2017-03-01
606,681,6,2017-01-01,2017-03-01
806,874,6,2017-01-01,2017-03-01
979,993,6,2017-01-01,2017-03-01
215,3123,6,2017-01-01,2017-03-01
4339,4364,6,2017-01-01,2017-03-01
1337,2939,6,2017-01-01,2017-03-01
709,716,6,2017-01-01,2017-03-01
761,763,6,2017-01-01,2017-03-01
2197,2199,6,2017-01-01,2017-03-01
706,755,6,2017-01-01,2017-03-01
706,724,6,2017-01-01,2017-03-01
746,761,6,2017-01-01,2017-03-01
709,739,6,2017-01-01,2017-03-01
910,962,6,2017-01-01,2017-03-01
802,806,6,2017-01-01,2017-03-01
309,719,6,2017-01-01,2017-03-01
313,778,6,2017-01-01,2017-03-01
1923,1993,6,2017-01-01,2017-03-01
4011,4080,6,2017-01-01,2017-03-01
4009,4012,6,2017-01-01,2017-03-01
1482,2717,6,2017-01-01,2017-03-01
1484,1818,6,2017-01-01,2017-03-01
763,797,6,2017-01-01,2017-03-01
766,792,6,2017-01-01,2017-03-01
933,994,6,2017-01-01,2017-03-01
1021,1026,6,2017-01-01,2017-03-01
751,1056,6,2017-01-01,2017-03-01
1946,1970,6,2017-01-01,2017-03-01
1269,2667,6,2017-01-01,2017-03-01
4009,4059,6,2017-01-01,2017-03-01
266,1243,6,2017-01-01,2017-03-01
706,766,6,2017-01-01,2017-03-01
1031,1056,6,2017-01-01,2017-03-01
381,1035,6,2017-01-01,2017-03-01
2221,2293,6,2017-01-01,2017-03-01
848,888,6,2017-01-01,2017-03-01
712,786,6,2017-01-01,2017-03-01
773,1035,6,2017-01-01,2017-03-01
308,721,6,2017-01-01,2017-03-01
2233,2245,6,2017-01-01,2017-03-01
1484,2717,6,2017-01-01,2017-03-01
360,368,6,2017-01-01,2017-03-01
764,772,6,2017-01-01,2017-03-01
727,773,6,2017-01-01,2017-03-01
724,791,6,2017-01-01,2017-03-01
806,847,6,2017-01-01,2017-03-01
308,774,6,2017-01-01,2017-03-01
1946,1984,6,2017-01-01,2017-03-01
2153,2178,6,2017-01-01,2017-03-01
2245,2299,6,2017-01-01,2017-03-01
2857,2867,6,2017-01-01,2017-03-01
274,3104,6,2017-01-01,2017-03-01
354,362,6,2017-01-01,2017-03-01
706,752,6,2017-01-01,2017-03-01
755,766,6,2017-01-01,2017-03-01
1322,1323,6,2017-01-01,2017-03-01
1942,1986,6,2017-01-01,2017-03-01
791,792,6,2017-01-01,2017-03-01
759,766,6,2017-01-01,2017-03-01
1310,1323,6,2017-01-01,2017-03-01
368,759,6,2017-01-01,2017-03-01
1970,1984,6,2017-01-01,2017-03-01
2152,2183,6,2017-01-01,2017-03-01
2221,2284,6,2017-01-01,2017-03-01
3439,3451,6,2017-01-01,2017-03-01
407,2789,6,2017-01-01,2017-03-01
760,764,6,2017-01-01,2017-03-01
2183,2197,6,2017-01-01,2017-03-01
4025,4042,6,2017-01-01,2017-03-01
4373,4395,6,2017-01-01,2017-03-01
4339,4353,6,2017-01-01,2017-03-01
334,364,6,2017-01-01,2017-03-01
1602,1674,6,2017-01-01,2017-03-01
1903,1971,6,2017-01-01,2017-03-01
275,3169,6,2017-01-01,2017-03-01
248,606,6,2017-01-01,2017-03-01
709,759,6,2017-01-01,2017-03-01
709,764,6,2017-01-01,2017-03-01
354,1031,6,2017-01-01,2017-03-01
2221,2279,6,2017-01-01,2017-03-01
2405,2498,6,2017-01-01,2017-03-01
3648,3679,6,2017-01-01,2017-03-01
730,739,6,2017-01-01,2017-03-01
1250,1273,6,2017-01-01,2017-03-01
721,1043,6,2017-01-01,2017-03-01
366,763,6,2017-01-01,2017-03-01
1544,1581,6,2017-01-01,2017-03-01
1976,1984,6,2017-01-01,2017-03-01
2222,2284,6,2017-01-01,2017-03-01
3146,3180,6,2017-01-01,2017-03-01
248,610,6,2017-01-01,2017-03-01
3411,3446,6,2017-01-01,2017-03-01
4025,4044,6,2017-01-01,2017-03-01
1288,3046,6,2017-01-01,2017-03-01
727,795,6,2017-01-01,2017-03-01
1043,1073,6,2017-01-01,2017-03-01
366,760,6,2017-01-01,2017-03-01
771,1023,6,2017-01-01,2017-03-01
255,606,6,2017-01-01,2017-03-01
205,3169,6,2017-01-01,2017-03-01
4013,4053,6,2017-01-01,2017-03-01
4009,4052,6,2017-01-01,2017-03-01
740,792,6,2017-01-01,2017-03-01
1056,1057,6,2017-01-01,2017-03-01
374,772,6,2017-01-01,2017-03-01
3536,3578,6,2017-01-01,2017-03-01
1269,3924,6,2017-01-01,2017-03-01
1464,2867,6,2017-01-01,2017-03-01
266,274,6,2017-01-01,2017-03-01
755,797,6,2017-01-01,2017-03-01
328,360,6,2017-01-01,2017-03-01
2405,2427,6,2017-01-01,2017-03-01
3146,3162,6,2017-01-01,2017-03-01
3447,3479,6,2017-01-01,2017-03-01
4012,4083,6,2017-01-01,2017-03-01
801,888,6,2017-01-01,2017-03-01
328,392,6,2017-01-01,2017-03-01
4016,4025,6,2017-01-01,2017-03-01
1482,2511,6,2017-01-01,2017-03-01
704,724,6,2017-01-01,2017-03-01
2178,2197,6,2017-01-01,2017-03-01
2263,2273,6,2017-01-01,2017-03-01
2972,2992,6,2017-01-01,2017-03-01
293,610,6,2017-01-01,2017-03-01
3446,3451,6,2017-01-01,2017-03-01
1696,1818,6,2017-01-01,2017-03-01
760,791,6,2017-01-01,2017-03-01
749,786,6,2017-01-01,2017-03-01
740,762,6,2017-01-01,2017-03-01
823,852,6,2017-01-01,2017-03-01
376,1073,6,2017-01-01,2017-03-01
308,381,6,2017-01-01,2017-03-01
355,1029,6,2017-01-01,2017-03-01
374,755,6,2017-01-01,2017-03-01
368,739,6,2017-01-01,2017-03-01
1975,1993,6,2017-01-01,2017-03-01
2240,2299,6,2017-01-01,2017-03-01
2222,2293,6,2017-01-01,2017-03-01
255,3180,6,2017-01-01,2017-03-01
3411,3447,6,2017-01-01,2017-03-01
4010,4020,6,2017-01-01,2017-03-01
4364,4388,6,2017-01-01,2017-03-01
1696,2783,6,2017-01-01,2017-03-01
205,266,6,2017-01-01,2017-03-01
324,366,6,2017-01-01,2017-03-01
778,795,6,2017-01-01,2017-03-01
755,761,6,2017-01-01,2017-03-01
759,768,6,2017-01-01,2017-03-01
374,733,6,2017-01-01,2017-03-01
2245,2246,6,2017-01-01,2017-03-01
2441,2498,6,2017-01-01,2017-03-01
2441,2458,6,2017-01-01,2017-03-01
3509,3540,6,2017-01-01,2017-03-01
218,272,5,2017-01-01,2017-03-01
743,761,5,2017-01-01,2017-03-01
792,793,5,2017-01-01,2017-03-01
791,793,5,2017-01-01,2017-03-01
912,920,5,2017-01-01,2017-03-01
1035,1044,5,2017-01-01,2017-03-01
1026,1095,5,2017-01-01,2017-03-01
1942,1961,5,2017-01-01,2017-03-01
2105,2183,5,2017-01-01,2017-03-01
3402,3414,5,2017-01-01,2017-03-01
3913,3974,5,2017-01-01,2017-03-01
4340,4359,5,2017-01-01,2017-03-01
2334,3679,5,2017-01-01,2017-03-01
2405,3679,5,2017-01-01,2017-03-01
130,2458,5,2017-01-01,2017-03-01
212,248,5,2017-01-01,2017-03-01
610,624,5,2017-01-01,2017-03-01
758,764,5,2017-01-01,2017-03-01
701,747,5,2017-01-01,2017-03-01
1038,1044,5,2017-01-01,2017-03-01
324,1053,5,2017-01-01,2017-03-01
392,1095,5,2017-01-01,2017-03-01
362,709,5,2017-01-01,2017-03-01
1569,1587,5,2017-01-01,2017-03-01
2205,2240,5,2017-01-01,2017-03-01
2531,2563,5,2017-01-01,2017-03-01
3151,3182,5,2017-01-01,2017-03-01
3116,3141,5,2017-01-01,2017-03-01
255,681,5,2017-01-01,2017-03-01
211,3169,5,2017-01-01,2017-03-01
3413,3483,5,2017-01-01,2017-03-01
3410,3444,5,2017-01-01,2017-03-01
3461,3477,5,2017-01-01,2017-03-01
3540,3547,5,2017-01-01,2017-03-01
3524,3600,5,2017-01-01,2017-03-01
1056,3411,5,2017-01-01,2017-03-01
4029,4063,5,2017-01-01,2017-03-01
628,3155,5,2017-01-01,2017-03-01
4362,4371,5,2017-01-01,2017-03-01
993,2988,5,2017-01-01,2017-03-01
905,1351,5,2017-01-01,2017-03-01
940,1315,5,2017-01-01,2017-03-01
4038,4400,5,2017-01-01,2017-03-01
2335,3635,5,2017-01-01,2017-03-01
928,1482,5,2017-01-01,2017-03-01
726,740,5,2017-01-01,2017-03-01
716,773,5,2017-01-01,2017-03-01
716,758,5,2017-01-01,2017-03-01
707,773,5,2017-01-01,2017-03-01
737,773,5,2017-01-01,2017-03-01
1025,1053,5,2017-01-01,2017-03-01
1035,1072,5,2017-01-01,2017-03-01
1023,1026,5,2017-01-01,2017-03-01
1038,1095,5,2017-01-01,2017-03-01
1313,1358,5,2017-01-01,2017-03-01
1322,1394,5,2017-01-01,2017-03-01
734,792,5,2017-01-01,2017-03-01
1503,1569,5,2017-01-01,2017-03-01
2522,2567,5,2017-01-01,2017-03-01
2522,2545,5,2017-01-01,2017-03-01
211,3180,5,2017-01-01,2017-03-01
945,1315,5,2017-01-01,2017-03-01
962,1377,5,2017-01-01,2017-03-01
4607,4656,5,2017-01-01,2017-03-01
1337,2783,5,2017-01-01,2017-03-01
763,781,5,2017-01-01,2017-03-01
733,743,5,2017-01-01,2017-03-01
743,793,5,2017-01-01,2017-03-01
705,751,5,2017-01-01,2017-03-01
749,755,5,2017-01-01,2017-03-01
1051,1056,5,2017-01-01,2017-03-01
1432,1484,5,2017-01-01,2017-03-01
218,221,5,2017-01-01,2017-03-01
1923,1942,5,2017-01-01,2017-03-01
3360,3367,5,2017-01-01,2017-03-01
3440,3471,5,2017-01-01,2017-03-01
3405,3491,5,2017-01-01,2017-03-01
3582,3598,5,2017-01-01,2017-03-01
3577,3578,5,2017-01-01,2017-03-01
1056,3446,5,2017-01-01,2017-03-01
4020,4022,5,2017-01-01,2017-03-01
4340,4377,5,2017-01-01,2017-03-01
4344,4377,5,2017-01-01,2017-03-01
1503,2570,5,2017-01-01,2017-03-01
4020,4398,5,2017-01-01,2017-03-01
4042,4353,5,2017-01-01,2017-03-01
407,1314,5,2017-01-01,2017-03-01
313,374,5,2017-01-01,2017-03-01
731,755,5,2017-01-01,2017-03-01
719,771,5,2017-01-01,2017-03-01
362,1057,5,2017-01-01,2017-03-01
374,1013,5,2017-01-01,2017-03-01
797,1013,5,2017-01-01,2017-03-01
2115,2116,5,2017-01-01,2017-03-01
3471,3475,5,2017-01-01,2017-03-01
1287,1587,5,2017-01-01,2017-03-01
3540,3571,5,2017-01-01,2017-03-01
3620,3624,5,2017-01-01,2017-03-01
3624,3635,5,2017-01-01,2017-03-01
255,2573,5,2017-01-01,2017-03-01
2511,3152,5,2017-01-01,2017-03-01
1074,2867,5,2017-01-01,2017-03-01
313,328,5,2017-01-01,2017-03-01
627,645,5,2017-01-01,2017-03-01
703,726,5,2017-01-01,2017-03-01
730,749,5,2017-01-01,2017-03-01
712,761,5,2017-01-01,2017-03-01
739,758,5,2017-01-01,2017-03-01
755,793,5,2017-01-01,2017-03-01
912,972,5,2017-01-01,2017-03-01
928,961,5,2017-01-01,2017-03-01
1044,1056,5,2017-01-01,2017-03-01
368,1013,5,2017-01-01,2017-03-01
312,387,5,2017-01-01,2017-03-01
705,778,5,2017-01-01,2017-03-01
362,1023,5,2017-01-01,2017-03-01
2105,2106,5,2017-01-01,2017-03-01
2510,2573,5,2017-01-01,2017-03-01
3132,3178,5,2017-01-01,2017-03-01
3309,3329,5,2017-01-01,2017-03-01
1598,3924,5,2017-01-01,2017-03-01
266,331,5,2017-01-01,2017-03-01
905,2992,5,2017-01-01,2017-03-01
1315,2911,5,2017-01-01,2017-03-01
4011,4339,5,2017-01-01,2017-03-01
4632,4643,5,2017-01-01,2017-03-01
1337,2717,5,2017-01-01,2017-03-01
286,295,5,2017-01-01,2017-03-01
263,272,5,2017-01-01,2017-03-01
231,283,5,2017-01-01,2017-03-01
627,646,5,2017-01-01,2017-03-01
762,799,5,2017-01-01,2017-03-01
746,781,5,2017-01-01,2017-03-01
747,763,5,2017-01-01,2017-03-01
709,758,5,2017-01-01,2017-03-01
705,766,5,2017-01-01,2017-03-01
1007,1021,5,2017-01-01,2017-03-01
719,797,5,2017-01-01,2017-03-01
334,730,5,2017-01-01,2017-03-01
2106,2178,5,2017-01-01,2017-03-01
3084,3089,5,2017-01-01,2017-03-01
3122,3193,5,2017-01-01,2017-03-01
3157,3180,5,2017-01-01,2017-03-01
3421,3483,5,2017-01-01,2017-03-01
3414,3440,5,2017-01-01,2017-03-01
211,1673,5,2017-01-01,2017-03-01
4607,4630,5,2017-01-01,2017-03-01
407,1337,5,2017-01-01,2017-03-01
729,747,5,2017-01-01,2017-03-01
726,733,5,2017-01-01,2017-03-01
721,763,5,2017-01-01,2017-03-01
724,781,5,2017-01-01,2017-03-01
739,743,5,2017-01-01,2017-03-01
719,763,5,2017-01-01,2017-03-01
760,799,5,2017-01-01,2017-03-01
701,727,5,2017-01-01,2017-03-01
920,972,5,2017-01-01,2017-03-01
1002,1051,5,2017-01-01,2017-03-01
392,1001,5,2017-01-01,2017-03-01
1992,1993,5,2017-01-01,2017-03-01
2545,2573,5,2017-01-01,2017-03-01
3141,3184,5,2017-01-01,2017-03-01
3502,3547,5,2017-01-01,2017-03-01
3556,3561,5,2017-01-01,2017-03-01
3839,3858,5,2017-01-01,2017-03-01
4628,4690,5,2017-01-01,2017-03-01
975,1666,5,2017-01-01,2017-03-01
330,360,5,2017-01-01,2017-03-01
726,727,5,2017-01-01,2017-03-01
758,785,5,2017-01-01,2017-03-01
744,794,5,2017-01-01,2017-03-01
751,758,5,2017-01-01,2017-03-01
705,749,5,2017-01-01,2017-03-01
778,799,5,2017-01-01,2017-03-01
844,851,5,2017-01-01,2017-03-01
933,961,5,2017-01-01,2017-03-01
328,382,5,2017-01-01,2017-03-01
328,381,5,2017-01-01,2017-03-01
324,1095,5,2017-01-01,2017-03-01
758,1035,5,2017-01-01,2017-03-01
2127,2138,5,2017-01-01,2017-03-01
2758,2783,5,2017-01-01,2017-03-01
2906,2941,5,2017-01-01,2017-03-01
681,3169,5,2017-01-01,2017-03-01
1223,1544,5,2017-01-01,2017-03-01
3671,3675,5,2017-01-01,2017-03-01
3901,3916,5,2017-01-01,2017-03-01
2278,3553,5,2017-01-01,2017-03-01
1332,2911,5,2017-01-01,2017-03-01
905,2988,5,2017-01-01,2017-03-01
1315,2905,5,2017-01-01,2017-03-01
4609,4682,5,2017-01-01,2017-03-01
2717,2969,5,2017-01-01,2017-03-01
246,286,5,2017-01-01,2017-03-01
729,731,5,2017-01-01,2017-03-01
727,763,5,2017-01-01,2017-03-01
716,774,5,2017-01-01,2017-03-01
730,785,5,2017-01-01,2017-03-01
721,752,5,2017-01-01,2017-03-01
721,739,5,2017-01-01,2017-03-01
739,774,5,2017-01-01,2017-03-01
734,752,5,2017-01-01,2017-03-01
1337,1391,5,2017-01-01,2017-03-01
712,792,5,2017-01-01,2017-03-01
1561,1576,5,2017-01-01,2017-03-01
2522,2600,5,2017-01-01,2017-03-01
2697,2699,5,2017-01-01,2017-03-01
3195,3198,5,2017-01-01,2017-03-01
3461,3491,5,2017-01-01,2017-03-01
3510,3563,5,2017-01-01,2017-03-01
3518,3582,5,2017-01-01,2017-03-01
3901,3940,5,2017-01-01,2017-03-01
3966,3980,5,2017-01-01,2017-03-01
4010,4032,5,2017-01-01,2017-03-01
641,2123,5,2017-01-01,2017-03-01
1677,3184,5,2017-01-01,2017-03-01
2655,3924,5,2017-01-01,2017-03-01
1322,2968,5,2017-01-01,2017-03-01
962,1315,5,2017-01-01,2017-03-01
1315,2912,5,2017-01-01,2017-03-01
366,381,5,2017-01-01,2017-03-01
706,793,5,2017-01-01,2017-03-01
743,768,5,2017-01-01,2017-03-01
743,771,5,2017-01-01,2017-03-01
731,793,5,2017-01-01,2017-03-01
730,778,5,2017-01-01,2017-03-01
901,915,5,2017-01-01,2017-03-01
1298,1300,5,2017-01-01,2017-03-01
1343,1384,5,2017-01-01,2017-03-01
721,792,5,2017-01-01,2017-03-01
721,733,5,2017-01-01,2017-03-01
360,1023,5,2017-01-01,2017-03-01
2105,2152,5,2017-01-01,2017-03-01
2205,2246,5,2017-01-01,2017-03-01
293,3146,5,2017-01-01,2017-03-01
3436,3490,5,2017-01-01,2017-03-01
3405,3471,5,2017-01-01,2017-03-01
1300,2560,5,2017-01-01,2017-03-01
2699,3104,5,2017-01-01,2017-03-01
4609,4690,5,2017-01-01,2017-03-01
4628,4675,5,2017-01-01,2017-03-01
1371,1696,5,2017-01-01,2017-03-01
269,280,5,2017-01-01,2017-03-01
256,269,5,2017-01-01,2017-03-01
729,785,5,2017-01-01,2017-03-01
706,719,5,2017-01-01,2017-03-01
709,719,5,2017-01-01,2017-03-01
774,791,5,2017-01-01,2017-03-01
740,758,5,2017-01-01,2017-03-01
961,975,5,2017-01-01,2017-03-01
1021,1072,5,2017-01-01,2017-03-01
705,799,5,2017-01-01,2017-03-01
1542,1587,5,2017-01-01,2017-03-01
1914,1961,5,2017-01-01,2017-03-01
2122,2155,5,2017-01-01,2017-03-01
2116,2155,5,2017-01-01,2017-03-01
2563,2586,5,2017-01-01,2017-03-01
2522,2531,5,2017-01-01,2017-03-01
3502,3577,5,2017-01-01,2017-03-01
3639,3648,5,2017-01-01,2017-03-01
1645,3180,5,2017-01-01,2017-03-01
266,1503,5,2017-01-01,2017-03-01
2655,3104,5,2017-01-01,2017-03-01
2279,3509,5,2017-01-01,2017-03-01
4053,4388,5,2017-01-01,2017-03-01
4690,4696,5,2017-01-01,2017-03-01
330,354,5,2017-01-01,2017-03-01
733,737,5,2017-01-01,2017-03-01
707,752,5,2017-01-01,2017-03-01
737,785,5,2017-01-01,2017-03-01
913,951,5,2017-01-01,2017-03-01
1031,1038,5,2017-01-01,2017-03-01
1038,1043,5,2017-01-01,2017-03-01
1314,1369,5,2017-01-01,2017-03-01
768,1029,5,2017-01-01,2017-03-01
2233,2252,5,2017-01-01,2017-03-01
2405,2454,5,2017-01-01,2017-03-01
3421,3471,5,2017-01-01,2017-03-01
3421,3440,5,2017-01-01,2017-03-01
3475,3491,5,2017-01-01,2017-03-01
4321,4344,5,2017-01-01,2017-03-01
2223,3589,5,2017-01-01,2017-03-01
1484,2959,5,2017-01-01,2017-03-01
308,330,5,2017-01-01,2017-03-01
729,761,5,2017-01-01,2017-03-01
726,729,5,2017-01-01,2017-03-01
733,750,5,2017-01-01,2017-03-01
1025,1031,5,2017-01-01,2017-03-01
334,768,5,2017-01-01,2017-03-01
1581,1587,5,2017-01-01,2017-03-01
1542,1581,5,2017-01-01,2017-03-01
1864,1867,5,2017-01-01,2017-03-01
2106,2153,5,2017-01-01,2017-03-01
2145,2181,5,2017-01-01,2017-03-01
2910,2928,5,2017-01-01,2017-03-01
369,1581,5,2017-01-01,2017-03-01
3518,3598,5,2017-01-01,2017-03-01
293,2563,5,2017-01-01,2017-03-01
4324,4379,5,2017-01-01,2017-03-01
4329,4376,5,2017-01-01,2017-03-01
940,2912,5,2017-01-01,2017-03-01
2427,3639,5,2017-01-01,2017-03-01
4614,4696,5,2017-01-01,2017-03-01
758,762,5,2017-01-01,2017-03-01
750,792,5,2017-01-01,2017-03-01
1035,1051,5,2017-01-01,2017-03-01
1002,1056,5,2017-01-01,2017-03-01
1954,1961,5,2017-01-01,2017-03-01
2243,2252,5,2017-01-01,2017-03-01
3167,3193,5,2017-01-01,2017-03-01
3421,3477,5,2017-01-01,2017-03-01
3713,3752,5,2017-01-01,2017-03-01
1370,2968,5,2017-01-01,2017-03-01
4053,4395,5,2017-01-01,2017-03-01
4630,4674,5,2017-01-01,2017-03-01
4628,4671,5,2017-01-01,2017-03-01
1371,2511,5,2017-01-01,2017-03-01
247,263,5,2017-01-01,2017-03-01
381,395,5,2017-01-01,2017-03-01
308,355,5,2017-01-01,2017-03-01
703,761,5,2017-01-01,2017-03-01
703,739,5,2017-01-01,2017-03-01
749,772,5,2017-01-01,2017-03-01
1007,1025,5,2017-01-01,2017-03-01
2123,2183,5,2017-01-01,2017-03-01
2242,2243,5,2017-01-01,2017-03-01
2924,2932,5,2017-01-01,2017-03-01
681,3162,5,2017-01-01,2017-03-01
3436,3440,5,2017-01-01,2017-03-01
3815,3858,5,2017-01-01,2017-03-01
3808,3871,5,2017-01-01,2017-03-01
4007,4069,5,2017-01-01,2017-03-01
4329,4344,5,2017-01-01,2017-03-01
1298,1576,5,2017-01-01,2017-03-01
2335,2498,5,2017-01-01,2017-03-01
930,2783,5,2017-01-01,2017-03-01
928,1484,5,2017-01-01,2017-03-01
313,395,5,2017-01-01,2017-03-01
706,799,5,2017-01-01,2017-03-01
743,755,5,2017-01-01,2017-03-01
721,751,5,2017-01-01,2017-03-01
709,721,5,2017-01-01,2017-03-01
709,737,5,2017-01-01,2017-03-01
734,761,5,2017-01-01,2017-03-01
778,797,5,2017-01-01,2017-03-01
701,743,5,2017-01-01,2017-03-01
1444,1464,5,2017-01-01,2017-03-01
305,374,5,2017-01-01,2017-03-01
1905,1942,5,2017-01-01,2017-03-01
4020,4040,5,2017-01-01,2017-03-01
443,2521,5,2017-01-01,2017-03-01
1693,3180,5,2017-01-01,2017-03-01
440,2699,5,2017-01-01,2017-03-01
930,2867,5,2017-01-01,2017-03-01
308,334,5,2017-01-01,2017-03-01
620,662,5,2017-01-01,2017-03-01
729,778,5,2017-01-01,2017-03-01
729,792,5,2017-01-01,2017-03-01
731,759,5,2017-01-01,2017-03-01
707,740,5,2017-01-01,2017-03-01
848,859,5,2017-01-01,2017-03-01
385,1021,5,2017-01-01,2017-03-01
376,1043,5,2017-01-01,2017-03-01
362,1013,5,2017-01-01,2017-03-01
2560,2600,5,2017-01-01,2017-03-01
2792,2793,5,2017-01-01,2017-03-01
3537,3578,5,2017-01-01,2017-03-01
631,2145,5,2017-01-01,2017-03-01
1056,3451,5,2017-01-01,2017-03-01
3716,3779,5,2017-01-01,2017-03-01
2123,3155,5,2017-01-01,2017-03-01
126,3639,5,2017-01-01,2017-03-01
4009,4395,5,2017-01-01,2017-03-01
4607,4611,5,2017-01-01,2017-03-01
2743,2802,5,2017-01-01,2017-03-01
734,751,5,2017-01-01,2017-03-01
719,724,5,2017-01-01,2017-03-01
759,785,5,2017-01-01,2017-03-01
1322,1371,5,2017-01-01,2017-03-01
703,785,5,2017-01-01,2017-03-01
1864,1868,5,2017-01-01,2017-03-01
1911,1993,5,2017-01-01,2017-03-01
2122,2185,5,2017-01-01,2017-03-01
2560,2568,5,2017-01-01,2017-03-01
2608,2697,5,2017-01-01,2017-03-01
2802,2894,5,2017-01-01,2017-03-01
3444,3475,5,2017-01-01,2017-03-01
3509,3536,5,2017-01-01,2017-03-01
3510,3589,5,2017-01-01,2017-03-01
211,2554,5,2017-01-01,2017-03-01
4376,4377,5,2017-01-01,2017-03-01
211,3924,5,2017-01-01,2017-03-01
1598,2554,5,2017-01-01,2017-03-01
2458,3639,5,2017-01-01,2017-03-01
975,1696,5,2017-01-01,2017-03-01
1484,2939,5,2017-01-01,2017-03-01
1696,2969,5,2017-01-01,2017-03-01
330,392,5,2017-01-01,2017-03-01
771,785,5,2017-01-01,2017-03-01
781,785,5,2017-01-01,2017-03-01
901,994,5,2017-01-01,2017-03-01
1045,1095,5,2017-01-01,2017-03-01
1023,1038,5,2017-01-01,2017-03-01
1479,1498,5,2017-01-01,2017-03-01
1827,1855,5,2017-01-01,2017-03-01
2545,2560,5,2017-01-01,2017-03-01
2910,2977,5,2017-01-01,2017-03-01
3671,3698,5,2017-01-01,2017-03-01
3620,3678,5,2017-01-01,2017-03-01
759,3439,5,2017-01-01,2017-03-01
3716,3752,5,2017-01-01,2017-03-01
2223,3554,5,2017-01-01,2017-03-01
141,3681,5,2017-01-01,2017-03-01
1464,2939,5,2017-01-01,2017-03-01
930,1818,5,2017-01-01,2017-03-01
928,2717,5,2017-01-01,2017-03-01
1337,2789,5,2017-01-01,2017-03-01
308,364,5,2017-01-01,2017-03-01
618,662,5,2017-01-01,2017-03-01
743,795,5,2017-01-01,2017-03-01
901,913,5,2017-01-01,2017-03-01
1048,1098,5,2017-01-01,2017-03-01
366,1029,5,2017-01-01,2017-03-01
1384,1398,5,2017-01-01,2017-03-01
705,797,5,2017-01-01,2017-03-01
915,994,5,2017-01-01,2017-03-01
3309,3360,5,2017-01-01,2017-03-01
1243,2567,5,2017-01-01,2017-03-01
4340,4344,5,2017-01-01,2017-03-01
1576,2600,5,2017-01-01,2017-03-01
2273,3589,5,2017-01-01,2017-03-01
2407,3654,5,2017-01-01,2017-03-01
4012,4309,5,2017-01-01,2017-03-01
226,275,5,2017-01-01,2017-03-01
704,743,5,2017-01-01,2017-03-01
734,746,5,2017-01-01,2017-03-01
719,726,5,2017-01-01,2017-03-01
1035,1045,5,2017-01-01,2017-03-01
315,381,5,2017-01-01,2017-03-01
1314,1322,5,2017-01-01,2017-03-01
392,706,5,2017-01-01,2017-03-01
1914,1986,5,2017-01-01,2017-03-01
2123,2175,5,2017-01-01,2017-03-01
2205,2248,5,2017-01-01,2017-03-01
1298,2567,5,2017-01-01,2017-03-01
4307,4324,5,2017-01-01,2017-03-01
2222,3547,5,2017-01-01,2017-03-01
2441,3681,5,2017-01-01,2017-03-01
126,3675,5,2017-01-01,2017-03-01
2437,3654,5,2017-01-01,2017-03-01
4630,4665,5,2017-01-01,2017-03-01
1288,1837,5,2017-01-01,2017-03-01
407,1371,5,2017-01-01,2017-03-01
286,289,5,2017-01-01,2017-03-01
247,281,5,2017-01-01,2017-03-01
528,595,5,2017-01-01,2017-03-01
773,781,5,2017-01-01,2017-03-01
701,707,5,2017-01-01,2017-03-01
1023,1072,5,2017-01-01,2017-03-01
1422,1439,5,2017-01-01,2017-03-01
324,797,5,2017-01-01,2017-03-01
1867,1868,5,2017-01-01,2017-03-01
1923,1986,5,2017-01-01,2017-03-01
2244,2298,5,2017-01-01,2017-03-01
141,2335,5,2017-01-01,2017-03-01
2968,2969,5,2017-01-01,2017-03-01
3122,3167,5,2017-01-01,2017-03-01
3119,3183,5,2017-01-01,2017-03-01
3552,3565,5,2017-01-01,2017-03-01
4007,4063,5,2017-01-01,2017-03-01
231,1005,5,2017-01-01,2017-03-01
4331,4377,5,2017-01-01,2017-03-01
933,1370,5,2017-01-01,2017-03-01
440,1576,5,2017-01-01,2017-03-01
2236,3589,5,2017-01-01,2017-03-01
4052,4353,5,2017-01-01,2017-03-01
4665,4682,5,2017-01-01,2017-03-01
263,295,5,2017-01-01,2017-03-01
313,364,5,2017-01-01,2017-03-01
729,760,5,2017-01-01,2017-03-01
729,773,5,2017-01-01,2017-03-01
706,785,5,2017-01-01,2017-03-01
762,786,5,2017-01-01,2017-03-01
758,799,5,2017-01-01,2017-03-01
707,761,5,2017-01-01,2017-03-01
712,726,5,2017-01-01,2017-03-01
755,795,5,2017-01-01,2017-03-01
961,994,5,2017-01-01,2017-03-01
1042,1063,5,2017-01-01,2017-03-01
362,1053,5,2017-01-01,2017-03-01
1314,1391,5,2017-01-01,2017-03-01
1422,1464,5,2017-01-01,2017-03-01
315,330,5,2017-01-01,2017-03-01
360,1031,5,2017-01-01,2017-03-01
395,1029,5,2017-01-01,2017-03-01
2522,2568,5,2017-01-01,2017-03-01
3075,3089,5,2017-01-01,2017-03-01
276,611,5,2017-01-01,2017-03-01
3436,3491,5,2017-01-01,2017-03-01
1056,3439,5,2017-01-01,2017-03-01
1332,2988,5,2017-01-01,2017-03-01
4628,4656,5,2017-01-01,2017-03-01
205,276,5,2017-01-01,2017-03-01
366,385,5,2017-01-01,2017-03-01
730,734,5,2017-01-01,2017-03-01
360,1095,5,2017-01-01,2017-03-01
1842,1853,5,2017-01-01,2017-03-01
2115,2122,5,2017-01-01,2017-03-01
2123,2197,5,2017-01-01,2017-03-01
211,610,5,2017-01-01,2017-03-01
3436,3471,5,2017-01-01,2017-03-01
3752,3779,5,2017-01-01,2017-03-01
407,1248,5,2017-01-01,2017-03-01
4331,4340,5,2017-01-01,2017-03-01
4329,4377,5,2017-01-01,2017-03-01
4013,4395,5,2017-01-01,2017-03-01
226,299,5,2017-01-01,2017-03-01
341,360,5,2017-01-01,2017-03-01
355,381,5,2017-01-01,2017-03-01
313,324,5,2017-01-01,2017-03-01
679,690,5,2017-01-01,2017-03-01
737,751,5,2017-01-01,2017-03-01
785,786,5,2017-01-01,2017-03-01
703,768,5,2017-01-01,2017-03-01
392,1023,5,2017-01-01,2017-03-01
1957,1969,5,2017-01-01,2017-03-01
1911,1914,5,2017-01-01,2017-03-01
299,3146,5,2017-01-01,2017-03-01
3410,3471,5,2017-01-01,2017-03-01
3571,3589,5,2017-01-01,2017-03-01
4028,4043,5,2017-01-01,2017-03-01
940,1351,5,2017-01-01,2017-03-01
962,2992,5,2017-01-01,2017-03-01
2407,3675,5,2017-01-01,2017-03-01
4656,4682,5,2017-01-01,2017-03-01
316,356,5,2017-01-01,2017-03-01
743,746,5,2017-01-01,2017-03-01
716,785,5,2017-01-01,2017-03-01
747,760,5,2017-01-01,2017-03-01
747,797,5,2017-01-01,2017-03-01
707,786,5,2017-01-01,2017-03-01
766,778,5,2017-01-01,2017-03-01
739,747,5,2017-01-01,2017-03-01
734,750,5,2017-01-01,2017-03-01
749,785,5,2017-01-01,2017-03-01
1025,1095,5,2017-01-01,2017-03-01
1337,1369,5,2017-01-01,2017-03-01
1432,1465,5,2017-01-01,2017-03-01
792,1031,5,2017-01-01,2017-03-01
3041,3093,5,2017-01-01,2017-03-01
3122,3198,5,2017-01-01,2017-03-01
3380,3399,5,2017-01-01,2017-03-01
3552,3579,5,2017-01-01,2017-03-01
1056,3447,5,2017-01-01,2017-03-01
3702,3791,5,2017-01-01,2017-03-01
933,1391,5,2017-01-01,2017-03-01
331,2674,5,2017-01-01,2017-03-01
2221,3547,5,2017-01-01,2017-03-01
2212,3509,5,2017-01-01,2017-03-01
4025,4373,5,2017-01-01,2017-03-01
928,2511,5,2017-01-01,2017-03-01
330,368,5,2017-01-01,2017-03-01
706,743,5,2017-01-01,2017-03-01
703,727,5,2017-01-01,2017-03-01
730,793,5,2017-01-01,2017-03-01
734,762,5,2017-01-01,2017-03-01
719,768,5,2017-01-01,2017-03-01
752,774,5,2017-01-01,2017-03-01
827,876,5,2017-01-01,2017-03-01
972,977,5,2017-01-01,2017-03-01
1029,1043,5,2017-01-01,2017-03-01
1043,1095,5,2017-01-01,2017-03-01
721,729,5,2017-01-01,2017-03-01
701,781,5,2017-01-01,2017-03-01
392,730,5,2017-01-01,2017-03-01
1509,1553,5,2017-01-01,2017-03-01
1961,1986,5,2017-01-01,2017-03-01
2243,2244,5,2017-01-01,2017-03-01
2728,2792,5,2017-01-01,2017-03-01
3367,3399,5,2017-01-01,2017-03-01
299,3162,5,2017-01-01,2017-03-01
3402,3436,5,2017-01-01,2017-03-01
3461,3483,5,2017-01-01,2017-03-01
655,3154,5,2017-01-01,2017-03-01
4331,4384,5,2017-01-01,2017-03-01
4046,4361,5,2017-01-01,2017-03-01
2255,3547,5,2017-01-01,2017-03-01
4017,4316,5,2017-01-01,2017-03-01
2743,3046,5,2017-01-01,2017-03-01
407,915,5,2017-01-01,2017-03-01
221,244,5,2017-01-01,2017-03-01
221,263,5,2017-01-01,2017-03-01
703,740,5,2017-01-01,2017-03-01
727,785,5,2017-01-01,2017-03-01
731,772,5,2017-01-01,2017-03-01
701,721,5,2017-01-01,2017-03-01
761,778,5,2017-01-01,2017-03-01
1029,1073,5,2017-01-01,2017-03-01
1243,1300,5,2017-01-01,2017-03-01
1391,1394,5,2017-01-01,2017-03-01
716,719,5,2017-01-01,2017-03-01
707,721,5,2017-01-01,2017-03-01
376,1035,5,2017-01-01,2017-03-01
2560,2567,5,2017-01-01,2017-03-01
3421,3461,5,2017-01-01,2017-03-01
4321,4359,5,2017-01-01,2017-03-01
4307,4379,5,2017-01-01,2017-03-01
905,2912,5,2017-01-01,2017-03-01
1310,2968,5,2017-01-01,2017-03-01
994,2968,5,2017-01-01,2017-03-01
1673,2667,5,2017-01-01,2017-03-01
4017,4399,5,2017-01-01,2017-03-01
4609,4696,5,2017-01-01,2017-03-01
4609,4611,5,2017-01-01,2017-03-01
4614,4675,5,2017-01-01,2017-03-01
274,276,5,2017-01-01,2017-03-01
414,435,5,2017-01-01,2017-03-01
707,759,5,2017-01-01,2017-03-01
734,743,5,2017-01-01,2017-03-01
2563,2600,5,2017-01-01,2017-03-01
3436,3444,5,2017-01-01,2017-03-01
3548,3553,5,2017-01-01,2017-03-01
4032,4084,5,2017-01-01,2017-03-01
4057,4071,5,2017-01-01,2017-03-01
2263,3578,5,2017-01-01,2017-03-01
141,3679,5,2017-01-01,2017-03-01
4516,4522,5,2017-01-01,2017-03-01
4025,4364,5,2017-01-01,2017-03-01
4611,4690,5,2017-01-01,2017-03-01
743,781,5,2017-01-01,2017-03-01
703,766,5,2017-01-01,2017-03-01
721,746,5,2017-01-01,2017-03-01
719,760,5,2017-01-01,2017-03-01
709,795,5,2017-01-01,2017-03-01
2170,2184,5,2017-01-01,2017-03-01
2901,2928,5,2017-01-01,2017-03-01
3159,3198,5,2017-01-01,2017-03-01
3114,3122,5,2017-01-01,2017-03-01
1247,1542,5,2017-01-01,2017-03-01
1472,1859,5,2017-01-01,2017-03-01
4063,4088,5,2017-01-01,2017-03-01
4344,4384,5,2017-01-01,2017-03-01
4009,4399,5,2017-01-01,2017-03-01
4012,4399,5,2017-01-01,2017-03-01
4614,4671,5,2017-01-01,2017-03-01
930,1696,5,2017-01-01,2017-03-01
355,382,5,2017-01-01,2017-03-01
703,750,5,2017-01-01,2017-03-01
768,773,5,2017-01-01,2017-03-01
734,764,5,2017-01-01,2017-03-01
749,797,5,2017-01-01,2017-03-01
1057,1073,5,2017-01-01,2017-03-01
730,1029,5,2017-01-01,2017-03-01
1905,1986,5,2017-01-01,2017-03-01
2681,2699,5,2017-01-01,2017-03-01
2717,2758,5,2017-01-01,2017-03-01
2939,2968,5,2017-01-01,2017-03-01
248,601,5,2017-01-01,2017-03-01
915,2717,5,2017-01-01,2017-03-01
244,286,5,2017-01-01,2017-03-01
330,355,5,2017-01-01,2017-03-01
334,382,5,2017-01-01,2017-03-01
704,705,5,2017-01-01,2017-03-01
743,762,5,2017-01-01,2017-03-01
747,793,5,2017-01-01,2017-03-01
739,795,5,2017-01-01,2017-03-01
749,752,5,2017-01-01,2017-03-01
915,933,5,2017-01-01,2017-03-01
1370,1371,5,2017-01-01,2017-03-01
1422,1482,5,2017-01-01,2017-03-01
734,793,5,2017-01-01,2017-03-01
1321,1330,5,2017-01-01,2017-03-01
1905,1999,5,2017-01-01,2017-03-01
2205,2298,5,2017-01-01,2017-03-01
461,1602,5,2017-01-01,2017-03-01
3109,3112,5,2017-01-01,2017-03-01
490,2521,5,2017-01-01,2017-03-01
2244,3553,5,2017-01-01,2017-03-01
994,1310,5,2017-01-01,2017-03-01
2458,3635,5,2017-01-01,2017-03-01
1371,1484,5,2017-01-01,2017-03-01
309,328,5,2017-01-01,2017-03-01
330,334,5,2017-01-01,2017-03-01
330,364,5,2017-01-01,2017-03-01
733,778,5,2017-01-01,2017-03-01
707,763,5,2017-01-01,2017-03-01
766,774,5,2017-01-01,2017-03-01
709,729,5,2017-01-01,2017-03-01
750,791,5,2017-01-01,2017-03-01
1007,1043,5,2017-01-01,2017-03-01
1007,1044,5,2017-01-01,2017-03-01
334,1023,5,2017-01-01,2017-03-01
719,793,5,2017-01-01,2017-03-01
2105,2197,5,2017-01-01,2017-03-01
2181,2187,5,2017-01-01,2017-03-01
3075,3084,5,2017-01-01,2017-03-01
248,2545,5,2017-01-01,2017-03-01
962,2905,5,2017-01-01,2017-03-01
1666,2959,5,2017-01-01,2017-03-01
289,292,5,2017-01-01,2017-03-01
622,650,5,2017-01-01,2017-03-01
706,737,5,2017-01-01,2017-03-01
746,795,5,2017-01-01,2017-03-01
703,752,5,2017-01-01,2017-03-01
839,851,5,2017-01-01,2017-03-01
804,862,5,2017-01-01,2017-03-01
851,884,5,2017-01-01,2017-03-01
1013,1043,5,2017-01-01,2017-03-01
1465,1484,5,2017-01-01,2017-03-01
221,292,5,2017-01-01,2017-03-01
703,773,5,2017-01-01,2017-03-01
395,762,5,2017-01-01,2017-03-01
2246,2252,5,2017-01-01,2017-03-01
2521,2568,5,2017-01-01,2017-03-01
2728,2767,5,2017-01-01,2017-03-01
274,3146,5,2017-01-01,2017-03-01
211,601,5,2017-01-01,2017-03-01
3413,3440,5,2017-01-01,2017-03-01
3563,3578,5,2017-01-01,2017-03-01
1269,2567,5,2017-01-01,2017-03-01
2567,3913,5,2017-01-01,2017-03-01
4020,4359,5,2017-01-01,2017-03-01
2467,3678,5,2017-01-01,2017-03-01
4059,4364,5,2017-01-01,2017-03-01
4042,4388,5,2017-01-01,2017-03-01
246,247,5,2017-01-01,2017-03-01
309,395,5,2017-01-01,2017-03-01
729,746,5,2017-01-01,2017-03-01
729,799,5,2017-01-01,2017-03-01
733,786,5,2017-01-01,2017-03-01
716,743,5,2017-01-01,2017-03-01
744,780,5,2017-01-01,2017-03-01
374,1029,5,2017-01-01,2017-03-01
305,395,5,2017-01-01,2017-03-01
707,724,5,2017-01-01,2017-03-01
707,730,5,2017-01-01,2017-03-01
308,727,5,2017-01-01,2017-03-01
2105,2175,5,2017-01-01,2017-03-01
2106,2186,5,2017-01-01,2017-03-01
2245,2278,5,2017-01-01,2017-03-01
2528,2595,5,2017-01-01,2017-03-01
2525,2547,5,2017-01-01,2017-03-01
2522,2539,5,2017-01-01,2017-03-01
4020,4092,5,2017-01-01,2017-03-01
1300,2539,5,2017-01-01,2017-03-01
2667,3924,5,2017-01-01,2017-03-01
915,1696,5,2017-01-01,2017-03-01
2511,2959,5,2017-01-01,2017-03-01
704,727,5,2017-01-01,2017-03-01
758,772,5,2017-01-01,2017-03-01
743,760,5,2017-01-01,2017-03-01
737,792,5,2017-01-01,2017-03-01
724,799,5,2017-01-01,2017-03-01
750,793,5,2017-01-01,2017-03-01
972,988,5,2017-01-01,2017-03-01
1029,1051,5,2017-01-01,2017-03-01
707,712,5,2017-01-01,2017-03-01
1026,1031,5,2017-01-01,2017-03-01
376,1026,5,2017-01-01,2017-03-01
378,758,5,2017-01-01,2017-03-01
381,712,5,2017-01-01,2017-03-01
2246,2278,5,2017-01-01,2017-03-01
3109,3132,5,2017-01-01,2017-03-01
3145,3149,5,2017-01-01,2017-03-01
293,681,5,2017-01-01,2017-03-01
3440,3491,5,2017-01-01,2017-03-01
3490,3491,5,2017-01-01,2017-03-01
331,2567,5,2017-01-01,2017-03-01
1673,2699,5,2017-01-01,2017-03-01
2273,3537,5,2017-01-01,2017-03-01
2441,3698,5,2017-01-01,2017-03-01
2441,3648,5,2017-01-01,2017-03-01
4083,4395,5,2017-01-01,2017-03-01
4016,4399,5,2017-01-01,2017-03-01
4611,4628,5,2017-01-01,2017-03-01
1314,2717,5,2017-01-01,2017-03-01
341,378,5,2017-01-01,2017-03-01
733,734,5,2017-01-01,2017-03-01
727,751,5,2017-01-01,2017-03-01
707,750,5,2017-01-01,2017-03-01
707,766,5,2017-01-01,2017-03-01
793,799,5,2017-01-01,2017-03-01
734,755,5,2017-01-01,2017-03-01
701,734,5,2017-01-01,2017-03-01
915,951,5,2017-01-01,2017-03-01
1051,1053,5,2017-01-01,2017-03-01
1250,1288,5,2017-01-01,2017-03-01
315,382,5,2017-01-01,2017-03-01
2115,2185,5,2017-01-01,2017-03-01
2240,2278,5,2017-01-01,2017-03-01
130,2334,5,2017-01-01,2017-03-01
2627,2668,5,2017-01-01,2017-03-01
2773,2793,5,2017-01-01,2017-03-01
2822,2887,5,2017-01-01,2017-03-01
3104,3109,5,2017-01-01,2017-03-01
299,681,5,2017-01-01,2017-03-01
3405,3436,5,2017-01-01,2017-03-01
3414,3471,5,2017-01-01,2017-03-01
1066,1544,5,2017-01-01,2017-03-01
3603,3654,5,2017-01-01,2017-03-01
4002,4069,5,2017-01-01,2017-03-01
1005,3184,5,2017-01-01,2017-03-01
1298,2570,5,2017-01-01,2017-03-01
2263,3547,5,2017-01-01,2017-03-01
2222,3536,5,2017-01-01,2017-03-01
2437,3675,5,2017-01-01,2017-03-01
4011,4373,5,2017-01-01,2017-03-01
4674,4675,5,2017-01-01,2017-03-01
1813,2743,5,2017-01-01,2017-03-01
1371,1482,5,2017-01-01,2017-03-01
208,254,5,2017-01-01,2017-03-01
703,760,5,2017-01-01,2017-03-01
766,785,5,2017-01-01,2017-03-01
721,761,5,2017-01-01,2017-03-01
734,786,5,2017-01-01,2017-03-01
734,771,5,2017-01-01,2017-03-01
1031,1073,5,2017-01-01,2017-03-01
1026,1057,5,2017-01-01,2017-03-01
218,295,5,2017-01-01,2017-03-01
395,792,5,2017-01-01,2017-03-01
2242,2245,5,2017-01-01,2017-03-01
2229,2233,5,2017-01-01,2017-03-01
2901,2924,5,2017-01-01,2017-03-01
3107,3178,5,2017-01-01,2017-03-01
299,3169,5,2017-01-01,2017-03-01
1569,2608,5,2017-01-01,2017-03-01
3548,3600,5,2017-01-01,2017-03-01
631,3135,5,2017-01-01,2017-03-01
3620,3679,5,2017-01-01,2017-03-01
3931,3933,5,2017-01-01,2017-03-01
4022,4032,5,2017-01-01,2017-03-01
2278,3529,5,2017-01-01,2017-03-01
266,440,5,2017-01-01,2017-03-01
4344,4398,5,2017-01-01,2017-03-01
4361,4377,5,2017-01-01,2017-03-01
933,1369,5,2017-01-01,2017-03-01
2407,3639,5,2017-01-01,2017-03-01
4044,4353,5,2017-01-01,2017-03-01
729,751,5,2017-01-01,2017-03-01
747,785,5,2017-01-01,2017-03-01
701,726,5,2017-01-01,2017-03-01
1001,1051,5,2017-01-01,2017-03-01
1026,1072,5,2017-01-01,2017-03-01
1002,1038,5,2017-01-01,2017-03-01
1422,1444,5,2017-01-01,2017-03-01
707,716,5,2017-01-01,2017-03-01
750,1025,5,2017-01-01,2017-03-01
1503,1544,5,2017-01-01,2017-03-01
2116,2185,5,2017-01-01,2017-03-01
2767,2773,5,2017-01-01,2017-03-01
398,1662,5,2017-01-01,2017-03-01
3329,3360,5,2017-01-01,2017-03-01
3904,3940,5,2017-01-01,2017-03-01
4022,4046,5,2017-01-01,2017-03-01
2573,2667,5,2017-01-01,2017-03-01
2458,3675,5,2017-01-01,2017-03-01
4611,4614,5,2017-01-01,2017-03-01
1314,2783,5,2017-01-01,2017-03-01
309,315,5,2017-01-01,2017-03-01
341,364,5,2017-01-01,2017-03-01
313,360,5,2017-01-01,2017-03-01
786,799,5,2017-01-01,2017-03-01
719,766,5,2017-01-01,2017-03-01
1021,1053,5,2017-01-01,2017-03-01
1038,1056,5,2017-01-01,2017-03-01
308,1021,5,2017-01-01,2017-03-01
395,1023,5,2017-01-01,2017-03-01
333,1228,5,2017-01-01,2017-03-01
1561,1587,5,2017-01-01,2017-03-01
1544,1598,5,2017-01-01,2017-03-01
1905,1954,5,2017-01-01,2017-03-01
2105,2186,5,2017-01-01,2017-03-01
2510,2567,5,2017-01-01,2017-03-01
2906,2969,5,2017-01-01,2017-03-01
692,3152,5,2017-01-01,2017-03-01
3554,3571,5,2017-01-01,2017-03-01
1332,2972,5,2017-01-01,2017-03-01
4025,4339,5,2017-01-01,2017-03-01
4009,4388,5,2017-01-01,2017-03-01
263,286,5,2017-01-01,2017-03-01
244,292,5,2017-01-01,2017-03-01
747,792,5,2017-01-01,2017-03-01
730,774,5,2017-01-01,2017-03-01
737,781,5,2017-01-01,2017-03-01
760,778,5,2017-01-01,2017-03-01
833,859,5,2017-01-01,2017-03-01
862,888,5,2017-01-01,2017-03-01
920,977,5,2017-01-01,2017-03-01
1044,1057,5,2017-01-01,2017-03-01
381,1021,5,2017-01-01,2017-03-01
727,746,5,2017-01-01,2017-03-01
324,792,5,2017-01-01,2017-03-01
2941,2968,5,2017-01-01,2017-03-01
3193,3195,5,2017-01-01,2017-03-01
3108,3183,5,2017-01-01,2017-03-01
1247,2608,5,2017-01-01,2017-03-01
3563,3577,5,2017-01-01,2017-03-01
4060,4090,5,2017-01-01,2017-03-01
4069,4090,5,2017-01-01,2017-03-01
4010,4040,5,2017-01-01,2017-03-01
493,1220,5,2017-01-01,2017-03-01
962,2988,5,2017-01-01,2017-03-01
4674,4690,5,2017-01-01,2017-03-01
1337,2511,5,2017-01-01,2017-03-01
726,760,5,2017-01-01,2017-03-01
743,764,5,2017-01-01,2017-03-01
730,747,5,2017-01-01,2017-03-01
774,799,5,2017-01-01,2017-03-01
701,731,5,2017-01-01,2017-03-01
761,795,5,2017-01-01,2017-03-01
901,933,5,2017-01-01,2017-03-01
1243,1269,5,2017-01-01,2017-03-01
1337,1394,5,2017-01-01,2017-03-01
1422,1432,5,2017-01-01,2017-03-01
701,774,5,2017-01-01,2017-03-01
395,1053,5,2017-01-01,2017-03-01
773,1026,5,2017-01-01,2017-03-01
1607,1686,5,2017-01-01,2017-03-01
3301,3367,5,2017-01-01,2017-03-01
204,407,5,2017-01-01,2017-03-01
993,2912,5,2017-01-01,2017-03-01
4671,4675,5,2017-01-01,2017-03-01
246,289,5,2017-01-01,2017-03-01
309,366,5,2017-01-01,2017-03-01
315,378,5,2017-01-01,2017-03-01
727,760,5,2017-01-01,2017-03-01
712,772,5,2017-01-01,2017-03-01
768,786,5,2017-01-01,2017-03-01
785,793,5,2017-01-01,2017-03-01
1002,1053,5,2017-01-01,2017-03-01
705,771,5,2017-01-01,2017-03-01
334,1001,5,2017-01-01,2017-03-01
2130,2187,5,2017-01-01,2017-03-01
3410,3483,5,2017-01-01,2017-03-01
3414,3491,5,2017-01-01,2017-03-01
3509,3510,5,2017-01-01,2017-03-01
2145,3135,5,2017-01-01,2017-03-01
3941,3980,5,2017-01-01,2017-03-01
1248,3152,5,2017-01-01,2017-03-01
2017,3019,5,2017-01-01,2017-03-01
2295,3554,5,2017-01-01,2017-03-01
4415,4418,5,2017-01-01,2017-03-01
1371,2717,5,2017-01-01,2017-03-01
975,1484,5,2017-01-01,2017-03-01
330,381,5,2017-01-01,2017-03-01
606,624,5,2017-01-01,2017-03-01
624,684,5,2017-01-01,2017-03-01
704,726,5,2017-01-01,2017-03-01
703,743,5,2017-01-01,2017-03-01
707,792,5,2017-01-01,2017-03-01
751,795,5,2017-01-01,2017-03-01
734,739,5,2017-01-01,2017-03-01
913,994,5,2017-01-01,2017-03-01
305,381,5,2017-01-01,2017-03-01
712,1025,5,2017-01-01,2017-03-01
362,791,5,2017-01-01,2017-03-01
333,1014,5,2017-01-01,2017-03-01
2521,2545,5,2017-01-01,2017-03-01
3914,3955,5,2017-01-01,2017-03-01
211,331,5,2017-01-01,2017-03-01
2498,3635,5,2017-01-01,2017-03-01
4607,4614,5,2017-01-01,2017-03-01
1314,1666,5,2017-01-01,2017-03-01
324,381,5,2017-01-01,2017-03-01
606,622,5,2017-01-01,2017-03-01
1542,1598,5,2017-01-01,2017-03-01
1865,1884,5,2017-01-01,2017-03-01
2510,2600,5,2017-01-01,2017-03-01
2924,2928,5,2017-01-01,2017-03-01
3167,3195,5,2017-01-01,2017-03-01
3402,3444,5,2017-01-01,2017-03-01
3461,3471,5,2017-01-01,2017-03-01
3579,3582,5,2017-01-01,2017-03-01
2263,3571,5,2017-01-01,2017-03-01
4080,4395,5,2017-01-01,2017-03-01
4044,4309,5,2017-01-01,2017-03-01
1337,1484,5,2017-01-01,2017-03-01
324,385,5,2017-01-01,2017-03-01
706,774,5,2017-01-01,2017-03-01
733,785,5,2017-01-01,2017-03-01
703,719,5,2017-01-01,2017-03-01
727,764,5,2017-01-01,2017-03-01
705,758,5,2017-01-01,2017-03-01
752,799,5,2017-01-01,2017-03-01
749,793,5,2017-01-01,2017-03-01
1025,1057,5,2017-01-01,2017-03-01
721,726,5,2017-01-01,2017-03-01
328,1053,5,2017-01-01,2017-03-01
354,1023,5,2017-01-01,2017-03-01
354,761,5,2017-01-01,2017-03-01
328,797,5,2017-01-01,2017-03-01
2407,2454,5,2017-01-01,2017-03-01
2531,2560,5,2017-01-01,2017-03-01
3510,3554,5,2017-01-01,2017-03-01
3603,3678,5,2017-01-01,2017-03-01
1391,2968,5,2017-01-01,2017-03-01
1014,3104,5,2017-01-01,2017-03-01
2295,3537,5,2017-01-01,2017-03-01
2325,2498,5,2017-01-01,2017-03-01
4025,4353,5,2017-01-01,2017-03-01
4632,4677,5,2017-01-01,2017-03-01
247,295,5,2017-01-01,2017-03-01
355,385,5,2017-01-01,2017-03-01
625,682,5,2017-01-01,2017-03-01
709,749,5,2017-01-01,2017-03-01
772,778,5,2017-01-01,2017-03-01
705,747,5,2017-01-01,2017-03-01
930,961,5,2017-01-01,2017-03-01
1001,1043,5,2017-01-01,2017-03-01
1014,1287,5,2017-01-01,2017-03-01
2521,2570,5,2017-01-01,2017-03-01
681,3104,5,2017-01-01,2017-03-01
681,3123,5,2017-01-01,2017-03-01
601,3162,5,2017-01-01,2017-03-01
1673,2567,5,2017-01-01,2017-03-01
945,2972,5,2017-01-01,2017-03-01
218,246,5,2017-01-01,2017-03-01
704,707,5,2017-01-01,2017-03-01
726,792,5,2017-01-01,2017-03-01
707,751,5,2017-01-01,2017-03-01
739,799,5,2017-01-01,2017-03-01
734,747,5,2017-01-01,2017-03-01
781,795,5,2017-01-01,2017-03-01
750,772,5,2017-01-01,2017-03-01
705,760,5,2017-01-01,2017-03-01
868,884,5,2017-01-01,2017-03-01
930,994,5,2017-01-01,2017-03-01
1035,1038,5,2017-01-01,2017-03-01
1023,1045,5,2017-01-01,2017-03-01
1369,1371,5,2017-01-01,2017-03-01
721,799,5,2017-01-01,2017-03-01
328,1056,5,2017-01-01,2017-03-01
2242,2252,5,2017-01-01,2017-03-01
2758,2776,5,2017-01-01,2017-03-01
3159,3195,5,2017-01-01,2017-03-01
3639,3671,5,2017-01-01,2017-03-01
3620,3635,5,2017-01-01,2017-03-01
962,2972,5,2017-01-01,2017-03-01
4556,4575,5,2017-01-01,2017-03-01
4614,4628,5,2017-01-01,2017-03-01
341,374,5,2017-01-01,2017-03-01
313,366,5,2017-01-01,2017-03-01
729,768,5,2017-01-01,2017-03-01
726,755,5,2017-01-01,2017-03-01
737,758,5,2017-01-01,2017-03-01
761,786,5,2017-01-01,2017-03-01
354,1056,5,2017-01-01,2017-03-01
1314,1323,5,2017-01-01,2017-03-01
2728,2773,5,2017-01-01,2017-03-01
3414,3461,5,2017-01-01,2017-03-01
979,1351,5,2017-01-01,2017-03-01
1351,2992,5,2017-01-01,2017-03-01
933,1322,5,2017-01-01,2017-03-01
1576,1673,5,2017-01-01,2017-03-01
2441,3603,5,2017-01-01,2017-03-01
2467,3675,5,2017-01-01,2017-03-01
4009,4339,5,2017-01-01,2017-03-01
4053,4339,5,2017-01-01,2017-03-01
1666,2939,5,2017-01-01,2017-03-01
1337,1696,5,2017-01-01,2017-03-01
244,263,5,2017-01-01,2017-03-01
729,791,5,2017-01-01,2017-03-01
706,778,5,2017-01-01,2017-03-01
743,791,5,2017-01-01,2017-03-01
727,762,5,2017-01-01,2017-03-01
712,743,5,2017-01-01,2017-03-01
785,795,5,2017-01-01,2017-03-01
1002,1013,5,2017-01-01,2017-03-01
1074,1288,5,2017-01-01,2017-03-01
2106,2123,5,2017-01-01,2017-03-01
2924,2977,5,2017-01-01,2017-03-01
3087,3093,5,2017-01-01,2017-03-01
461,1674,5,2017-01-01,2017-03-01
212,611,5,2017-01-01,2017-03-01
3475,3483,5,2017-01-01,2017-03-01
3565,3598,5,2017-01-01,2017-03-01
3547,3577,5,2017-01-01,2017-03-01
3904,3914,5,2017-01-01,2017-03-01
3933,3980,5,2017-01-01,2017-03-01
655,3155,5,2017-01-01,2017-03-01
4359,4377,5,2017-01-01,2017-03-01
1464,2941,5,2017-01-01,2017-03-01
407,2959,5,2017-01-01,2017-03-01
248,276,5,2017-01-01,2017-03-01
324,330,5,2017-01-01,2017-03-01
341,376,5,2017-01-01,2017-03-01
313,315,5,2017-01-01,2017-03-01
706,795,5,2017-01-01,2017-03-01
762,778,5,2017-01-01,2017-03-01
747,759,5,2017-01-01,2017-03-01
778,793,5,2017-01-01,2017-03-01
1021,1057,5,2017-01-01,2017-03-01
334,1056,5,2017-01-01,2017-03-01
381,750,5,2017-01-01,2017-03-01
2568,2576,5,2017-01-01,2017-03-01
681,3146,5,2017-01-01,2017-03-01
4060,4088,5,2017-01-01,2017-03-01
299,2560,5,2017-01-01,2017-03-01
4063,4362,5,2017-01-01,2017-03-01
4628,4700,5,2017-01-01,2017-03-01
1444,2758,5,2017-01-01,2017-03-01
341,392,5,2017-01-01,2017-03-01
360,385,5,2017-01-01,2017-03-01
401,430,5,2017-01-01,2017-03-01
729,793,5,2017-01-01,2017-03-01
746,749,5,2017-01-01,2017-03-01
862,868,5,2017-01-01,2017-03-01
1044,1051,5,2017-01-01,2017-03-01
1021,1044,5,2017-01-01,2017-03-01
1439,1465,5,2017-01-01,2017-03-01
313,1021,5,2017-01-01,2017-03-01
786,1021,5,2017-01-01,2017-03-01
1954,1975,5,2017-01-01,2017-03-01
2205,2229,5,2017-01-01,2017-03-01
126,2315,5,2017-01-01,2017-03-01
2531,2545,5,2017-01-01,2017-03-01
3309,3399,5,2017-01-01,2017-03-01
645,3109,5,2017-01-01,2017-03-01
248,3146,5,2017-01-01,2017-03-01
3510,3536,5,2017-01-01,2017-03-01
3901,3906,5,2017-01-01,2017-03-01
4069,4088,5,2017-01-01,2017-03-01
4016,4063,5,2017-01-01,2017-03-01
456,1220,5,2017-01-01,2017-03-01
1243,2531,5,2017-01-01,2017-03-01
4052,4309,5,2017-01-01,2017-03-01
4630,4671,5,2017-01-01,2017-03-01
1371,2783,5,2017-01-01,2017-03-01
218,286,5,2017-01-01,2017-03-01
544,584,5,2017-01-01,2017-03-01
737,755,5,2017-01-01,2017-03-01
724,778,5,2017-01-01,2017-03-01
1025,1044,5,2017-01-01,2017-03-01
385,1035,5,2017-01-01,2017-03-01
1263,1292,5,2017-01-01,2017-03-01
229,231,5,2017-01-01,2017-03-01
703,774,5,2017-01-01,2017-03-01
309,1035,5,2017-01-01,2017-03-01
2103,2176,5,2017-01-01,2017-03-01
2521,2522,5,2017-01-01,2017-03-01
2560,2573,5,2017-01-01,2017-03-01
2951,2963,5,2017-01-01,2017-03-01
266,650,5,2017-01-01,2017-03-01
650,3169,5,2017-01-01,2017-03-01
3502,3509,5,2017-01-01,2017-03-01
3554,3563,5,2017-01-01,2017-03-01
3671,3679,5,2017-01-01,2017-03-01
979,1332,5,2017-01-01,2017-03-01
2334,2441,5,2017-01-01,2017-03-01
4083,4388,5,2017-01-01,2017-03-01
4609,4674,5,2017-01-01,2017-03-01
1482,2941,5,2017-01-01,2017-03-01
292,295,5,2017-01-01,2017-03-01
309,324,5,2017-01-01,2017-03-01
382,395,5,2017-01-01,2017-03-01
706,747,5,2017-01-01,2017-03-01
716,786,5,2017-01-01,2017-03-01
724,743,5,2017-01-01,2017-03-01
750,761,5,2017-01-01,2017-03-01
385,1002,5,2017-01-01,2017-03-01
1025,1029,5,2017-01-01,2017-03-01
308,1073,5,2017-01-01,2017-03-01
328,1057,5,2017-01-01,2017-03-01
309,1002,5,2017-01-01,2017-03-01
2205,2299,5,2017-01-01,2017-03-01
2539,2586,5,2017-01-01,2017-03-01
3518,3593,5,2017-01-01,2017-03-01
4010,4398,5,2017-01-01,2017-03-01
1837,2743,5,2017-01-01,2017-03-01
218,281,5,2017-01-01,2017-03-01
364,385,5,2017-01-01,2017-03-01
763,785,5,2017-01-01,2017-03-01
733,781,5,2017-01-01,2017-03-01
746,778,5,2017-01-01,2017-03-01
758,797,5,2017-01-01,2017-03-01
712,739,5,2017-01-01,2017-03-01
2244,2252,5,2017-01-01,2017-03-01
2576,2586,5,2017-01-01,2017-03-01
215,3146,5,2017-01-01,2017-03-01
3421,3436,5,2017-01-01,2017-03-01
3471,3477,5,2017-01-01,2017-03-01
490,1300,5,2017-01-01,2017-03-01
2699,3924,5,2017-01-01,2017-03-01
2279,3537,5,2017-01-01,2017-03-01
2223,3509,5,2017-01-01,2017-03-01
1082,3046,5,2017-01-01,2017-03-01
2783,2939,5,2017-01-01,2017-03-01
528,544,5,2017-01-01,2017-03-01
706,750,5,2017-01-01,2017-03-01
747,774,5,2017-01-01,2017-03-01
731,781,5,2017-01-01,2017-03-01
721,772,5,2017-01-01,2017-03-01
1051,1057,5,2017-01-01,2017-03-01
1001,1072,5,2017-01-01,2017-03-01
703,793,5,2017-01-01,2017-03-01
308,1002,5,2017-01-01,2017-03-01
395,1057,5,2017-01-01,2017-03-01
1205,1272,5,2017-01-01,2017-03-01
1321,1387,5,2017-01-01,2017-03-01
1914,1954,5,2017-01-01,2017-03-01
2130,2145,5,2017-01-01,2017-03-01
2243,2248,5,2017-01-01,2017-03-01
2539,2568,5,2017-01-01,2017-03-01
3502,3540,5,2017-01-01,2017-03-01
4060,4063,5,2017-01-01,2017-03-01
490,2539,5,2017-01-01,2017-03-01
1298,2699,5,2017-01-01,2017-03-01
4082,4400,5,2017-01-01,2017-03-01
4016,4364,5,2017-01-01,2017-03-01
4607,4671,5,2017-01-01,2017-03-01
915,1818,5,2017-01-01,2017-03-01
646,693,5,2017-01-01,2017-03-01
703,712,5,2017-01-01,2017-03-01
737,772,5,2017-01-01,2017-03-01
1043,1044,5,2017-01-01,2017-03-01
1321,1358,5,2017-01-01,2017-03-01
1074,1248,5,2017-01-01,2017-03-01
324,1056,5,2017-01-01,2017-03-01
761,1031,5,2017-01-01,2017-03-01
1828,1853,5,2017-01-01,2017-03-01
2205,2233,5,2017-01-01,2017-03-01
3011,3024,5,2017-01-01,2017-03-01
1542,2608,5,2017-01-01,2017-03-01
3639,3698,5,2017-01-01,2017-03-01
4063,4080,5,2017-01-01,2017-03-01
4022,4057,5,2017-01-01,2017-03-01
4010,4022,5,2017-01-01,2017-03-01
2427,3675,5,2017-01-01,2017-03-01
4044,4388,5,2017-01-01,2017-03-01
4690,4700,5,2017-01-01,2017-03-01
4609,4630,5,2017-01-01,2017-03-01
4614,4656,5,2017-01-01,2017-03-01
1482,2969,5,2017-01-01,2017-03-01
330,395,5,2017-01-01,2017-03-01
729,774,5,2017-01-01,2017-03-01
730,750,5,2017-01-01,2017-03-01
801,862,5,2017-01-01,2017-03-01
851,868,5,2017-01-01,2017-03-01
1330,1358,5,2017-01-01,2017-03-01
716,731,5,2017-01-01,2017-03-01
707,729,5,2017-01-01,2017-03-01
1581,1598,5,2017-01-01,2017-03-01
1576,1581,5,2017-01-01,2017-03-01
3502,3537,5,2017-01-01,2017-03-01
3510,3571,5,2017-01-01,2017-03-01
975,1482,5,2017-01-01,2017-03-01
330,366,5,2017-01-01,2017-03-01
315,334,5,2017-01-01,2017-03-01
315,354,5,2017-01-01,2017-03-01
762,785,5,2017-01-01,2017-03-01
746,786,5,2017-01-01,2017-03-01
703,704,5,2017-01-01,2017-03-01
730,786,5,2017-01-01,2017-03-01
785,792,5,2017-01-01,2017-03-01
719,734,5,2017-01-01,2017-03-01
719,743,5,2017-01-01,2017-03-01
1033,1052,5,2017-01-01,2017-03-01
1007,1073,5,2017-01-01,2017-03-01
1023,1044,5,2017-01-01,2017-03-01
1439,1484,5,2017-01-01,2017-03-01
369,1269,5,2017-01-01,2017-03-01
2138,2170,5,2017-01-01,2017-03-01
2245,2285,5,2017-01-01,2017-03-01
2522,2563,5,2017-01-01,2017-03-01
2932,2977,5,2017-01-01,2017-03-01
3015,3093,5,2017-01-01,2017-03-01
3402,3477,5,2017-01-01,2017-03-01
3624,3681,5,2017-01-01,2017-03-01
1377,2972,5,2017-01-01,2017-03-01
4671,4690,5,2017-01-01,2017-03-01
263,281,5,2017-01-01,2017-03-01
330,385,5,2017-01-01,2017-03-01
716,737,5,2017-01-01,2017-03-01
731,771,5,2017-01-01,2017-03-01
792,795,5,2017-01-01,2017-03-01
701,749,5,2017-01-01,2017-03-01
740,773,5,2017-01-01,2017-03-01
913,961,5,2017-01-01,2017-03-01
385,1026,5,2017-01-01,2017-03-01
1358,1387,5,2017-01-01,2017-03-01
360,709,5,2017-01-01,2017-03-01
1024,1236,5,2017-01-01,2017-03-01
2242,2285,5,2017-01-01,2017-03-01
2285,2298,5,2017-01-01,2017-03-01
243,3137,5,2017-01-01,2017-03-01
3421,3444,5,2017-01-01,2017-03-01
3578,3589,5,2017-01-01,2017-03-01
3671,3681,5,2017-01-01,2017-03-01
4340,4376,5,2017-01-01,2017-03-01
945,1332,5,2017-01-01,2017-03-01
2221,3536,5,2017-01-01,2017-03-01
4042,4399,5,2017-01-01,2017-03-01
4016,4395,5,2017-01-01,2017-03-01
4609,4700,5,2017-01-01,2017-03-01
730,781,5,2017-01-01,2017-03-01
750,763,5,2017-01-01,2017-03-01
705,764,5,2017-01-01,2017-03-01
740,743,5,2017-01-01,2017-03-01
930,951,5,2017-01-01,2017-03-01
1066,1287,5,2017-01-01,2017-03-01
1576,1587,5,2017-01-01,2017-03-01
2229,2244,5,2017-01-01,2017-03-01
2573,2586,5,2017-01-01,2017-03-01
229,3171,5,2017-01-01,2017-03-01
759,3447,5,2017-01-01,2017-03-01
3916,3940,5,2017-01-01,2017-03-01
3955,3978,5,2017-01-01,2017-03-01
1300,2521,5,2017-01-01,2017-03-01
211,2600,5,2017-01-01,2017-03-01
4329,4340,5,2017-01-01,2017-03-01
331,2655,5,2017-01-01,2017-03-01
2223,3537,5,2017-01-01,2017-03-01
2335,2458,5,2017-01-01,2017-03-01
4083,4364,5,2017-01-01,2017-03-01
308,360,5,2017-01-01,2017-03-01
764,793,5,2017-01-01,2017-03-01
747,778,5,2017-01-01,2017-03-01
747,764,5,2017-01-01,2017-03-01
749,751,5,2017-01-01,2017-03-01
2233,2248,5,2017-01-01,2017-03-01
2608,2674,5,2017-01-01,2017-03-01
3509,3578,5,2017-01-01,2017-03-01
3941,3966,5,2017-01-01,2017-03-01
4331,4359,5,2017-01-01,2017-03-01
4611,4671,5,2017-01-01,2017-03-01
4675,4700,5,2017-01-01,2017-03-01
4671,4696,5,2017-01-01,2017-03-01
2717,2941,5,2017-01-01,2017-03-01
244,247,5,2017-01-01,2017-03-01
309,330,5,2017-01-01,2017-03-01
712,752,5,2017-01-01,2017-03-01
705,762,5,2017-01-01,2017-03-01
774,797,5,2017-01-01,2017-03-01
749,768,5,2017-01-01,2017-03-01
740,750,5,2017-01-01,2017-03-01
334,1031,5,2017-01-01,2017-03-01
212,215,5,2017-01-01,2017-03-01
701,793,5,2017-01-01,2017-03-01
930,933,5,2017-01-01,2017-03-01
381,773,5,2017-01-01,2017-03-01
1914,1942,5,2017-01-01,2017-03-01
1923,1954,5,2017-01-01,2017-03-01
2278,2299,5,2017-01-01,2017-03-01
2510,2560,5,2017-01-01,2017-03-01
3117,3199,5,2017-01-01,2017-03-01
3301,3311,5,2017-01-01,2017-03-01
1247,1569,5,2017-01-01,2017-03-01
4010,4071,5,2017-01-01,2017-03-01
266,2573,5,2017-01-01,2017-03-01
4331,4376,5,2017-01-01,2017-03-01
993,2911,5,2017-01-01,2017-03-01
2325,3654,5,2017-01-01,2017-03-01
4607,4700,5,2017-01-01,2017-03-01
4655,4668,5,2017-01-01,2017-03-01
930,1484,5,2017-01-01,2017-03-01
928,2759,5,2017-01-01,2017-03-01
729,759,5,2017-01-01,2017-03-01
771,774,5,2017-01-01,2017-03-01
746,758,5,2017-01-01,2017-03-01
703,709,5,2017-01-01,2017-03-01
960,986,5,2017-01-01,2017-03-01
1444,1484,5,2017-01-01,2017-03-01
305,376,5,2017-01-01,2017-03-01
309,727,5,2017-01-01,2017-03-01
3132,3137,5,2017-01-01,2017-03-01
215,3162,5,2017-01-01,2017-03-01
3440,3444,5,2017-01-01,2017-03-01
3620,3648,5,2017-01-01,2017-03-01
3901,3955,5,2017-01-01,2017-03-01
3931,3980,5,2017-01-01,2017-03-01
4344,4361,5,2017-01-01,2017-03-01
130,2437,5,2017-01-01,2017-03-01
4611,4696,5,2017-01-01,2017-03-01
4609,4675,5,2017-01-01,2017-03-01
4671,4700,5,2017-01-01,2017-03-01
726,739,5,2017-01-01,2017-03-01
743,778,5,2017-01-01,2017-03-01
703,747,5,2017-01-01,2017-03-01
727,768,5,2017-01-01,2017-03-01
707,768,5,2017-01-01,2017-03-01
734,763,5,2017-01-01,2017-03-01
975,994,5,2017-01-01,2017-03-01
1001,1044,5,2017-01-01,2017-03-01
1038,1072,5,2017-01-01,2017-03-01
328,1029,5,2017-01-01,2017-03-01
712,1035,5,2017-01-01,2017-03-01
1853,1865,5,2017-01-01,2017-03-01
1961,1992,5,2017-01-01,2017-03-01
2116,2122,5,2017-01-01,2017-03-01
2728,2781,5,2017-01-01,2017-03-01
3301,3309,5,2017-01-01,2017-03-01
275,3162,5,2017-01-01,2017-03-01
3410,3414,5,2017-01-01,2017-03-01
3502,3554,5,2017-01-01,2017-03-01
3808,3839,5,2017-01-01,2017-03-01
299,490,5,2017-01-01,2017-03-01
437,1666,5,2017-01-01,2017-03-01
4371,4387,5,2017-01-01,2017-03-01
1369,2968,5,2017-01-01,2017-03-01
1243,1598,5,2017-01-01,2017-03-01
4042,4364,5,2017-01-01,2017-03-01
4011,4388,5,2017-01-01,2017-03-01
256,294,5,2017-01-01,2017-03-01
313,354,5,2017-01-01,2017-03-01
743,785,5,2017-01-01,2017-03-01
703,733,5,2017-01-01,2017-03-01
734,773,5,2017-01-01,2017-03-01
1007,1026,5,2017-01-01,2017-03-01
364,1057,5,2017-01-01,2017-03-01
705,795,5,2017-01-01,2017-03-01
705,727,5,2017-01-01,2017-03-01
3603,3671,5,2017-01-01,2017-03-01
1056,3479,5,2017-01-01,2017-03-01
3713,3779,5,2017-01-01,2017-03-01
3906,3914,5,2017-01-01,2017-03-01
293,443,5,2017-01-01,2017-03-01
1332,2912,5,2017-01-01,2017-03-01
1351,2912,5,2017-01-01,2017-03-01
940,1377,5,2017-01-01,2017-03-01
994,1367,5,2017-01-01,2017-03-01
2554,2667,5,2017-01-01,2017-03-01
126,2467,5,2017-01-01,2017-03-01
4066,4309,5,2017-01-01,2017-03-01
4665,4690,5,2017-01-01,2017-03-01
746,799,5,2017-01-01,2017-03-01
731,792,5,2017-01-01,2017-03-01
737,747,5,2017-01-01,2017-03-01
1240,1263,5,2017-01-01,2017-03-01
709,1029,5,2017-01-01,2017-03-01
797,1031,5,2017-01-01,2017-03-01
704,1031,5,2017-01-01,2017-03-01
1542,1576,5,2017-01-01,2017-03-01
2781,2792,5,2017-01-01,2017-03-01
3839,3871,5,2017-01-01,2017-03-01
905,1332,5,2017-01-01,2017-03-01
2236,3540,5,2017-01-01,2017-03-01
4042,4373,5,2017-01-01,2017-03-01
4083,4316,5,2017-01-01,2017-03-01
4656,4675,5,2017-01-01,2017-03-01
2511,2969,5,2017-01-01,2017-03-01
263,292,5,2017-01-01,2017-03-01
733,793,5,2017-01-01,2017-03-01
795,797,5,2017-01-01,2017-03-01
1021,1031,5,2017-01-01,2017-03-01
1031,1045,5,2017-01-01,2017-03-01
378,1043,5,2017-01-01,2017-03-01
1343,1398,5,2017-01-01,2017-03-01
1310,1394,5,2017-01-01,2017-03-01
314,2608,5,2017-01-01,2017-03-01
3565,3593,5,2017-01-01,2017-03-01
3635,3681,5,2017-01-01,2017-03-01
443,2563,5,2017-01-01,2017-03-01
1298,2674,5,2017-01-01,2017-03-01
2498,3675,5,2017-01-01,2017-03-01
1288,1813,5,2017-01-01,2017-03-01
269,294,5,2017-01-01,2017-03-01
308,368,5,2017-01-01,2017-03-01
746,750,5,2017-01-01,2017-03-01
712,740,5,2017-01-01,2017-03-01
874,876,5,2017-01-01,2017-03-01
1026,1045,5,2017-01-01,2017-03-01
1905,1911,5,2017-01-01,2017-03-01
2521,2567,5,2017-01-01,2017-03-01
266,3146,5,2017-01-01,2017-03-01
3421,3491,5,2017-01-01,2017-03-01
3713,3716,5,2017-01-01,2017-03-01
4002,4088,5,2017-01-01,2017-03-01
628,3172,5,2017-01-01,2017-03-01
1243,2573,5,2017-01-01,2017-03-01
947,2947,5,2017-01-01,2017-03-01
4329,4331,5,2017-01-01,2017-03-01
4042,4339,5,2017-01-01,2017-03-01
4080,4399,5,2017-01-01,2017-03-01
4607,4696,5,2017-01-01,2017-03-01
4656,4700,5,2017-01-01,2017-03-01
4630,4696,5,2017-01-01,2017-03-01
915,2867,5,2017-01-01,2017-03-01
272,286,5,2017-01-01,2017-03-01
309,364,5,2017-01-01,2017-03-01
313,355,5,2017-01-01,2017-03-01
729,763,5,2017-01-01,2017-03-01
743,797,5,2017-01-01,2017-03-01
747,773,5,2017-01-01,2017-03-01
772,799,5,2017-01-01,2017-03-01
844,859,5,2017-01-01,2017-03-01
1013,1044,5,2017-01-01,2017-03-01
1923,1999,5,2017-01-01,2017-03-01
2510,2568,5,2017-01-01,2017-03-01
274,3162,5,2017-01-01,2017-03-01
3410,3413,5,2017-01-01,2017-03-01
3537,3577,5,2017-01-01,2017-03-01
358,2537,5,2017-01-01,2017-03-01
1014,1298,5,2017-01-01,2017-03-01
437,2758,5,2017-01-01,2017-03-01
1082,2754,5,2017-01-01,2017-03-01
208,243,5,2017-01-01,2017-03-01
354,378,5,2017-01-01,2017-03-01
729,797,5,2017-01-01,2017-03-01
726,751,5,2017-01-01,2017-03-01
724,773,5,2017-01-01,2017-03-01
844,848,5,2017-01-01,2017-03-01
1001,1045,5,2017-01-01,2017-03-01
362,768,5,2017-01-01,2017-03-01
2242,2246,5,2017-01-01,2017-03-01
2454,2467,5,2017-01-01,2017-03-01
2608,2681,5,2017-01-01,2017-03-01
2685,2689,5,2017-01-01,2017-03-01
3116,3149,5,2017-01-01,2017-03-01
215,601,5,2017-01-01,2017-03-01
3405,3421,5,2017-01-01,2017-03-01
3402,3471,5,2017-01-01,2017-03-01
3620,3639,5,2017-01-01,2017-03-01
2498,3639,5,2017-01-01,2017-03-01
4083,4309,5,2017-01-01,2017-03-01
4607,4609,5,2017-01-01,2017-03-01
4656,4665,5,2017-01-01,2017-03-01
975,1818,5,2017-01-01,2017-03-01
330,382,5,2017-01-01,2017-03-01
366,376,5,2017-01-01,2017-03-01
385,395,5,2017-01-01,2017-03-01
312,356,5,2017-01-01,2017-03-01
716,781,5,2017-01-01,2017-03-01
1021,1029,5,2017-01-01,2017-03-01
368,1057,5,2017-01-01,2017-03-01
705,712,5,2017-01-01,2017-03-01
3444,3471,5,2017-01-01,2017-03-01
333,1544,5,2017-01-01,2017-03-01
3547,3563,5,2017-01-01,2017-03-01
3563,3589,5,2017-01-01,2017-03-01
3908,3930,5,2017-01-01,2017-03-01
4029,4060,5,2017-01-01,2017-03-01
4340,4398,5,2017-01-01,2017-03-01
1332,2905,5,2017-01-01,2017-03-01
1377,2988,5,2017-01-01,2017-03-01
4012,4395,5,2017-01-01,2017-03-01
4052,4373,5,2017-01-01,2017-03-01
4607,4675,5,2017-01-01,2017-03-01
309,334,5,2017-01-01,2017-03-01
334,376,5,2017-01-01,2017-03-01
1314,1367,5,2017-01-01,2017-03-01
727,733,5,2017-01-01,2017-03-01
705,730,5,2017-01-01,2017-03-01
2568,2573,5,2017-01-01,2017-03-01
4057,4092,5,2017-01-01,2017-03-01
1243,2600,5,2017-01-01,2017-03-01
331,1014,5,2017-01-01,2017-03-01
1014,2573,5,2017-01-01,2017-03-01
281,286,5,2017-01-01,2017-03-01
246,292,5,2017-01-01,2017-03-01
271,283,5,2017-01-01,2017-03-01
218,263,5,2017-01-01,2017-03-01
731,791,5,2017-01-01,2017-03-01
737,761,5,2017-01-01,2017-03-01
721,771,5,2017-01-01,2017-03-01
750,797,5,2017-01-01,2017-03-01
1007,1095,5,2017-01-01,2017-03-01
1370,1394,5,2017-01-01,2017-03-01
1337,1367,5,2017-01-01,2017-03-01
1371,1391,5,2017-01-01,2017-03-01
611,624,5,2017-01-01,2017-03-01
707,727,5,2017-01-01,2017-03-01
2573,2576,5,2017-01-01,2017-03-01
2567,2586,5,2017-01-01,2017-03-01
2758,2789,5,2017-01-01,2017-03-01
3122,3151,5,2017-01-01,2017-03-01
3410,3475,5,2017-01-01,2017-03-01
979,1315,5,2017-01-01,2017-03-01
1377,2912,5,2017-01-01,2017-03-01
266,2655,5,2017-01-01,2017-03-01
2405,3648,5,2017-01-01,2017-03-01
928,1696,5,2017-01-01,2017-03-01
246,281,5,2017-01-01,2017-03-01
305,360,5,2017-01-01,2017-03-01
733,758,5,2017-01-01,2017-03-01
721,734,5,2017-01-01,2017-03-01
721,743,5,2017-01-01,2017-03-01
768,778,5,2017-01-01,2017-03-01
772,793,5,2017-01-01,2017-03-01
701,703,5,2017-01-01,2017-03-01
305,315,5,2017-01-01,2017-03-01
622,684,5,2017-01-01,2017-03-01
355,709,5,2017-01-01,2017-03-01
2278,2285,5,2017-01-01,2017-03-01
2781,2793,5,2017-01-01,2017-03-01
2803,2887,5,2017-01-01,2017-03-01
610,3146,5,2017-01-01,2017-03-01
294,3137,5,2017-01-01,2017-03-01
3414,3436,5,2017-01-01,2017-03-01
1014,3924,5,2017-01-01,2017-03-01
4361,4384,5,2017-01-01,2017-03-01
1014,2600,5,2017-01-01,2017-03-01
2335,3675,5,2017-01-01,2017-03-01
4611,4665,5,2017-01-01,2017-03-01
1314,2511,5,2017-01-01,2017-03-01
354,381,5,2017-01-01,2017-03-01
613,660,5,2017-01-01,2017-03-01
712,734,5,2017-01-01,2017-03-01
712,763,5,2017-01-01,2017-03-01
709,743,5,2017-01-01,2017-03-01
951,975,5,2017-01-01,2017-03-01
305,308,5,2017-01-01,2017-03-01
701,786,5,2017-01-01,2017-03-01
308,1035,5,2017-01-01,2017-03-01
1509,1594,5,2017-01-01,2017-03-01
2155,2169,5,2017-01-01,2017-03-01
3436,3461,5,2017-01-01,2017-03-01
3414,3475,5,2017-01-01,2017-03-01
4040,4092,5,2017-01-01,2017-03-01
211,1243,5,2017-01-01,2017-03-01
4614,4682,5,2017-01-01,2017-03-01
1837,2769,5,2017-01-01,2017-03-01
915,1484,5,2017-01-01,2017-03-01
975,2789,5,2017-01-01,2017-03-01
254,280,5,2017-01-01,2017-03-01
726,771,5,2017-01-01,2017-03-01
703,705,5,2017-01-01,2017-03-01
727,793,5,2017-01-01,2017-03-01
707,734,5,2017-01-01,2017-03-01
734,766,5,2017-01-01,2017-03-01
1013,1035,5,2017-01-01,2017-03-01
1043,1051,5,2017-01-01,2017-03-01
1035,1056,5,2017-01-01,2017-03-01
378,1021,5,2017-01-01,2017-03-01
1923,1961,5,2017-01-01,2017-03-01
2567,2568,5,2017-01-01,2017-03-01
4359,4384,5,2017-01-01,2017-03-01
2458,3654,5,2017-01-01,2017-03-01
2498,3654,5,2017-01-01,2017-03-01
4059,4309,5,2017-01-01,2017-03-01
4696,4700,5,2017-01-01,2017-03-01
247,292,5,2017-01-01,2017-03-01
758,760,5,2017-01-01,2017-03-01
749,766,5,2017-01-01,2017-03-01
876,889,5,2017-01-01,2017-03-01
1347,1398,5,2017-01-01,2017-03-01
328,341,5,2017-01-01,2017-03-01
2522,2570,5,2017-01-01,2017-03-01
2963,2965,5,2017-01-01,2017-03-01
3114,3167,5,2017-01-01,2017-03-01
3343,3370,5,2017-01-01,2017-03-01
3624,3654,5,2017-01-01,2017-03-01
4007,4060,5,2017-01-01,2017-03-01
275,1693,5,2017-01-01,2017-03-01
1074,2857,5,2017-01-01,2017-03-01
933,2968,5,2017-01-01,2017-03-01
4052,4316,5,2017-01-01,2017-03-01
915,1482,5,2017-01-01,2017-03-01
975,2759,5,2017-01-01,2017-03-01
1482,2939,5,2017-01-01,2017-03-01
1337,1818,5,2017-01-01,2017-03-01
2759,2969,5,2017-01-01,2017-03-01
286,292,5,2017-01-01,2017-03-01
226,248,5,2017-01-01,2017-03-01
731,739,5,2017-01-01,2017-03-01
750,766,5,2017-01-01,2017-03-01
761,773,5,2017-01-01,2017-03-01
965,968,5,2017-01-01,2017-03-01
1337,1370,5,2017-01-01,2017-03-01
305,313,5,2017-01-01,2017-03-01
707,731,5,2017-01-01,2017-03-01
328,762,5,2017-01-01,2017-03-01
2608,2655,5,2017-01-01,2017-03-01
3405,3413,5,2017-01-01,2017-03-01
3414,3483,5,2017-01-01,2017-03-01
641,3154,5,2017-01-01,2017-03-01
4344,4359,5,2017-01-01,2017-03-01
1351,2911,5,2017-01-01,2017-03-01
1351,2905,5,2017-01-01,2017-03-01
2407,3635,5,2017-01-01,2017-03-01
130,3678,5,2017-01-01,2017-03-01
4665,4675,5,2017-01-01,2017-03-01
4630,4690,5,2017-01-01,2017-03-01
309,360,5,2017-01-01,2017-03-01
763,786,5,2017-01-01,2017-03-01
703,758,5,2017-01-01,2017-03-01
731,785,5,2017-01-01,2017-03-01
731,763,5,2017-01-01,2017-03-01
760,773,5,2017-01-01,2017-03-01
804,819,5,2017-01-01,2017-03-01
913,975,5,2017-01-01,2017-03-01
1044,1072,5,2017-01-01,2017-03-01
1038,1073,5,2017-01-01,2017-03-01
360,1057,5,2017-01-01,2017-03-01
381,1002,5,2017-01-01,2017-03-01
1322,1337,5,2017-01-01,2017-03-01
208,294,5,2017-01-01,2017-03-01
705,791,5,2017-01-01,2017-03-01
366,1013,5,2017-01-01,2017-03-01
334,1013,5,2017-01-01,2017-03-01
2244,2299,5,2017-01-01,2017-03-01
2545,2570,5,2017-01-01,2017-03-01
3151,3198,5,2017-01-01,2017-03-01
3309,3367,5,2017-01-01,2017-03-01
266,610,5,2017-01-01,2017-03-01
610,3169,5,2017-01-01,2017-03-01
211,606,5,2017-01-01,2017-03-01
4317,4357,5,2017-01-01,2017-03-01
315,368,5,2017-01-01,2017-03-01
611,658,5,2017-01-01,2017-03-01
746,773,5,2017-01-01,2017-03-01
703,707,5,2017-01-01,2017-03-01
732,744,5,2017-01-01,2017-03-01
1002,1044,5,2017-01-01,2017-03-01
1444,1482,5,2017-01-01,2017-03-01
305,330,5,2017-01-01,2017-03-01
701,795,5,2017-01-01,2017-03-01
1569,1598,5,2017-01-01,2017-03-01
3332,3367,5,2017-01-01,2017-03-01
682,3145,5,2017-01-01,2017-03-01
601,3169,5,2017-01-01,2017-03-01
3582,3593,5,2017-01-01,2017-03-01
3502,3589,5,2017-01-01,2017-03-01
4032,4046,5,2017-01-01,2017-03-01
2233,3561,5,2017-01-01,2017-03-01
4344,4376,5,2017-01-01,2017-03-01
993,2992,5,2017-01-01,2017-03-01
4080,4388,5,2017-01-01,2017-03-01
2783,2959,5,2017-01-01,2017-03-01
308,354,5,2017-01-01,2017-03-01
727,781,5,2017-01-01,2017-03-01
785,799,5,2017-01-01,2017-03-01
793,795,5,2017-01-01,2017-03-01
761,774,5,2017-01-01,2017-03-01
839,862,5,2017-01-01,2017-03-01
1432,1444,5,2017-01-01,2017-03-01
734,799,5,2017-01-01,2017-03-01
705,785,5,2017-01-01,2017-03-01
1014,1228,5,2017-01-01,2017-03-01
2123,2186,5,2017-01-01,2017-03-01
2563,2568,5,2017-01-01,2017-03-01
2510,2563,5,2017-01-01,2017-03-01
2627,2663,5,2017-01-01,2017-03-01
2901,2910,5,2017-01-01,2017-03-01
3104,3157,5,2017-01-01,2017-03-01
205,3146,5,2017-01-01,2017-03-01
443,1300,5,2017-01-01,2017-03-01
4321,4398,5,2017-01-01,2017-03-01
945,1351,5,2017-01-01,2017-03-01
4073,4400,5,2017-01-01,2017-03-01
2334,3648,5,2017-01-01,2017-03-01
4516,4575,5,2017-01-01,2017-03-01
341,362,5,2017-01-01,2017-03-01
726,764,5,2017-01-01,2017-03-01
707,758,5,2017-01-01,2017-03-01
712,751,5,2017-01-01,2017-03-01
740,795,5,2017-01-01,2017-03-01
804,851,5,2017-01-01,2017-03-01
802,876,5,2017-01-01,2017-03-01
933,951,5,2017-01-01,2017-03-01
2122,2169,5,2017-01-01,2017-03-01
2116,2169,5,2017-01-01,2017-03-01
3321,3370,5,2017-01-01,2017-03-01
3413,3461,5,2017-01-01,2017-03-01
3552,3598,5,2017-01-01,2017-03-01
443,2560,5,2017-01-01,2017-03-01
204,437,5,2017-01-01,2017-03-01
940,2988,5,2017-01-01,2017-03-01
910,2992,5,2017-01-01,2017-03-01
2467,3654,5,2017-01-01,2017-03-01
305,334,5,2017-01-01,2017-03-01
729,766,5,2017-01-01,2017-03-01
733,799,5,2017-01-01,2017-03-01
707,755,5,2017-01-01,2017-03-01
712,759,5,2017-01-01,2017-03-01
709,727,5,2017-01-01,2017-03-01
768,795,5,2017-01-01,2017-03-01
833,851,5,2017-01-01,2017-03-01
1053,1073,5,2017-01-01,2017-03-01
1001,1035,5,2017-01-01,2017-03-01
366,1057,5,2017-01-01,2017-03-01
1465,1482,5,2017-01-01,2017-03-01
773,1025,5,2017-01-01,2017-03-01
2243,2278,5,2017-01-01,2017-03-01
2752,2754,5,2017-01-01,2017-03-01
3114,3159,5,2017-01-01,2017-03-01
3914,3916,5,2017-01-01,2017-03-01
4040,4071,5,2017-01-01,2017-03-01
255,2570,5,2017-01-01,2017-03-01
945,1377,5,2017-01-01,2017-03-01
130,2427,5,2017-01-01,2017-03-01
4628,4630,5,2017-01-01,2017-03-01
2717,2939,5,2017-01-01,2017-03-01
764,785,5,2017-01-01,2017-03-01
737,739,5,2017-01-01,2017-03-01
781,786,5,2017-01-01,2017-03-01
750,785,5,2017-01-01,2017-03-01
819,844,5,2017-01-01,2017-03-01
1828,1842,5,2017-01-01,2017-03-01
1986,1993,5,2017-01-01,2017-03-01
2106,2197,5,2017-01-01,2017-03-01
2531,2576,5,2017-01-01,2017-03-01
3151,3193,5,2017-01-01,2017-03-01
3171,3184,5,2017-01-01,2017-03-01
3311,3329,5,2017-01-01,2017-03-01
3311,3380,5,2017-01-01,2017-03-01
3536,3563,5,2017-01-01,2017-03-01
3518,3552,5,2017-01-01,2017-03-01
3675,3679,5,2017-01-01,2017-03-01
204,1248,5,2017-01-01,2017-03-01
440,2655,5,2017-01-01,2017-03-01
2437,3635,5,2017-01-01,2017-03-01
341,382,5,2017-01-01,2017-03-01
610,611,5,2017-01-01,2017-03-01
624,670,5,2017-01-01,2017-03-01
729,743,5,2017-01-01,2017-03-01
726,778,5,2017-01-01,2017-03-01
706,734,5,2017-01-01,2017-03-01
915,961,5,2017-01-01,2017-03-01
328,330,5,2017-01-01,2017-03-01
721,724,5,2017-01-01,2017-03-01
2547,2595,5,2017-01-01,2017-03-01
3349,3396,5,2017-01-01,2017-03-01
3440,3483,5,2017-01-01,2017-03-01
4376,4398,5,2017-01-01,2017-03-01
993,2972,5,2017-01-01,2017-03-01
2325,2407,5,2017-01-01,2017-03-01
2783,2941,5,2017-01-01,2017-03-01
263,289,5,2017-01-01,2017-03-01
729,772,5,2017-01-01,2017-03-01
733,749,5,2017-01-01,2017-03-01
709,750,5,2017-01-01,2017-03-01
848,851,5,2017-01-01,2017-03-01
1001,1026,5,2017-01-01,2017-03-01
1035,1053,5,2017-01-01,2017-03-01
1031,1051,5,2017-01-01,2017-03-01
1314,1394,5,2017-01-01,2017-03-01
395,797,5,2017-01-01,2017-03-01
3112,3137,5,2017-01-01,2017-03-01
3360,3380,5,2017-01-01,2017-03-01
646,3178,5,2017-01-01,2017-03-01
3413,3477,5,2017-01-01,2017-03-01
3532,3600,5,2017-01-01,2017-03-01
288,631,5,2017-01-01,2017-03-01
3858,3871,5,2017-01-01,2017-03-01
993,1351,5,2017-01-01,2017-03-01
2335,2437,5,2017-01-01,2017-03-01
4016,4353,5,2017-01-01,2017-03-01
1013,1051,5,2017-01-01,2017-03-01
430,431,5,2017-01-01,2017-03-01
716,727,5,2017-01-01,2017-03-01
313,1035,5,2017-01-01,2017-03-01
2776,2783,5,2017-01-01,2017-03-01
3329,3332,5,2017-01-01,2017-03-01
266,681,5,2017-01-01,2017-03-01
3518,3579,5,2017-01-01,2017-03-01
648,3161,5,2017-01-01,2017-03-01
4014,4028,5,2017-01-01,2017-03-01
4046,4359,5,2017-01-01,2017-03-01
341,354,5,2017-01-01,2017-03-01
862,884,5,2017-01-01,2017-03-01
1293,1297,5,2017-01-01,2017-03-01
1293,1298,5,2017-01-01,2017-03-01
705,724,5,2017-01-01,2017-03-01
355,791,5,2017-01-01,2017-03-01
1092,1271,5,2017-01-01,2017-03-01
1503,1587,5,2017-01-01,2017-03-01
1914,1999,5,2017-01-01,2017-03-01
126,2334,5,2017-01-01,2017-03-01
2643,2650,5,2017-01-01,2017-03-01
1240,1674,5,2017-01-01,2017-03-01
3193,3198,5,2017-01-01,2017-03-01
205,601,5,2017-01-01,2017-03-01
1228,1587,5,2017-01-01,2017-03-01
3702,3787,5,2017-01-01,2017-03-01
3933,3941,5,2017-01-01,2017-03-01
2667,3913,5,2017-01-01,2017-03-01
2295,3509,5,2017-01-01,2017-03-01
4080,4373,5,2017-01-01,2017-03-01
1837,2754,5,2017-01-01,2017-03-01
243,280,5,2017-01-01,2017-03-01
627,693,5,2017-01-01,2017-03-01
726,791,5,2017-01-01,2017-03-01
706,721,5,2017-01-01,2017-03-01
703,751,5,2017-01-01,2017-03-01
760,781,5,2017-01-01,2017-03-01
701,712,5,2017-01-01,2017-03-01
1003,1048,5,2017-01-01,2017-03-01
1362,1378,5,2017-01-01,2017-03-01
703,791,5,2017-01-01,2017-03-01
705,781,5,2017-01-01,2017-03-01
376,1025,5,2017-01-01,2017-03-01
392,709,5,2017-01-01,2017-03-01
2521,2586,5,2017-01-01,2017-03-01
2728,2793,5,2017-01-01,2017-03-01
3141,3149,5,2017-01-01,2017-03-01
215,3169,5,2017-01-01,2017-03-01
314,1569,5,2017-01-01,2017-03-01
3524,3532,5,2017-01-01,2017-03-01
299,443,5,2017-01-01,2017-03-01
4321,4361,5,2017-01-01,2017-03-01
2405,3698,5,2017-01-01,2017-03-01
4682,4700,5,2017-01-01,2017-03-01
975,2783,5,2017-01-01,2017-03-01
928,1464,5,2017-01-01,2017-03-01
366,382,5,2017-01-01,2017-03-01
704,799,5,2017-01-01,2017-03-01
733,795,5,2017-01-01,2017-03-01
703,724,5,2017-01-01,2017-03-01
716,795,5,2017-01-01,2017-03-01
760,793,5,2017-01-01,2017-03-01
752,781,5,2017-01-01,2017-03-01
1029,1035,5,2017-01-01,2017-03-01
1001,1002,5,2017-01-01,2017-03-01
712,781,5,2017-01-01,2017-03-01
308,1026,5,2017-01-01,2017-03-01
369,1228,5,2017-01-01,2017-03-01
333,1287,5,2017-01-01,2017-03-01
2105,2199,5,2017-01-01,2017-03-01
2169,2185,5,2017-01-01,2017-03-01
2522,2573,5,2017-01-01,2017-03-01
3122,3159,5,2017-01-01,2017-03-01
266,684,5,2017-01-01,2017-03-01
3440,3477,5,2017-01-01,2017-03-01
3444,3477,5,2017-01-01,2017-03-01
3529,3561,5,2017-01-01,2017-03-01
910,2972,5,2017-01-01,2017-03-01
4017,4309,5,2017-01-01,2017-03-01
4607,4682,5,2017-01-01,2017-03-01
1813,3046,5,2017-01-01,2017-03-01
230,283,5,2017-01-01,2017-03-01
305,355,5,2017-01-01,2017-03-01
622,670,5,2017-01-01,2017-03-01
726,750,5,2017-01-01,2017-03-01
761,781,5,2017-01-01,2017-03-01
833,844,5,2017-01-01,2017-03-01
1043,1056,5,2017-01-01,2017-03-01
305,392,5,2017-01-01,2017-03-01
2242,2298,5,2017-01-01,2017-03-01
2252,2278,5,2017-01-01,2017-03-01
2935,2965,5,2017-01-01,2017-03-01
3536,3540,5,2017-01-01,2017-03-01
905,2911,5,2017-01-01,2017-03-01
4614,4665,5,2017-01-01,2017-03-01
407,2969,5,2017-01-01,2017-03-01
743,792,5,2017-01-01,2017-03-01
740,799,5,2017-01-01,2017-03-01
913,930,5,2017-01-01,2017-03-01
912,977,5,2017-01-01,2017-03-01
1051,1095,5,2017-01-01,2017-03-01
385,1073,5,2017-01-01,2017-03-01
315,324,5,2017-01-01,2017-03-01
721,791,5,2017-01-01,2017-03-01
130,2315,5,2017-01-01,2017-03-01
3410,3461,5,2017-01-01,2017-03-01
4071,4092,5,2017-01-01,2017-03-01
4010,4361,5,2017-01-01,2017-03-01
4052,4364,5,2017-01-01,2017-03-01
4682,4696,5,2017-01-01,2017-03-01
1337,1464,5,2017-01-01,2017-03-01
729,730,5,2017-01-01,2017-03-01
726,799,5,2017-01-01,2017-03-01
737,764,5,2017-01-01,2017-03-01
721,785,5,2017-01-01,2017-03-01
724,786,5,2017-01-01,2017-03-01
734,740,5,2017-01-01,2017-03-01
734,760,5,2017-01-01,2017-03-01
719,740,5,2017-01-01,2017-03-01
750,751,5,2017-01-01,2017-03-01
309,1025,5,2017-01-01,2017-03-01
792,1013,5,2017-01-01,2017-03-01
1092,1236,5,2017-01-01,2017-03-01
369,1247,5,2017-01-01,2017-03-01
1842,1884,5,2017-01-01,2017-03-01
1975,1999,5,2017-01-01,2017-03-01
2123,2199,5,2017-01-01,2017-03-01
2521,2600,5,2017-01-01,2017-03-01
461,1240,5,2017-01-01,2017-03-01
3159,3167,5,2017-01-01,2017-03-01
299,1300,5,2017-01-01,2017-03-01
274,1645,5,2017-01-01,2017-03-01
1014,3913,5,2017-01-01,2017-03-01
4346,4380,5,2017-01-01,2017-03-01
2295,3589,5,2017-01-01,2017-03-01
4059,4339,5,2017-01-01,2017-03-01
4066,4339,5,2017-01-01,2017-03-01
4066,4316,5,2017-01-01,2017-03-01
4044,4399,5,2017-01-01,2017-03-01
1288,2743,5,2017-01-01,2017-03-01
975,1464,5,2017-01-01,2017-03-01
221,272,5,2017-01-01,2017-03-01
308,362,5,2017-01-01,2017-03-01
378,392,5,2017-01-01,2017-03-01
706,712,5,2017-01-01,2017-03-01
743,766,5,2017-01-01,2017-03-01
734,749,5,2017-01-01,2017-03-01
734,785,5,2017-01-01,2017-03-01
1025,1072,5,2017-01-01,2017-03-01
382,1043,5,2017-01-01,2017-03-01
1002,1029,5,2017-01-01,2017-03-01
3413,3444,5,2017-01-01,2017-03-01
3537,3547,5,2017-01-01,2017-03-01
3620,3681,5,2017-01-01,2017-03-01
3675,3681,5,2017-01-01,2017-03-01
673,3172,5,2017-01-01,2017-03-01
1576,3913,5,2017-01-01,2017-03-01
1351,2988,5,2017-01-01,2017-03-01
962,2912,5,2017-01-01,2017-03-01
994,1322,5,2017-01-01,2017-03-01
2600,2655,5,2017-01-01,2017-03-01
4611,4682,5,2017-01-01,2017-03-01
313,362,5,2017-01-01,2017-03-01
764,799,5,2017-01-01,2017-03-01
768,785,5,2017-01-01,2017-03-01
1007,1038,5,2017-01-01,2017-03-01
378,795,5,2017-01-01,2017-03-01
354,797,5,2017-01-01,2017-03-01
2278,2298,5,2017-01-01,2017-03-01
3182,3198,5,2017-01-01,2017-03-01
3906,3978,5,2017-01-01,2017-03-01
641,3155,5,2017-01-01,2017-03-01
2667,3104,5,2017-01-01,2017-03-01
126,3635,5,2017-01-01,2017-03-01
4671,4674,5,2017-01-01,2017-03-01
928,2867,5,2017-01-01,2017-03-01
324,376,5,2017-01-01,2017-03-01
624,650,5,2017-01-01,2017-03-01
729,749,5,2017-01-01,2017-03-01
726,793,5,2017-01-01,2017-03-01
726,743,5,2017-01-01,2017-03-01
712,755,5,2017-01-01,2017-03-01
749,761,5,2017-01-01,2017-03-01
933,975,5,2017-01-01,2017-03-01
1013,1073,5,2017-01-01,2017-03-01
1026,1056,5,2017-01-01,2017-03-01
1297,1298,5,2017-01-01,2017-03-01
221,289,5,2017-01-01,2017-03-01
705,792,5,2017-01-01,2017-03-01
368,1029,5,2017-01-01,2017-03-01
354,762,5,2017-01-01,2017-03-01
395,761,5,2017-01-01,2017-03-01
141,2315,5,2017-01-01,2017-03-01
3504,3553,5,2017-01-01,2017-03-01
3702,3770,5,2017-01-01,2017-03-01
4012,4063,5,2017-01-01,2017-03-01
970,2947,5,2017-01-01,2017-03-01
4042,4395,5,2017-01-01,2017-03-01
4656,4674,5,2017-01-01,2017-03-01
276,299,5,2017-01-01,2017-03-01
362,378,5,2017-01-01,2017-03-01
305,366,5,2017-01-01,2017-03-01
716,750,5,2017-01-01,2017-03-01
724,774,5,2017-01-01,2017-03-01
920,941,5,2017-01-01,2017-03-01
315,395,5,2017-01-01,2017-03-01
724,734,5,2017-01-01,2017-03-01
2245,2252,5,2017-01-01,2017-03-01
2521,2531,5,2017-01-01,2017-03-01
662,3161,5,2017-01-01,2017-03-01
126,2458,5,2017-01-01,2017-03-01
243,256,5,2017-01-01,2017-03-01
247,286,5,2017-01-01,2017-03-01
218,244,5,2017-01-01,2017-03-01
309,354,5,2017-01-01,2017-03-01
374,382,5,2017-01-01,2017-03-01
606,670,5,2017-01-01,2017-03-01
704,747,5,2017-01-01,2017-03-01
751,781,5,2017-01-01,2017-03-01
712,762,5,2017-01-01,2017-03-01
705,743,5,2017-01-01,2017-03-01
801,839,5,2017-01-01,2017-03-01
1038,1057,5,2017-01-01,2017-03-01
707,726,5,2017-01-01,2017-03-01
3122,3182,5,2017-01-01,2017-03-01
601,3146,5,2017-01-01,2017-03-01
3475,3490,5,2017-01-01,2017-03-01
314,1561,5,2017-01-01,2017-03-01
3554,3577,5,2017-01-01,2017-03-01
4022,4040,5,2017-01-01,2017-03-01
673,2123,5,2017-01-01,2017-03-01
211,2531,5,2017-01-01,2017-03-01
910,1351,5,2017-01-01,2017-03-01
4017,4364,5,2017-01-01,2017-03-01
4025,4388,5,2017-01-01,2017-03-01
4611,4674,5,2017-01-01,2017-03-01
4607,4690,5,2017-01-01,2017-03-01
1464,2959,5,2017-01-01,2017-03-01
764,781,5,2017-01-01,2017-03-01
786,797,5,2017-01-01,2017-03-01
707,760,5,2017-01-01,2017-03-01
766,795,5,2017-01-01,2017-03-01
737,759,5,2017-01-01,2017-03-01
760,795,5,2017-01-01,2017-03-01
705,734,5,2017-01-01,2017-03-01
759,778,5,2017-01-01,2017-03-01
839,884,5,2017-01-01,2017-03-01
859,888,5,2017-01-01,2017-03-01
1073,1095,5,2017-01-01,2017-03-01
378,712,5,2017-01-01,2017-03-01
2752,2769,5,2017-01-01,2017-03-01
3145,3184,5,2017-01-01,2017-03-01
3343,3385,5,2017-01-01,2017-03-01
205,681,5,2017-01-01,2017-03-01
3413,3436,5,2017-01-01,2017-03-01
3444,3491,5,2017-01-01,2017-03-01
3414,3477,5,2017-01-01,2017-03-01
3502,3536,5,2017-01-01,2017-03-01
3510,3540,5,2017-01-01,2017-03-01
3808,3815,5,2017-01-01,2017-03-01
4088,4090,5,2017-01-01,2017-03-01
4321,4329,5,2017-01-01,2017-03-01
4379,4396,5,2017-01-01,2017-03-01
940,1332,5,2017-01-01,2017-03-01
211,3913,5,2017-01-01,2017-03-01
244,246,5,2017-01-01,2017-03-01
330,376,5,2017-01-01,2017-03-01
726,747,5,2017-01-01,2017-03-01
703,755,5,2017-01-01,2017-03-01
707,778,5,2017-01-01,2017-03-01
705,750,5,2017-01-01,2017-03-01
801,833,5,2017-01-01,2017-03-01
811,867,5,2017-01-01,2017-03-01
1025,1045,5,2017-01-01,2017-03-01
354,1057,5,2017-01-01,2017-03-01
355,1057,5,2017-01-01,2017-03-01
362,730,5,2017-01-01,2017-03-01
2106,2183,5,2017-01-01,2017-03-01
2244,2246,5,2017-01-01,2017-03-01
2229,2242,5,2017-01-01,2017-03-01
2608,2699,5,2017-01-01,2017-03-01
3410,3490,5,2017-01-01,2017-03-01
3504,3529,5,2017-01-01,2017-03-01
4007,4090,5,2017-01-01,2017-03-01
293,1300,5,2017-01-01,2017-03-01
910,1377,5,2017-01-01,2017-03-01
4057,4361,5,2017-01-01,2017-03-01
4682,4690,5,2017-01-01,2017-03-01
4630,4656,5,2017-01-01,2017-03-01
1337,2867,5,2017-01-01,2017-03-01
254,269,5,2017-01-01,2017-03-01
766,793,5,2017-01-01,2017-03-01
773,793,5,2017-01-01,2017-03-01
793,797,5,2017-01-01,2017-03-01
781,797,5,2017-01-01,2017-03-01
749,759,5,2017-01-01,2017-03-01
740,785,5,2017-01-01,2017-03-01
819,888,5,2017-01-01,2017-03-01
819,839,5,2017-01-01,2017-03-01
719,785,5,2017-01-01,2017-03-01
369,1287,5,2017-01-01,2017-03-01
2906,2968,5,2017-01-01,2017-03-01
3180,3192,5,2017-01-01,2017-03-01
606,3162,5,2017-01-01,2017-03-01
4022,4084,5,2017-01-01,2017-03-01
4038,4319,5,2017-01-01,2017-03-01
4044,4316,5,2017-01-01,2017-03-01
4011,4395,5,2017-01-01,2017-03-01
407,928,5,2017-01-01,2017-03-01
797,799,5,2017-01-01,2017-03-01
726,734,5,2017-01-01,2017-03-01
731,746,5,2017-01-01,2017-03-01
707,762,5,2017-01-01,2017-03-01
760,774,5,2017-01-01,2017-03-01
374,1031,5,2017-01-01,2017-03-01
305,382,5,2017-01-01,2017-03-01
305,309,5,2017-01-01,2017-03-01
727,743,5,2017-01-01,2017-03-01
709,793,5,2017-01-01,2017-03-01
2545,2568,5,2017-01-01,2017-03-01
2563,2576,5,2017-01-01,2017-03-01
2928,2977,5,2017-01-01,2017-03-01
3104,3178,5,2017-01-01,2017-03-01
3321,3343,5,2017-01-01,2017-03-01
3329,3367,5,2017-01-01,2017-03-01
3405,3444,5,2017-01-01,2017-03-01
3524,3553,5,2017-01-01,2017-03-01
3931,3966,5,2017-01-01,2017-03-01
2437,3678,5,2017-01-01,2017-03-01
4675,4696,5,2017-01-01,2017-03-01
364,376,5,2017-01-01,2017-03-01
706,786,5,2017-01-01,2017-03-01
743,772,5,2017-01-01,2017-03-01
719,751,5,2017-01-01,2017-03-01
701,719,5,2017-01-01,2017-03-01
819,848,5,2017-01-01,2017-03-01
923,946,5,2017-01-01,2017-03-01
709,778,5,2017-01-01,2017-03-01
705,733,5,2017-01-01,2017-03-01
360,730,5,2017-01-01,2017-03-01
2229,2298,5,2017-01-01,2017-03-01
646,3109,5,2017-01-01,2017-03-01
3405,3461,5,2017-01-01,2017-03-01
618,3119,5,2017-01-01,2017-03-01
3904,3916,5,2017-01-01,2017-03-01
1298,2667,5,2017-01-01,2017-03-01
1673,2674,5,2017-01-01,2017-03-01
1576,2573,5,2017-01-01,2017-03-01
1482,2959,5,2017-01-01,2017-03-01
706,727,5,2017-01-01,2017-03-01
746,785,5,2017-01-01,2017-03-01
766,781,5,2017-01-01,2017-03-01
737,793,5,2017-01-01,2017-03-01
750,752,5,2017-01-01,2017-03-01
844,868,5,2017-01-01,2017-03-01
1007,1013,5,2017-01-01,2017-03-01
603,609,5,2017-01-01,2017-03-01
705,774,5,2017-01-01,2017-03-01
324,1057,5,2017-01-01,2017-03-01
2522,2560,5,2017-01-01,2017-03-01
266,606,5,2017-01-01,2017-03-01
3414,3421,5,2017-01-01,2017-03-01
3906,3916,5,2017-01-01,2017-03-01
331,2570,5,2017-01-01,2017-03-01
910,2912,5,2017-01-01,2017-03-01
4013,4373,5,2017-01-01,2017-03-01
4052,4388,5,2017-01-01,2017-03-01
4646,4655,5,2017-01-01,2017-03-01
341,368,5,2017-01-01,2017-03-01
360,381,5,2017-01-01,2017-03-01
729,733,5,2017-01-01,2017-03-01
712,733,5,2017-01-01,2017-03-01
755,786,5,2017-01-01,2017-03-01
749,764,5,2017-01-01,2017-03-01
1273,1288,5,2017-01-01,2017-03-01
392,1056,5,2017-01-01,2017-03-01
2106,2175,5,2017-01-01,2017-03-01
2229,2246,5,2017-01-01,2017-03-01
3624,3678,5,2017-01-01,2017-03-01
905,1377,5,2017-01-01,2017-03-01
905,2972,5,2017-01-01,2017-03-01
945,2992,5,2017-01-01,2017-03-01
2407,3678,5,2017-01-01,2017-03-01
4017,4353,5,2017-01-01,2017-03-01
4643,4677,5,2017-01-01,2017-03-01
305,362,5,2017-01-01,2017-03-01
704,750,5,2017-01-01,2017-03-01
762,774,5,2017-01-01,2017-03-01
758,793,5,2017-01-01,2017-03-01
727,755,5,2017-01-01,2017-03-01
734,781,5,2017-01-01,2017-03-01
760,785,5,2017-01-01,2017-03-01
819,833,5,2017-01-01,2017-03-01
1013,1021,5,2017-01-01,2017-03-01
1297,1300,5,2017-01-01,2017-03-01
205,1693,5,2017-01-01,2017-03-01
1074,2816,5,2017-01-01,2017-03-01
440,2667,5,2017-01-01,2017-03-01
4052,4399,5,2017-01-01,2017-03-01
1337,2759,5,2017-01-01,2017-03-01
364,378,5,2017-01-01,2017-03-01
726,772,5,2017-01-01,2017-03-01
737,774,5,2017-01-01,2017-03-01
709,712,5,2017-01-01,2017-03-01
1045,1053,5,2017-01-01,2017-03-01
709,786,5,2017-01-01,2017-03-01
334,1053,5,2017-01-01,2017-03-01
354,792,5,2017-01-01,2017-03-01
2246,2248,5,2017-01-01,2017-03-01
2910,2932,5,2017-01-01,2017-03-01
3063,3076,5,2017-01-01,2017-03-01
3471,3483,5,2017-01-01,2017-03-01
3540,3577,5,2017-01-01,2017-03-01
3547,3554,5,2017-01-01,2017-03-01
3537,3563,5,2017-01-01,2017-03-01
3671,3678,5,2017-01-01,2017-03-01
4071,4084,5,2017-01-01,2017-03-01
962,1332,5,2017-01-01,2017-03-01
1837,3046,5,2017-01-01,2017-03-01
714,770,5,2017-01-01,2017-03-01
726,746,5,2017-01-01,2017-03-01
733,774,5,2017-01-01,2017-03-01
750,760,5,2017-01-01,2017-03-01
1053,1072,5,2017-01-01,2017-03-01
1023,1051,5,2017-01-01,2017-03-01
334,1057,5,2017-01-01,2017-03-01
2246,2285,5,2017-01-01,2017-03-01
2951,2965,5,2017-01-01,2017-03-01
3552,3593,5,2017-01-01,2017-03-01
3648,3654,5,2017-01-01,2017-03-01
2335,2427,5,2017-01-01,2017-03-01
4059,4395,5,2017-01-01,2017-03-01
4053,4399,5,2017-01-01,2017-03-01
341,381,5,2017-01-01,2017-03-01
729,795,5,2017-01-01,2017-03-01
763,773,5,2017-01-01,2017-03-01
747,755,5,2017-01-01,2017-03-01
751,785,5,2017-01-01,2017-03-01
768,793,5,2017-01-01,2017-03-01
719,759,5,2017-01-01,2017-03-01
752,795,5,2017-01-01,2017-03-01
712,793,5,2017-01-01,2017-03-01
705,721,5,2017-01-01,2017-03-01
395,1095,5,2017-01-01,2017-03-01
1808,1828,5,2017-01-01,2017-03-01
2240,2242,5,2017-01-01,2017-03-01
2244,2248,5,2017-01-01,2017-03-01
255,3146,5,2017-01-01,2017-03-01
212,3192,5,2017-01-01,2017-03-01
641,3172,5,2017-01-01,2017-03-01
4384,4398,5,2017-01-01,2017-03-01
211,1269,5,2017-01-01,2017-03-01
4073,4319,5,2017-01-01,2017-03-01
2255,3578,5,2017-01-01,2017-03-01
1314,2789,5,2017-01-01,2017-03-01
374,385,5,2017-01-01,2017-03-01
305,341,5,2017-01-01,2017-03-01
706,781,5,2017-01-01,2017-03-01
719,764,5,2017-01-01,2017-03-01
839,868,5,2017-01-01,2017-03-01
833,839,5,2017-01-01,2017-03-01
1007,1056,5,2017-01-01,2017-03-01
218,289,5,2017-01-01,2017-03-01
308,395,5,2017-01-01,2017-03-01
2539,2600,5,2017-01-01,2017-03-01
2586,2600,5,2017-01-01,2017-03-01
3444,3483,5,2017-01-01,2017-03-01
2427,3678,5,2017-01-01,2017-03-01
4052,4395,5,2017-01-01,2017-03-01
1371,2867,5,2017-01-01,2017-03-01
1314,1696,5,2017-01-01,2017-03-01
381,392,5,2017-01-01,2017-03-01
743,749,5,2017-01-01,2017-03-01
737,762,5,2017-01-01,2017-03-01
773,791,5,2017-01-01,2017-03-01
719,755,5,2017-01-01,2017-03-01
755,799,5,2017-01-01,2017-03-01
1293,1300,5,2017-01-01,2017-03-01
1313,1330,5,2017-01-01,2017-03-01
611,622,5,2017-01-01,2017-03-01
1587,1598,5,2017-01-01,2017-03-01
3770,3791,5,2017-01-01,2017-03-01
910,1332,5,2017-01-01,2017-03-01
1014,1673,5,2017-01-01,2017-03-01
2573,2655,5,2017-01-01,2017-03-01
2212,3589,5,2017-01-01,2017-03-01
2255,3571,5,2017-01-01,2017-03-01
4011,4353,5,2017-01-01,2017-03-01
930,1666,5,2017-01-01,2017-03-01
313,334,5,2017-01-01,2017-03-01
758,792,5,2017-01-01,2017-03-01
701,750,5,2017-01-01,2017-03-01
740,786,5,2017-01-01,2017-03-01
1025,1038,5,2017-01-01,2017-03-01
707,719,5,2017-01-01,2017-03-01
1914,1992,5,2017-01-01,2017-03-01
2127,2170,5,2017-01-01,2017-03-01
2539,2545,5,2017-01-01,2017-03-01
2510,2531,5,2017-01-01,2017-03-01
2803,2822,5,2017-01-01,2017-03-01
3122,3195,5,2017-01-01,2017-03-01
3940,3978,5,2017-01-01,2017-03-01
204,1666,5,2017-01-01,2017-03-01
4066,4364,5,2017-01-01,2017-03-01
2867,2941,5,2017-01-01,2017-03-01
246,263,5,2017-01-01,2017-03-01
364,382,5,2017-01-01,2017-03-01
324,341,5,2017-01-01,2017-03-01
305,364,5,2017-01-01,2017-03-01
704,773,5,2017-01-01,2017-03-01
716,778,5,2017-01-01,2017-03-01
731,764,5,2017-01-01,2017-03-01
712,716,5,2017-01-01,2017-03-01
795,799,5,2017-01-01,2017-03-01
774,785,5,2017-01-01,2017-03-01
839,848,5,2017-01-01,2017-03-01
851,888,5,2017-01-01,2017-03-01
1439,1444,5,2017-01-01,2017-03-01
1444,1465,5,2017-01-01,2017-03-01
1005,1240,5,2017-01-01,2017-03-01
2570,2586,5,2017-01-01,2017-03-01
660,3152,5,2017-01-01,2017-03-01
3678,3679,5,2017-01-01,2017-03-01
299,2521,5,2017-01-01,2017-03-01
993,1315,5,2017-01-01,2017-03-01
1576,3104,5,2017-01-01,2017-03-01
2325,3635,5,2017-01-01,2017-03-01
4044,4364,5,2017-01-01,2017-03-01
4656,4696,5,2017-01-01,2017-03-01
915,1666,5,2017-01-01,2017-03-01
205,212,5,2017-01-01,2017-03-01
362,381,5,2017-01-01,2017-03-01
726,773,5,2017-01-01,2017-03-01
727,761,5,2017-01-01,2017-03-01
727,772,5,2017-01-01,2017-03-01
748,780,5,2017-01-01,2017-03-01
749,791,5,2017-01-01,2017-03-01
847,876,5,2017-01-01,2017-03-01
382,1025,5,2017-01-01,2017-03-01
1432,1482,5,2017-01-01,2017-03-01
305,324,5,2017-01-01,2017-03-01
705,706,5,2017-01-01,2017-03-01
354,1095,5,2017-01-01,2017-03-01
1542,1544,5,2017-01-01,2017-03-01
2109,2181,5,2017-01-01,2017-03-01
2531,2568,5,2017-01-01,2017-03-01
2560,2586,5,2017-01-01,2017-03-01
2767,2793,5,2017-01-01,2017-03-01
266,3169,5,2017-01-01,2017-03-01
684,3146,5,2017-01-01,2017-03-01
205,3162,5,2017-01-01,2017-03-01
3410,3477,5,2017-01-01,2017-03-01
3620,3698,5,2017-01-01,2017-03-01
440,2674,5,2017-01-01,2017-03-01
2325,3678,5,2017-01-01,2017-03-01
4522,4556,5,2017-01-01,2017-03-01
4042,4309,5,2017-01-01,2017-03-01
4609,4628,5,2017-01-01,2017-03-01
378,395,5,2017-01-01,2017-03-01
743,773,5,2017-01-01,2017-03-01
747,772,5,2017-01-01,2017-03-01
739,786,5,2017-01-01,2017-03-01
791,795,5,2017-01-01,2017-03-01
772,795,5,2017-01-01,2017-03-01
901,961,5,2017-01-01,2017-03-01
3311,3360,5,2017-01-01,2017-03-01
4022,4092,5,2017-01-01,2017-03-01
4340,4361,5,2017-01-01,2017-03-01
994,1391,5,2017-01-01,2017-03-01
4043,4317,5,2017-01-01,2017-03-01
2223,3540,5,2017-01-01,2017-03-01
2867,2959,5,2017-01-01,2017-03-01
1666,2969,5,2017-01-01,2017-03-01
928,1666,5,2017-01-01,2017-03-01
374,376,5,2017-01-01,2017-03-01
726,761,5,2017-01-01,2017-03-01
726,758,5,2017-01-01,2017-03-01
713,754,5,2017-01-01,2017-03-01
707,795,5,2017-01-01,2017-03-01
707,743,5,2017-01-01,2017-03-01
751,778,5,2017-01-01,2017-03-01
737,763,5,2017-01-01,2017-03-01
724,785,5,2017-01-01,2017-03-01
709,731,5,2017-01-01,2017-03-01
1007,1031,5,2017-01-01,2017-03-01
1369,1394,5,2017-01-01,2017-03-01
328,792,5,2017-01-01,2017-03-01
360,706,5,2017-01-01,2017-03-01
314,1287,5,2017-01-01,2017-03-01
1553,1594,5,2017-01-01,2017-03-01
1954,1993,5,2017-01-01,2017-03-01
2105,2153,5,2017-01-01,2017-03-01
2233,2285,5,2017-01-01,2017-03-01
2959,2968,5,2017-01-01,2017-03-01
650,3146,5,2017-01-01,2017-03-01
255,3169,5,2017-01-01,2017-03-01
606,3146,5,2017-01-01,2017-03-01
3405,3410,5,2017-01-01,2017-03-01
3563,3571,5,2017-01-01,2017-03-01
490,2560,5,2017-01-01,2017-03-01
1323,2968,5,2017-01-01,2017-03-01
2325,3639,5,2017-01-01,2017-03-01
4080,4364,5,2017-01-01,2017-03-01
4013,4399,5,2017-01-01,2017-03-01
4611,4656,5,2017-01-01,2017-03-01
407,975,5,2017-01-01,2017-03-01
1337,1482,5,2017-01-01,2017-03-01
362,376,5,2017-01-01,2017-03-01
743,747,5,2017-01-01,2017-03-01
731,737,5,2017-01-01,2017-03-01
737,760,5,2017-01-01,2017-03-01
709,747,5,2017-01-01,2017-03-01
1056,1072,5,2017-01-01,2017-03-01
1007,1057,5,2017-01-01,2017-03-01
703,778,5,2017-01-01,2017-03-01
703,786,5,2017-01-01,2017-03-01
709,785,5,2017-01-01,2017-03-01
701,773,5,2017-01-01,2017-03-01
309,1026,5,2017-01-01,2017-03-01
1310,1314,5,2017-01-01,2017-03-01
314,1066,5,2017-01-01,2017-03-01
2441,2454,5,2017-01-01,2017-03-01
3159,3193,5,2017-01-01,2017-03-01
293,3162,5,2017-01-01,2017-03-01
3571,3577,5,2017-01-01,2017-03-01
3639,3679,5,2017-01-01,2017-03-01
3624,3675,5,2017-01-01,2017-03-01
3906,3955,5,2017-01-01,2017-03-01
3931,3941,5,2017-01-01,2017-03-01
4046,4092,5,2017-01-01,2017-03-01
248,2576,5,2017-01-01,2017-03-01
204,2511,5,2017-01-01,2017-03-01
4057,4398,5,2017-01-01,2017-03-01
2325,2458,5,2017-01-01,2017-03-01
4059,4353,5,2017-01-01,2017-03-01
4009,4316,5,2017-01-01,2017-03-01
4044,4395,5,2017-01-01,2017-03-01
4083,4339,5,2017-01-01,2017-03-01
4614,4700,5,2017-01-01,2017-03-01
1288,2769,5,2017-01-01,2017-03-01
1371,2789,5,2017-01-01,2017-03-01
341,366,5,2017-01-01,2017-03-01
747,795,5,2017-01-01,2017-03-01
737,749,5,2017-01-01,2017-03-01
721,766,5,2017-01-01,2017-03-01
755,758,5,2017-01-01,2017-03-01
701,705,5,2017-01-01,2017-03-01
701,737,5,2017-01-01,2017-03-01
1029,1045,5,2017-01-01,2017-03-01
721,793,5,2017-01-01,2017-03-01
364,1013,5,2017-01-01,2017-03-01
360,1013,5,2017-01-01,2017-03-01
1506,1544,5,2017-01-01,2017-03-01
2106,2152,5,2017-01-01,2017-03-01
2906,2959,5,2017-01-01,2017-03-01
3477,3483,5,2017-01-01,2017-03-01
3509,3577,5,2017-01-01,2017-03-01
1367,2968,5,2017-01-01,2017-03-01
2573,2674,5,2017-01-01,2017-03-01
4010,4329,5,2017-01-01,2017-03-01
2279,3554,5,2017-01-01,2017-03-01
130,3675,5,2017-01-01,2017-03-01
2335,3639,5,2017-01-01,2017-03-01
244,281,5,2017-01-01,2017-03-01
606,611,5,2017-01-01,2017-03-01
618,648,5,2017-01-01,2017-03-01
726,752,5,2017-01-01,2017-03-01
771,781,5,2017-01-01,2017-03-01
743,750,5,2017-01-01,2017-03-01
786,791,5,2017-01-01,2017-03-01
747,791,5,2017-01-01,2017-03-01
705,746,5,2017-01-01,2017-03-01
778,785,5,2017-01-01,2017-03-01
755,774,5,2017-01-01,2017-03-01
912,941,5,2017-01-01,2017-03-01
378,1073,5,2017-01-01,2017-03-01
395,1001,5,2017-01-01,2017-03-01
391,1299,5,2017-01-01,2017-03-01
2205,2252,5,2017-01-01,2017-03-01
2608,2667,5,2017-01-01,2017-03-01
3182,3188,5,2017-01-01,2017-03-01
3161,3183,5,2017-01-01,2017-03-01
3117,3192,5,2017-01-01,2017-03-01
211,650,5,2017-01-01,2017-03-01
3554,3578,5,2017-01-01,2017-03-01
3620,3675,5,2017-01-01,2017-03-01
3624,3648,5,2017-01-01,2017-03-01
606,1645,5,2017-01-01,2017-03-01
255,2600,5,2017-01-01,2017-03-01
4082,4319,5,2017-01-01,2017-03-01
2334,3698,5,2017-01-01,2017-03-01
212,299,5,2017-01-01,2017-03-01
611,650,5,2017-01-01,2017-03-01
763,795,5,2017-01-01,2017-03-01
743,751,5,2017-01-01,2017-03-01
737,771,5,2017-01-01,2017-03-01
791,799,5,2017-01-01,2017-03-01
844,884,5,2017-01-01,2017-03-01
884,888,5,2017-01-01,2017-03-01
823,876,5,2017-01-01,2017-03-01
703,772,5,2017-01-01,2017-03-01
703,792,5,2017-01-01,2017-03-01
2105,2178,5,2017-01-01,2017-03-01
3119,3177,5,2017-01-01,2017-03-01
3109,3137,5,2017-01-01,2017-03-01
3309,3311,5,2017-01-01,2017-03-01
682,3116,5,2017-01-01,2017-03-01
3916,3955,5,2017-01-01,2017-03-01
4046,4071,5,2017-01-01,2017-03-01
4010,4084,5,2017-01-01,2017-03-01
1566,2650,5,2017-01-01,2017-03-01
4331,4361,5,2017-01-01,2017-03-01
910,2911,5,2017-01-01,2017-03-01
2600,2674,5,2017-01-01,2017-03-01
4046,4398,5,2017-01-01,2017-03-01
4009,4373,5,2017-01-01,2017-03-01
4013,4364,5,2017-01-01,2017-03-01
915,2789,5,2017-01-01,2017-03-01
255,276,5,2017-01-01,2017-03-01
613,692,5,2017-01-01,2017-03-01
726,731,5,2017-01-01,2017-03-01
727,759,5,2017-01-01,2017-03-01
707,749,5,2017-01-01,2017-03-01
737,768,5,2017-01-01,2017-03-01
804,844,5,2017-01-01,2017-03-01
1043,1053,5,2017-01-01,2017-03-01
1347,1384,5,2017-01-01,2017-03-01
1422,1484,5,2017-01-01,2017-03-01
712,799,5,2017-01-01,2017-03-01
317,1022,5,2017-01-01,2017-03-01
2563,2567,5,2017-01-01,2017-03-01
1506,2608,5,2017-01-01,2017-03-01
266,1673,5,2017-01-01,2017-03-01
993,2905,5,2017-01-01,2017-03-01
2789,2941,5,2017-01-01,2017-03-01
928,1818,5,2017-01-01,2017-03-01
275,276,5,2017-01-01,2017-03-01
729,737,5,2017-01-01,2017-03-01
771,799,5,2017-01-01,2017-03-01
747,786,5,2017-01-01,2017-03-01
731,751,5,2017-01-01,2017-03-01
719,752,5,2017-01-01,2017-03-01
801,819,5,2017-01-01,2017-03-01
1013,1045,5,2017-01-01,2017-03-01
2285,2299,5,2017-01-01,2017-03-01
3301,3399,5,2017-01-01,2017-03-01
3654,3671,5,2017-01-01,2017-03-01
628,2123,5,2017-01-01,2017-03-01
293,2539,5,2017-01-01,2017-03-01
4316,4362,5,2017-01-01,2017-03-01
331,2667,5,2017-01-01,2017-03-01
130,3654,5,2017-01-01,2017-03-01
126,2498,5,2017-01-01,2017-03-01
4016,4309,5,2017-01-01,2017-03-01
1314,2759,5,2017-01-01,2017-03-01
221,281,5,2017-01-01,2017-03-01
309,341,5,2017-01-01,2017-03-01
758,781,5,2017-01-01,2017-03-01
766,799,5,2017-01-01,2017-03-01
719,772,5,2017-01-01,2017-03-01
839,859,5,2017-01-01,2017-03-01
819,868,5,2017-01-01,2017-03-01
3122,3188,5,2017-01-01,2017-03-01
3159,3188,5,2017-01-01,2017-03-01
248,3169,5,2017-01-01,2017-03-01
3413,3491,5,2017-01-01,2017-03-01
3483,3490,5,2017-01-01,2017-03-01
3410,3436,5,2017-01-01,2017-03-01
3565,3582,5,2017-01-01,2017-03-01
3540,3578,5,2017-01-01,2017-03-01
979,2912,5,2017-01-01,2017-03-01
910,1315,5,2017-01-01,2017-03-01
2531,2699,5,2017-01-01,2017-03-01
2273,3540,5,2017-01-01,2017-03-01
4630,4682,5,2017-01-01,2017-03-01
1666,2941,5,2017-01-01,2017-03-01
212,274,5,2017-01-01,2017-03-01
305,368,5,2017-01-01,2017-03-01
305,354,5,2017-01-01,2017-03-01
726,768,5,2017-01-01,2017-03-01
743,752,5,2017-01-01,2017-03-01
747,761,5,2017-01-01,2017-03-01
737,743,5,2017-01-01,2017-03-01
724,750,5,2017-01-01,2017-03-01
749,760,5,2017-01-01,2017-03-01
1007,1023,5,2017-01-01,2017-03-01
709,773,5,2017-01-01,2017-03-01
1026,1029,5,2017-01-01,2017-03-01
1002,1023,5,2017-01-01,2017-03-01
392,1057,5,2017-01-01,2017-03-01
354,704,5,2017-01-01,2017-03-01
1561,1598,5,2017-01-01,2017-03-01
1808,1884,5,2017-01-01,2017-03-01
2510,2521,5,2017-01-01,2017-03-01
2560,2570,5,2017-01-01,2017-03-01
3159,3182,5,2017-01-01,2017-03-01
3471,3490,5,2017-01-01,2017-03-01
3509,3563,5,2017-01-01,2017-03-01
4063,4090,5,2017-01-01,2017-03-01
331,1576,5,2017-01-01,2017-03-01
244,272,5,2017-01-01,2017-03-01
324,382,5,2017-01-01,2017-03-01
354,382,5,2017-01-01,2017-03-01
355,378,5,2017-01-01,2017-03-01
313,330,5,2017-01-01,2017-03-01
726,785,5,2017-01-01,2017-03-01
703,731,5,2017-01-01,2017-03-01
703,762,5,2017-01-01,2017-03-01
731,740,5,2017-01-01,2017-03-01
792,799,5,2017-01-01,2017-03-01
707,797,5,2017-01-01,2017-03-01
768,799,5,2017-01-01,2017-03-01
1043,1057,5,2017-01-01,2017-03-01
1031,1072,5,2017-01-01,2017-03-01
362,1095,5,2017-01-01,2017-03-01
1961,1999,5,2017-01-01,2017-03-01
2122,2148,5,2017-01-01,2017-03-01
2510,2576,5,2017-01-01,2017-03-01
2935,2951,5,2017-01-01,2017-03-01
204,660,5,2017-01-01,2017-03-01
275,3146,5,2017-01-01,2017-03-01
293,3169,5,2017-01-01,2017-03-01
3461,3475,5,2017-01-01,2017-03-01
4082,4091,5,2017-01-01,2017-03-01
4060,4069,5,2017-01-01,2017-03-01
2233,3524,5,2017-01-01,2017-03-01
905,2905,5,2017-01-01,2017-03-01
2334,3681,5,2017-01-01,2017-03-01
4668,4695,5,2017-01-01,2017-03-01
930,2717,5,2017-01-01,2017-03-01
2789,2969,5,2017-01-01,2017-03-01
928,2783,5,2017-01-01,2017-03-01
749,781,5,2017-01-01,2017-03-01
1013,1026,5,2017-01-01,2017-03-01
1038,1053,5,2017-01-01,2017-03-01
1439,1464,5,2017-01-01,2017-03-01
734,797,5,2017-01-01,2017-03-01
313,1026,5,2017-01-01,2017-03-01
749,1035,5,2017-01-01,2017-03-01
2240,2285,5,2017-01-01,2017-03-01
2229,2299,5,2017-01-01,2017-03-01
2906,2939,5,2017-01-01,2017-03-01
3107,3109,5,2017-01-01,2017-03-01
3321,3385,5,2017-01-01,2017-03-01
3414,3444,5,2017-01-01,2017-03-01
3770,3787,5,2017-01-01,2017-03-01
4020,4032,5,2017-01-01,2017-03-01
4307,4396,5,2017-01-01,2017-03-01
4016,4339,5,2017-01-01,2017-03-01
244,295,5,2017-01-01,2017-03-01
308,366,5,2017-01-01,2017-03-01
366,378,5,2017-01-01,2017-03-01
525,544,5,2017-01-01,2017-03-01
704,774,5,2017-01-01,2017-03-01
706,731,5,2017-01-01,2017-03-01
758,759,5,2017-01-01,2017-03-01
743,799,5,2017-01-01,2017-03-01
747,771,5,2017-01-01,2017-03-01
721,762,5,2017-01-01,2017-03-01
781,799,5,2017-01-01,2017-03-01
719,761,5,2017-01-01,2017-03-01
761,793,5,2017-01-01,2017-03-01
376,1021,5,2017-01-01,2017-03-01
1313,1321,5,2017-01-01,2017-03-01
1330,1387,5,2017-01-01,2017-03-01
716,734,5,2017-01-01,2017-03-01
362,1031,5,2017-01-01,2017-03-01
3182,3195,5,2017-01-01,2017-03-01
3167,3188,5,2017-01-01,2017-03-01
3603,3675,5,2017-01-01,2017-03-01
3904,3978,5,2017-01-01,2017-03-01
2531,2667,5,2017-01-01,2017-03-01
4407,4418,5,2017-01-01,2017-03-01
281,292,5,2017-01-01,2017-03-01
226,255,5,2017-01-01,2017-03-01
712,768,5,2017-01-01,2017-03-01
739,793,5,2017-01-01,2017-03-01
772,785,5,2017-01-01,2017-03-01
750,799,5,2017-01-01,2017-03-01
941,972,5,2017-01-01,2017-03-01
1029,1072,5,2017-01-01,2017-03-01
1031,1044,5,2017-01-01,2017-03-01
3151,3167,5,2017-01-01,2017-03-01
3112,3178,5,2017-01-01,2017-03-01
3311,3332,5,2017-01-01,2017-03-01
3565,3579,5,2017-01-01,2017-03-01
4032,4092,5,2017-01-01,2017-03-01
1243,2554,5,2017-01-01,2017-03-01
4407,4415,5,2017-01-01,2017-03-01
4665,4674,5,2017-01-01,2017-03-01
308,341,5,2017-01-01,2017-03-01
313,392,5,2017-01-01,2017-03-01
758,768,5,2017-01-01,2017-03-01
773,799,5,2017-01-01,2017-03-01
772,786,5,2017-01-01,2017-03-01
774,781,5,2017-01-01,2017-03-01
901,928,5,2017-01-01,2017-03-01
707,709,5,2017-01-01,2017-03-01
721,797,5,2017-01-01,2017-03-01
2233,2242,5,2017-01-01,2017-03-01
2743,2752,5,2017-01-01,2017-03-01
3157,3192,5,2017-01-01,2017-03-01
3405,3490,5,2017-01-01,2017-03-01
3402,3461,5,2017-01-01,2017-03-01
1247,1561,5,2017-01-01,2017-03-01
4002,4029,5,2017-01-01,2017-03-01
266,1298,5,2017-01-01,2017-03-01
994,1323,5,2017-01-01,2017-03-01
126,2407,5,2017-01-01,2017-03-01
4059,4373,5,2017-01-01,2017-03-01
4614,4690,5,2017-01-01,2017-03-01
246,295,5,2017-01-01,2017-03-01
704,712,5,2017-01-01,2017-03-01
707,791,5,2017-01-01,2017-03-01
381,1073,5,2017-01-01,2017-03-01
1439,1482,5,2017-01-01,2017-03-01
603,690,5,2017-01-01,2017-03-01
727,747,5,2017-01-01,2017-03-01
360,768,5,2017-01-01,2017-03-01
2576,2600,5,2017-01-01,2017-03-01
3309,3332,5,2017-01-01,2017-03-01
211,3146,5,2017-01-01,2017-03-01
3648,3675,5,2017-01-01,2017-03-01
4002,4007,5,2017-01-01,2017-03-01
4516,4556,5,2017-01-01,2017-03-01
1371,1818,5,2017-01-01,2017-03-01
254,256,5,2017-01-01,2017-03-01
704,778,5,2017-01-01,2017-03-01
703,763,5,2017-01-01,2017-03-01
727,752,5,2017-01-01,2017-03-01
707,799,5,2017-01-01,2017-03-01
721,737,5,2017-01-01,2017-03-01
796,798,5,2017-01-01,2017-03-01
839,888,5,2017-01-01,2017-03-01
1029,1038,5,2017-01-01,2017-03-01
1045,1056,5,2017-01-01,2017-03-01
609,679,5,2017-01-01,2017-03-01
727,739,5,2017-01-01,2017-03-01
2525,2595,5,2017-01-01,2017-03-01
3405,3477,5,2017-01-01,2017-03-01
3548,3556,5,2017-01-01,2017-03-01
3940,3955,5,2017-01-01,2017-03-01
293,2521,5,2017-01-01,2017-03-01
2674,3913,5,2017-01-01,2017-03-01
154,2017,5,2017-01-01,2017-03-01
4362,4380,5,2017-01-01,2017-03-01
993,1377,5,2017-01-01,2017-03-01
126,3654,5,2017-01-01,2017-03-01
407,2941,5,2017-01-01,2017-03-01
645,693,5,2017-01-01,2017-03-01
625,638,5,2017-01-01,2017-03-01
758,763,5,2017-01-01,2017-03-01
1002,1045,5,2017-01-01,2017-03-01
705,719,5,2017-01-01,2017-03-01
3329,3380,5,2017-01-01,2017-03-01
255,601,5,2017-01-01,2017-03-01
4073,4091,5,2017-01-01,2017-03-01
1503,3913,5,2017-01-01,2017-03-01
266,2600,5,2017-01-01,2017-03-01
1377,2992,5,2017-01-01,2017-03-01
994,1370,5,2017-01-01,2017-03-01
2573,2699,5,2017-01-01,2017-03-01
2263,3536,5,2017-01-01,2017-03-01
4013,4339,5,2017-01-01,2017-03-01
1248,2758,5,2017-01-01,2017-03-01
308,315,5,2017-01-01,2017-03-01
405,493,5,2017-01-01,2017-03-01
743,759,5,2017-01-01,2017-03-01
732,780,5,2017-01-01,2017-03-01
328,378,5,2017-01-01,2017-03-01
313,1073,5,2017-01-01,2017-03-01
706,1029,5,2017-01-01,2017-03-01
1544,1587,5,2017-01-01,2017-03-01
1827,1848,5,2017-01-01,2017-03-01
2242,2299,5,2017-01-01,2017-03-01
266,601,5,2017-01-01,2017-03-01
4038,4091,5,2017-01-01,2017-03-01
293,2560,5,2017-01-01,2017-03-01
1243,1673,5,2017-01-01,2017-03-01
4340,4384,5,2017-01-01,2017-03-01
2531,2674,5,2017-01-01,2017-03-01
2531,2655,5,2017-01-01,2017-03-01
2273,3554,5,2017-01-01,2017-03-01
2405,3681,5,2017-01-01,2017-03-01
4083,4353,5,2017-01-01,2017-03-01
4640,4670,5,2017-01-01,2017-03-01
2769,2802,5,2017-01-01,2017-03-01
930,2789,5,2017-01-01,2017-03-01
1818,2939,5,2017-01-01,2017-03-01
280,294,5,2017-01-01,2017-03-01
743,758,5,2017-01-01,2017-03-01
721,764,5,2017-01-01,2017-03-01
749,763,5,2017-01-01,2017-03-01
1003,1098,5,2017-01-01,2017-03-01
1026,1051,5,2017-01-01,2017-03-01
360,1053,5,2017-01-01,2017-03-01
1422,1465,5,2017-01-01,2017-03-01
704,1013,5,2017-01-01,2017-03-01
334,709,5,2017-01-01,2017-03-01
2243,2285,5,2017-01-01,2017-03-01
2801,2897,5,2017-01-01,2017-03-01
3114,3193,5,2017-01-01,2017-03-01
3577,3589,5,2017-01-01,2017-03-01
3624,3671,5,2017-01-01,2017-03-01
3815,3871,5,2017-01-01,2017-03-01
4321,4331,5,2017-01-01,2017-03-01
940,2972,5,2017-01-01,2017-03-01
2427,3635,5,2017-01-01,2017-03-01
4012,4353,5,2017-01-01,2017-03-01
4609,4665,5,2017-01-01,2017-03-01
4628,4665,5,2017-01-01,2017-03-01
246,272,5,2017-01-01,2017-03-01
208,269,5,2017-01-01,2017-03-01
313,341,5,2017-01-01,2017-03-01
703,706,5,2017-01-01,2017-03-01
721,768,5,2017-01-01,2017-03-01
735,796,5,2017-01-01,2017-03-01
844,862,5,2017-01-01,2017-03-01
801,851,5,2017-01-01,2017-03-01
1023,1073,5,2017-01-01,2017-03-01
221,295,5,2017-01-01,2017-03-01
716,726,5,2017-01-01,2017-03-01
705,709,5,2017-01-01,2017-03-01
1905,1961,5,2017-01-01,2017-03-01
1911,1975,5,2017-01-01,2017-03-01
3123,3157,5,2017-01-01,2017-03-01
3114,3188,5,2017-01-01,2017-03-01
648,2130,5,2017-01-01,2017-03-01
4044,4339,5,2017-01-01,2017-03-01
4016,4373,5,2017-01-01,2017-03-01
915,2759,5,2017-01-01,2017-03-01
289,295,5,2017-01-01,2017-03-01
341,385,5,2017-01-01,2017-03-01
341,395,5,2017-01-01,2017-03-01
704,786,5,2017-01-01,2017-03-01
743,774,5,2017-01-01,2017-03-01
744,748,5,2017-01-01,2017-03-01
707,772,5,2017-01-01,2017-03-01
724,795,5,2017-01-01,2017-03-01
749,771,5,2017-01-01,2017-03-01
381,1043,5,2017-01-01,2017-03-01
364,1029,5,2017-01-01,2017-03-01
378,749,5,2017-01-01,2017-03-01
3311,3367,5,2017-01-01,2017-03-01
3405,3483,5,2017-01-01,2017-03-01
4010,4359,5,2017-01-01,2017-03-01
4020,4361,5,2017-01-01,2017-03-01
2335,2407,5,2017-01-01,2017-03-01
4614,4630,5,2017-01-01,2017-03-01
771,795,5,2017-01-01,2017-03-01
731,766,5,2017-01-01,2017-03-01
712,764,5,2017-01-01,2017-03-01
712,729,5,2017-01-01,2017-03-01
709,734,5,2017-01-01,2017-03-01
734,772,5,2017-01-01,2017-03-01
759,774,5,2017-01-01,2017-03-01
1043,1045,5,2017-01-01,2017-03-01
1371,1394,5,2017-01-01,2017-03-01
309,1073,5,2017-01-01,2017-03-01
1808,1842,5,2017-01-01,2017-03-01
1911,1961,5,2017-01-01,2017-03-01
3461,3490,5,2017-01-01,2017-03-01
3532,3548,5,2017-01-01,2017-03-01
3556,3600,5,2017-01-01,2017-03-01
3933,3966,5,2017-01-01,2017-03-01
437,2511,5,2017-01-01,2017-03-01
1576,3924,5,2017-01-01,2017-03-01
1014,2531,5,2017-01-01,2017-03-01
1576,2531,5,2017-01-01,2017-03-01
4665,4700,5,2017-01-01,2017-03-01
1082,1813,5,2017-01-01,2017-03-01
1484,2941,5,2017-01-01,2017-03-01
2783,2969,5,2017-01-01,2017-03-01
247,289,5,2017-01-01,2017-03-01
254,294,5,2017-01-01,2017-03-01
737,778,5,2017-01-01,2017-03-01
734,758,5,2017-01-01,2017-03-01
382,1026,5,2017-01-01,2017-03-01
324,1029,5,2017-01-01,2017-03-01
378,773,5,2017-01-01,2017-03-01
2248,2298,5,2017-01-01,2017-03-01
3635,3698,5,2017-01-01,2017-03-01
4007,4029,5,2017-01-01,2017-03-01
293,490,5,2017-01-01,2017-03-01
2427,3654,5,2017-01-01,2017-03-01
4609,4614,5,2017-01-01,2017-03-01
4675,4690,5,2017-01-01,2017-03-01
272,295,5,2017-01-01,2017-03-01
309,368,5,2017-01-01,2017-03-01
704,749,5,2017-01-01,2017-03-01
726,786,5,2017-01-01,2017-03-01
726,797,5,2017-01-01,2017-03-01
737,797,5,2017-01-01,2017-03-01
735,798,5,2017-01-01,2017-03-01
781,791,5,2017-01-01,2017-03-01
781,792,5,2017-01-01,2017-03-01
316,387,5,2017-01-01,2017-03-01
705,731,5,2017-01-01,2017-03-01
701,785,5,2017-01-01,2017-03-01
3413,3475,5,2017-01-01,2017-03-01
2123,3154,5,2017-01-01,2017-03-01
2554,2674,5,2017-01-01,2017-03-01
930,2759,5,2017-01-01,2017-03-01
1696,2941,5,2017-01-01,2017-03-01
243,254,5,2017-01-01,2017-03-01
360,376,5,2017-01-01,2017-03-01
610,622,5,2017-01-01,2017-03-01
706,773,5,2017-01-01,2017-03-01
758,766,5,2017-01-01,2017-03-01
703,721,5,2017-01-01,2017-03-01
712,746,5,2017-01-01,2017-03-01
1051,1072,5,2017-01-01,2017-03-01
1038,1051,5,2017-01-01,2017-03-01
362,1001,5,2017-01-01,2017-03-01
215,226,5,2017-01-01,2017-03-01
804,884,5,2017-01-01,2017-03-01
314,1014,5,2017-01-01,2017-03-01
2510,2545,5,2017-01-01,2017-03-01
3436,3483,5,2017-01-01,2017-03-01
3509,3547,5,2017-01-01,2017-03-01
759,3451,5,2017-01-01,2017-03-01
4013,4063,5,2017-01-01,2017-03-01
4040,4084,5,2017-01-01,2017-03-01
255,2531,5,2017-01-01,2017-03-01
1240,2801,5,2017-01-01,2017-03-01
440,2567,5,2017-01-01,2017-03-01
4331,4398,5,2017-01-01,2017-03-01
4083,4399,5,2017-01-01,2017-03-01
4675,4682,5,2017-01-01,2017-03-01
2789,2959,5,2017-01-01,2017-03-01
544,595,5,2017-01-01,2017-03-01
771,786,5,2017-01-01,2017-03-01
743,763,5,2017-01-01,2017-03-01
721,740,5,2017-01-01,2017-03-01
701,758,5,2017-01-01,2017-03-01
833,888,5,2017-01-01,2017-03-01
833,862,5,2017-01-01,2017-03-01
819,859,5,2017-01-01,2017-03-01
382,1035,5,2017-01-01,2017-03-01
1310,1337,5,2017-01-01,2017-03-01
727,729,5,2017-01-01,2017-03-01
355,1031,5,2017-01-01,2017-03-01
1975,1986,5,2017-01-01,2017-03-01
2155,2185,5,2017-01-01,2017-03-01
2205,2243,5,2017-01-01,2017-03-01
2545,2567,5,2017-01-01,2017-03-01
3114,3151,5,2017-01-01,2017-03-01
3405,3440,5,2017-01-01,2017-03-01
274,1693,5,2017-01-01,2017-03-01
211,440,5,2017-01-01,2017-03-01
141,2405,5,2017-01-01,2017-03-01
334,385,5,2017-01-01,2017-03-01
334,341,5,2017-01-01,2017-03-01
405,456,5,2017-01-01,2017-03-01
726,749,5,2017-01-01,2017-03-01
707,793,5,2017-01-01,2017-03-01
772,773,5,2017-01-01,2017-03-01
366,1031,5,2017-01-01,2017-03-01
355,1001,5,2017-01-01,2017-03-01
1066,1269,5,2017-01-01,2017-03-01
2123,2178,5,2017-01-01,2017-03-01
2521,2576,5,2017-01-01,2017-03-01
3402,3483,5,2017-01-01,2017-03-01
3532,3556,5,2017-01-01,2017-03-01
3536,3589,5,2017-01-01,2017-03-01
759,3479,5,2017-01-01,2017-03-01
979,2988,5,2017-01-01,2017-03-01
4025,4316,5,2017-01-01,2017-03-01
1248,1444,5,2017-01-01,2017-03-01
975,2867,5,2017-01-01,2017-03-01
704,795,5,2017-01-01,2017-03-01
703,730,5,2017-01-01,2017-03-01
727,792,5,2017-01-01,2017-03-01
1432,1439,5,2017-01-01,2017-03-01
312,316,5,2017-01-01,2017-03-01
701,778,5,2017-01-01,2017-03-01
3444,3490,5,2017-01-01,2017-03-01
4014,4043,5,2017-01-01,2017-03-01
1503,3924,5,2017-01-01,2017-03-01
2244,3529,5,2017-01-01,2017-03-01
4053,4353,5,2017-01-01,2017-03-01
437,1444,5,2017-01-01,2017-03-01
764,795,5,2017-01-01,2017-03-01
730,773,5,2017-01-01,2017-03-01
773,785,5,2017-01-01,2017-03-01
719,781,5,2017-01-01,2017-03-01
719,746,5,2017-01-01,2017-03-01
705,761,5,2017-01-01,2017-03-01
1013,1072,5,2017-01-01,2017-03-01
525,528,5,2017-01-01,2017-03-01
727,730,5,2017-01-01,2017-03-01
324,762,5,2017-01-01,2017-03-01
1503,1542,5,2017-01-01,2017-03-01
2252,2298,5,2017-01-01,2017-03-01
2539,2573,5,2017-01-01,2017-03-01
3405,3414,5,2017-01-01,2017-03-01
314,1506,5,2017-01-01,2017-03-01
3502,3563,5,2017-01-01,2017-03-01
3678,3698,5,2017-01-01,2017-03-01
3914,3978,5,2017-01-01,2017-03-01
4020,4071,5,2017-01-01,2017-03-01
4321,4376,5,2017-01-01,2017-03-01
1315,2988,5,2017-01-01,2017-03-01
994,1369,5,2017-01-01,2017-03-01
4013,4309,5,2017-01-01,2017-03-01
4630,4675,5,2017-01-01,2017-03-01
729,764,5,2017-01-01,2017-03-01
758,791,5,2017-01-01,2017-03-01
731,743,5,2017-01-01,2017-03-01
707,785,5,2017-01-01,2017-03-01
724,737,5,2017-01-01,2017-03-01
739,773,5,2017-01-01,2017-03-01
734,778,5,2017-01-01,2017-03-01
719,733,5,2017-01-01,2017-03-01
759,799,5,2017-01-01,2017-03-01
1072,1095,5,2017-01-01,2017-03-01
1001,1073,5,2017-01-01,2017-03-01
1057,1072,5,2017-01-01,2017-03-01
328,385,5,2017-01-01,2017-03-01
703,795,5,2017-01-01,2017-03-01
709,774,5,2017-01-01,2017-03-01
1014,1247,5,2017-01-01,2017-03-01
1942,1993,5,2017-01-01,2017-03-01
2105,2123,5,2017-01-01,2017-03-01
2437,2454,5,2017-01-01,2017-03-01
3173,3184,5,2017-01-01,2017-03-01
3332,3360,5,2017-01-01,2017-03-01
3440,3490,5,2017-01-01,2017-03-01
333,1581,5,2017-01-01,2017-03-01
3579,3593,5,2017-01-01,2017-03-01
3603,3635,5,2017-01-01,2017-03-01
3914,3940,5,2017-01-01,2017-03-01
4002,4063,5,2017-01-01,2017-03-01
4002,4090,5,2017-01-01,2017-03-01
606,1693,5,2017-01-01,2017-03-01
1602,2801,5,2017-01-01,2017-03-01
4046,4329,5,2017-01-01,2017-03-01
4044,4373,5,2017-01-01,2017-03-01
4674,4696,5,2017-01-01,2017-03-01
212,293,5,2017-01-01,2017-03-01
368,382,5,2017-01-01,2017-03-01
731,752,5,2017-01-01,2017-03-01
768,774,5,2017-01-01,2017-03-01
778,781,5,2017-01-01,2017-03-01
752,773,5,2017-01-01,2017-03-01
703,781,5,2017-01-01,2017-03-01
333,1269,5,2017-01-01,2017-03-01
2626,2685,5,2017-01-01,2017-03-01
2935,2963,5,2017-01-01,2017-03-01
3192,3199,5,2017-01-01,2017-03-01
3370,3385,5,2017-01-01,2017-03-01
601,3123,5,2017-01-01,2017-03-01
3540,3563,5,2017-01-01,2017-03-01
759,3446,5,2017-01-01,2017-03-01
437,3152,5,2017-01-01,2017-03-01
933,1367,5,2017-01-01,2017-03-01
1014,2554,5,2017-01-01,2017-03-01
2554,2699,5,2017-01-01,2017-03-01
4012,4364,5,2017-01-01,2017-03-01
4607,4628,5,2017-01-01,2017-03-01
4628,4682,5,2017-01-01,2017-03-01
281,289,5,2017-01-01,2017-03-01
650,670,5,2017-01-01,2017-03-01
758,761,5,2017-01-01,2017-03-01
727,791,5,2017-01-01,2017-03-01
731,733,5,2017-01-01,2017-03-01
739,749,5,2017-01-01,2017-03-01
705,752,5,2017-01-01,2017-03-01
831,876,5,2017-01-01,2017-03-01
1021,1051,5,2017-01-01,2017-03-01
1026,1053,5,2017-01-01,2017-03-01
609,690,5,2017-01-01,2017-03-01
912,988,5,2017-01-01,2017-03-01
308,1025,5,2017-01-01,2017-03-01
355,706,5,2017-01-01,2017-03-01
2123,2152,5,2017-01-01,2017-03-01
2248,2278,5,2017-01-01,2017-03-01
2525,2528,5,2017-01-01,2017-03-01
2776,2789,5,2017-01-01,2017-03-01
461,1652,5,2017-01-01,2017-03-01
3477,3491,5,2017-01-01,2017-03-01
3635,3679,5,2017-01-01,2017-03-01
3603,3639,5,2017-01-01,2017-03-01
4032,4040,5,2017-01-01,2017-03-01
299,2539,5,2017-01-01,2017-03-01
211,2570,5,2017-01-01,2017-03-01
4346,4371,5,2017-01-01,2017-03-01
1288,2754,5,2017-01-01,2017-03-01
1837,2802,5,2017-01-01,2017-03-01
729,781,5,2017-01-01,2017-03-01
703,716,5,2017-01-01,2017-03-01
747,751,5,2017-01-01,2017-03-01
731,768,5,2017-01-01,2017-03-01
751,793,5,2017-01-01,2017-03-01
750,759,5,2017-01-01,2017-03-01
833,884,5,2017-01-01,2017-03-01
1007,1035,5,2017-01-01,2017-03-01
1007,1051,5,2017-01-01,2017-03-01
1409,1445,5,2017-01-01,2017-03-01
1503,1506,5,2017-01-01,2017-03-01
2560,2576,5,2017-01-01,2017-03-01
2901,2977,5,2017-01-01,2017-03-01
3579,3598,5,2017-01-01,2017-03-01
3654,3681,5,2017-01-01,2017-03-01
3624,3639,5,2017-01-01,2017-03-01
1576,2554,5,2017-01-01,2017-03-01
4053,4309,5,2017-01-01,2017-03-01
4674,4700,5,2017-01-01,2017-03-01
1371,1464,5,2017-01-01,2017-03-01
2511,2939,5,2017-01-01,2017-03-01
226,276,5,2017-01-01,2017-03-01
704,734,5,2017-01-01,2017-03-01
704,785,5,2017-01-01,2017-03-01
706,749,5,2017-01-01,2017-03-01
707,747,5,2017-01-01,2017-03-01
712,760,5,2017-01-01,2017-03-01
804,833,5,2017-01-01,2017-03-01
1023,1035,5,2017-01-01,2017-03-01
1023,1025,5,2017-01-01,2017-03-01
1456,1489,5,2017-01-01,2017-03-01
324,1001,5,2017-01-01,2017-03-01
3332,3380,5,2017-01-01,2017-03-01
490,2563,5,2017-01-01,2017-03-01
1666,3152,5,2017-01-01,2017-03-01
126,3678,5,2017-01-01,2017-03-01
4066,4373,5,2017-01-01,2017-03-01
4053,4373,5,2017-01-01,2017-03-01
975,2717,5,2017-01-01,2017-03-01
1337,1666,5,2017-01-01,2017-03-01
309,362,5,2017-01-01,2017-03-01
356,387,5,2017-01-01,2017-03-01
385,392,5,2017-01-01,2017-03-01
638,682,5,2017-01-01,2017-03-01
729,739,5,2017-01-01,2017-03-01
747,768,5,2017-01-01,2017-03-01
747,799,5,2017-01-01,2017-03-01
712,724,5,2017-01-01,2017-03-01
804,859,5,2017-01-01,2017-03-01
913,928,5,2017-01-01,2017-03-01
1038,1045,5,2017-01-01,2017-03-01
1002,1057,5,2017-01-01,2017-03-01
703,799,5,2017-01-01,2017-03-01
724,726,5,2017-01-01,2017-03-01
705,726,5,2017-01-01,2017-03-01
1808,1853,5,2017-01-01,2017-03-01
2148,2185,5,2017-01-01,2017-03-01
2229,2278,5,2017-01-01,2017-03-01
3041,3087,5,2017-01-01,2017-03-01
275,601,5,2017-01-01,2017-03-01
276,3192,5,2017-01-01,2017-03-01
3402,3413,5,2017-01-01,2017-03-01
655,3172,5,2017-01-01,2017-03-01
4057,4329,5,2017-01-01,2017-03-01
141,3603,5,2017-01-01,2017-03-01
915,2511,5,2017-01-01,2017-03-01
324,378,5,2017-01-01,2017-03-01
733,747,5,2017-01-01,2017-03-01
703,759,5,2017-01-01,2017-03-01
747,752,5,2017-01-01,2017-03-01
785,797,5,2017-01-01,2017-03-01
740,781,5,2017-01-01,2017-03-01
362,1056,5,2017-01-01,2017-03-01
328,1095,5,2017-01-01,2017-03-01
2145,2187,5,2017-01-01,2017-03-01
2758,2759,5,2017-01-01,2017-03-01
1240,1652,5,2017-01-01,2017-03-01
3593,3598,5,2017-01-01,2017-03-01
130,3635,5,2017-01-01,2017-03-01
4080,4353,5,2017-01-01,2017-03-01
4611,4700,5,2017-01-01,2017-03-01
244,289,5,2017-01-01,2017-03-01
226,274,5,2017-01-01,2017-03-01
221,246,5,2017-01-01,2017-03-01
309,355,5,2017-01-01,2017-03-01
308,324,5,2017-01-01,2017-03-01
401,431,5,2017-01-01,2017-03-01
706,707,5,2017-01-01,2017-03-01
746,774,5,2017-01-01,2017-03-01
701,729,5,2017-01-01,2017-03-01
1044,1095,5,2017-01-01,2017-03-01
354,1053,5,2017-01-01,2017-03-01
1458,1479,5,2017-01-01,2017-03-01
355,1023,5,2017-01-01,2017-03-01
1310,1371,5,2017-01-01,2017-03-01
2116,2148,5,2017-01-01,2017-03-01
2242,2248,5,2017-01-01,2017-03-01
3167,3182,5,2017-01-01,2017-03-01
3301,3332,5,2017-01-01,2017-03-01
3317,3349,5,2017-01-01,2017-03-01
3329,3399,5,2017-01-01,2017-03-01
3603,3620,5,2017-01-01,2017-03-01
2674,3924,5,2017-01-01,2017-03-01
211,2573,5,2017-01-01,2017-03-01
2212,3537,5,2017-01-01,2017-03-01
4017,4388,5,2017-01-01,2017-03-01
2759,2939,5,2017-01-01,2017-03-01
1696,2959,5,2017-01-01,2017-03-01
729,786,5,2017-01-01,2017-03-01
703,737,5,2017-01-01,2017-03-01
721,759,5,2017-01-01,2017-03-01
721,760,5,2017-01-01,2017-03-01
734,774,5,2017-01-01,2017-03-01
734,737,5,2017-01-01,2017-03-01
778,791,5,2017-01-01,2017-03-01
1007,1029,5,2017-01-01,2017-03-01
1367,1371,5,2017-01-01,2017-03-01
328,1023,5,2017-01-01,2017-03-01
1828,1865,5,2017-01-01,2017-03-01
2510,2586,5,2017-01-01,2017-03-01
2528,2547,5,2017-01-01,2017-03-01
2655,2681,5,2017-01-01,2017-03-01
3188,3195,5,2017-01-01,2017-03-01
3510,3577,5,2017-01-01,2017-03-01
759,3411,5,2017-01-01,2017-03-01
4032,4057,5,2017-01-01,2017-03-01
4059,4063,5,2017-01-01,2017-03-01
331,2699,5,2017-01-01,2017-03-01
2334,2405,5,2017-01-01,2017-03-01
4017,4373,5,2017-01-01,2017-03-01
1082,2743,5,2017-01-01,2017-03-01
1314,1818,5,2017-01-01,2017-03-01
264,283,5,2017-01-01,2017-03-01
374,378,5,2017-01-01,2017-03-01
525,584,5,2017-01-01,2017-03-01
746,793,5,2017-01-01,2017-03-01
732,748,5,2017-01-01,2017-03-01
737,786,5,2017-01-01,2017-03-01
719,747,5,2017-01-01,2017-03-01
752,786,5,2017-01-01,2017-03-01
761,799,5,2017-01-01,2017-03-01
2115,2155,5,2017-01-01,2017-03-01
3301,3329,5,2017-01-01,2017-03-01
3524,3529,5,2017-01-01,2017-03-01
440,1014,5,2017-01-01,2017-03-01
4009,4309,5,2017-01-01,2017-03-01
1082,2769,5,2017-01-01,2017-03-01
382,392,5,2017-01-01,2017-03-01
703,746,5,2017-01-01,2017-03-01
716,747,5,2017-01-01,2017-03-01
878,897,5,2017-01-01,2017-03-01
913,915,5,2017-01-01,2017-03-01
1323,1337,5,2017-01-01,2017-03-01
212,226,5,2017-01-01,2017-03-01
727,740,5,2017-01-01,2017-03-01
355,1013,5,2017-01-01,2017-03-01
2667,2697,5,2017-01-01,2017-03-01
3119,3161,5,2017-01-01,2017-03-01
3787,3791,5,2017-01-01,2017-03-01
2467,3635,5,2017-01-01,2017-03-01
130,2498,5,2017-01-01,2017-03-01
330,341,5,2017-01-01,2017-03-01
334,378,5,2017-01-01,2017-03-01
726,762,5,2017-01-01,2017-03-01
759,773,5,2017-01-01,2017-03-01
901,930,5,2017-01-01,2017-03-01
1021,1038,5,2017-01-01,2017-03-01
1021,1056,5,2017-01-01,2017-03-01
315,385,5,2017-01-01,2017-03-01
734,791,5,2017-01-01,2017-03-01
734,795,5,2017-01-01,2017-03-01
705,793,5,2017-01-01,2017-03-01
378,750,5,2017-01-01,2017-03-01
1566,1585,5,2017-01-01,2017-03-01
1828,1884,5,2017-01-01,2017-03-01
2245,2248,5,2017-01-01,2017-03-01
2229,2243,5,2017-01-01,2017-03-01
3108,3161,5,2017-01-01,2017-03-01
681,3180,5,2017-01-01,2017-03-01
288,2145,5,2017-01-01,2017-03-01
3654,3679,5,2017-01-01,2017-03-01
1300,2563,5,2017-01-01,2017-03-01
255,2567,5,2017-01-01,2017-03-01
154,3039,5,2017-01-01,2017-03-01
979,2972,5,2017-01-01,2017-03-01
2570,2655,5,2017-01-01,2017-03-01
2222,3571,5,2017-01-01,2017-03-01
2754,3046,5,2017-01-01,2017-03-01
930,1464,5,2017-01-01,2017-03-01
247,272,5,2017-01-01,2017-03-01
355,376,5,2017-01-01,2017-03-01
751,799,5,2017-01-01,2017-03-01
1029,1044,5,2017-01-01,2017-03-01
374,1057,5,2017-01-01,2017-03-01
766,1057,5,2017-01-01,2017-03-01
1506,1587,5,2017-01-01,2017-03-01
211,681,5,2017-01-01,2017-03-01
215,681,5,2017-01-01,2017-03-01
3552,3582,5,2017-01-01,2017-03-01
4040,4057,5,2017-01-01,2017-03-01
4359,4376,5,2017-01-01,2017-03-01
933,1310,5,2017-01-01,2017-03-01
2221,3578,5,2017-01-01,2017-03-01
4665,4696,5,2017-01-01,2017-03-01
315,366,5,2017-01-01,2017-03-01
729,755,5,2017-01-01,2017-03-01
762,773,5,2017-01-01,2017-03-01
766,773,5,2017-01-01,2017-03-01
712,747,5,2017-01-01,2017-03-01
773,797,5,2017-01-01,2017-03-01
719,730,5,2017-01-01,2017-03-01
719,762,5,2017-01-01,2017-03-01
752,793,5,2017-01-01,2017-03-01
951,961,5,2017-01-01,2017-03-01
1021,1045,5,2017-01-01,2017-03-01
1045,1051,5,2017-01-01,2017-03-01
1031,1043,5,2017-01-01,2017-03-01
208,280,5,2017-01-01,2017-03-01
324,704,5,2017-01-01,2017-03-01
369,1014,5,2017-01-01,2017-03-01
2545,2600,5,2017-01-01,2017-03-01
2570,2576,5,2017-01-01,2017-03-01
3360,3399,5,2017-01-01,2017-03-01
211,3123,5,2017-01-01,2017-03-01
945,2911,5,2017-01-01,2017-03-01
2255,3536,5,2017-01-01,2017-03-01
2295,3540,5,2017-01-01,2017-03-01
2325,3675,5,2017-01-01,2017-03-01
4011,4399,5,2017-01-01,2017-03-01
618,620,5,2017-01-01,2017-03-01
714,754,5,2017-01-01,2017-03-01
726,766,5,2017-01-01,2017-03-01
762,795,5,2017-01-01,2017-03-01
764,786,5,2017-01-01,2017-03-01
766,786,5,2017-01-01,2017-03-01
734,768,5,2017-01-01,2017-03-01
778,792,5,2017-01-01,2017-03-01
1044,1073,5,2017-01-01,2017-03-01
1007,1072,5,2017-01-01,2017-03-01
392,1053,5,2017-01-01,2017-03-01
1808,1865,5,2017-01-01,2017-03-01
2115,2169,5,2017-01-01,2017-03-01
2248,2299,5,2017-01-01,2017-03-01
2522,2576,5,2017-01-01,2017-03-01
2667,2681,5,2017-01-01,2017-03-01
611,3192,5,2017-01-01,2017-03-01
3421,3490,5,2017-01-01,2017-03-01
3524,3556,5,2017-01-01,2017-03-01
3654,3698,5,2017-01-01,2017-03-01
3678,3681,5,2017-01-01,2017-03-01
2699,3913,5,2017-01-01,2017-03-01
1243,3104,5,2017-01-01,2017-03-01
905,1315,5,2017-01-01,2017-03-01
945,2912,5,2017-01-01,2017-03-01
2212,3540,5,2017-01-01,2017-03-01
4628,4674,5,2017-01-01,2017-03-01
2759,2941,5,2017-01-01,2017-03-01
360,378,5,2017-01-01,2017-03-01
554,570,5,2017-01-01,2017-03-01
771,793,5,2017-01-01,2017-03-01
1001,1007,5,2017-01-01,2017-03-01
1045,1072,5,2017-01-01,2017-03-01
1002,1031,5,2017-01-01,2017-03-01
334,1095,5,2017-01-01,2017-03-01
395,704,5,2017-01-01,2017-03-01
2563,2570,5,2017-01-01,2017-03-01
3123,3192,5,2017-01-01,2017-03-01
610,3162,5,2017-01-01,2017-03-01
650,3162,5,2017-01-01,2017-03-01
3477,3490,5,2017-01-01,2017-03-01
662,2130,5,2017-01-01,2017-03-01
3603,3624,5,2017-01-01,2017-03-01
3904,3906,5,2017-01-01,2017-03-01
4346,4387,5,2017-01-01,2017-03-01
2222,3578,5,2017-01-01,2017-03-01
2212,3554,5,2017-01-01,2017-03-01
4011,4316,5,2017-01-01,2017-03-01
308,328,5,2017-01-01,2017-03-01
716,799,5,2017-01-01,2017-03-01
712,766,5,2017-01-01,2017-03-01
724,749,5,2017-01-01,2017-03-01
705,740,5,2017-01-01,2017-03-01
819,884,5,2017-01-01,2017-03-01
1026,1038,5,2017-01-01,2017-03-01
355,1056,5,2017-01-01,2017-03-01
731,799,5,2017-01-01,2017-03-01
724,727,5,2017-01-01,2017-03-01
354,764,5,2017-01-01,2017-03-01
764,1031,5,2017-01-01,2017-03-01
1503,1561,5,2017-01-01,2017-03-01
3414,3490,5,2017-01-01,2017-03-01
3502,3571,5,2017-01-01,2017-03-01
3648,3671,5,2017-01-01,2017-03-01
3916,3978,5,2017-01-01,2017-03-01
205,1645,5,2017-01-01,2017-03-01
2017,3039,5,2017-01-01,2017-03-01
979,2905,5,2017-01-01,2017-03-01
962,1351,5,2017-01-01,2017-03-01
4080,4309,5,2017-01-01,2017-03-01
4009,4353,5,2017-01-01,2017-03-01
4643,4670,5,2017-01-01,2017-03-01
1813,2754,5,2017-01-01,2017-03-01
930,2511,5,2017-01-01,2017-03-01
721,747,5,2017-01-01,2017-03-01
739,750,5,2017-01-01,2017-03-01
761,785,5,2017-01-01,2017-03-01
806,876,5,2017-01-01,2017-03-01
354,1001,5,2017-01-01,2017-03-01
1243,1297,5,2017-01-01,2017-03-01
622,624,5,2017-01-01,2017-03-01
727,737,5,2017-01-01,2017-03-01
721,730,5,2017-01-01,2017-03-01
1014,1223,5,2017-01-01,2017-03-01
1911,1923,5,2017-01-01,2017-03-01
3537,3571,5,2017-01-01,2017-03-01
3620,3654,5,2017-01-01,2017-03-01
1673,2570,5,2017-01-01,2017-03-01
915,1464,5,2017-01-01,2017-03-01
368,385,5,2017-01-01,2017-03-01
751,786,5,2017-01-01,2017-03-01
737,791,5,2017-01-01,2017-03-01
737,799,5,2017-01-01,2017-03-01
712,737,5,2017-01-01,2017-03-01
739,785,5,2017-01-01,2017-03-01
1035,1057,5,2017-01-01,2017-03-01
525,595,5,2017-01-01,2017-03-01
705,707,5,2017-01-01,2017-03-01
1066,1228,5,2017-01-01,2017-03-01
1602,1677,5,2017-01-01,2017-03-01
2862,2870,5,2017-01-01,2017-03-01
369,1544,5,2017-01-01,2017-03-01
3510,3547,5,2017-01-01,2017-03-01
940,2905,5,2017-01-01,2017-03-01
2273,3509,5,2017-01-01,2017-03-01
2458,3678,5,2017-01-01,2017-03-01
4016,4388,5,2017-01-01,2017-03-01
1371,2759,5,2017-01-01,2017-03-01
743,786,5,2017-01-01,2017-03-01
747,750,5,2017-01-01,2017-03-01
759,793,5,2017-01-01,2017-03-01
378,1002,5,2017-01-01,2017-03-01
1313,1387,5,2017-01-01,2017-03-01
1803,1882,5,2017-01-01,2017-03-01
2568,2600,5,2017-01-01,2017-03-01
2674,2681,5,2017-01-01,2017-03-01
2655,2697,5,2017-01-01,2017-03-01
3151,3195,5,2017-01-01,2017-03-01
1066,1581,5,2017-01-01,2017-03-01
1223,1581,5,2017-01-01,2017-03-01
933,1323,5,2017-01-01,2017-03-01
4628,4696,5,2017-01-01,2017-03-01
915,2783,5,2017-01-01,2017-03-01
703,764,5,2017-01-01,2017-03-01
719,739,5,2017-01-01,2017-03-01
740,774,5,2017-01-01,2017-03-01
851,862,5,2017-01-01,2017-03-01
1001,1021,5,2017-01-01,2017-03-01
1007,1053,5,2017-01-01,2017-03-01
709,799,5,2017-01-01,2017-03-01
1002,1007,5,2017-01-01,2017-03-01
309,1021,5,2017-01-01,2017-03-01
398,1299,5,2017-01-01,2017-03-01
358,1082,5,2017-01-01,2017-03-01
712,1026,5,2017-01-01,2017-03-01
2106,2199,5,2017-01-01,2017-03-01
141,2325,5,2017-01-01,2017-03-01
3120,3152,5,2017-01-01,2017-03-01
3402,3491,5,2017-01-01,2017-03-01
3635,3648,5,2017-01-01,2017-03-01
4656,4671,5,2017-01-01,2017-03-01
256,280,5,2017-01-01,2017-03-01
330,362,5,2017-01-01,2017-03-01
726,730,5,2017-01-01,2017-03-01
727,797,5,2017-01-01,2017-03-01
724,793,5,2017-01-01,2017-03-01
724,758,5,2017-01-01,2017-03-01
772,781,5,2017-01-01,2017-03-01
740,749,5,2017-01-01,2017-03-01
1001,1038,5,2017-01-01,2017-03-01
1007,1045,5,2017-01-01,2017-03-01
308,392,5,2017-01-01,2017-03-01
703,771,5,2017-01-01,2017-03-01
1569,1576,5,2017-01-01,2017-03-01
1503,1581,5,2017-01-01,2017-03-01
2510,2570,5,2017-01-01,2017-03-01
2626,2689,5,2017-01-01,2017-03-01
3151,3159,5,2017-01-01,2017-03-01
314,1542,5,2017-01-01,2017-03-01
3620,3671,5,2017-01-01,2017-03-01
4007,4088,5,2017-01-01,2017-03-01
4362,4387,5,2017-01-01,2017-03-01
2221,3571,5,2017-01-01,2017-03-01
4053,4364,5,2017-01-01,2017-03-01
364,381,5,2017-01-01,2017-03-01
704,721,5,2017-01-01,2017-03-01
719,737,5,2017-01-01,2017-03-01
1013,1025,5,2017-01-01,2017-03-01
382,1021,5,2017-01-01,2017-03-01
368,1031,5,2017-01-01,2017-03-01
1561,1581,5,2017-01-01,2017-03-01
2138,2184,5,2017-01-01,2017-03-01
2539,2576,5,2017-01-01,2017-03-01
3440,3475,5,2017-01-01,2017-03-01
1248,2511,5,2017-01-01,2017-03-01
4012,4339,5,2017-01-01,2017-03-01
2754,2802,5,2017-01-01,2017-03-01
1696,2939,5,2017-01-01,2017-03-01
330,374,5,2017-01-01,2017-03-01
368,376,5,2017-01-01,2017-03-01
584,595,5,2017-01-01,2017-03-01
704,729,5,2017-01-01,2017-03-01
731,734,5,2017-01-01,2017-03-01
707,781,5,2017-01-01,2017-03-01
941,977,5,2017-01-01,2017-03-01
1045,1073,5,2017-01-01,2017-03-01
355,1053,5,2017-01-01,2017-03-01
705,786,5,2017-01-01,2017-03-01
1993,1999,5,2017-01-01,2017-03-01
2539,2570,5,2017-01-01,2017-03-01
2674,2697,5,2017-01-01,2017-03-01
628,3154,5,2017-01-01,2017-03-01
979,2911,5,2017-01-01,2017-03-01
4066,4395,5,2017-01-01,2017-03-01
4013,4388,5,2017-01-01,2017-03-01
4607,4674,5,2017-01-01,2017-03-01
2769,3046,5,2017-01-01,2017-03-01
1818,2941,5,2017-01-01,2017-03-01
368,378,5,2017-01-01,2017-03-01
315,341,5,2017-01-01,2017-03-01
726,781,5,2017-01-01,2017-03-01
763,778,5,2017-01-01,2017-03-01
707,739,5,2017-01-01,2017-03-01
755,781,5,2017-01-01,2017-03-01
1035,1095,5,2017-01-01,2017-03-01
762,1031,5,2017-01-01,2017-03-01
392,768,5,2017-01-01,2017-03-01
1942,1975,5,2017-01-01,2017-03-01
3015,3087,5,2017-01-01,2017-03-01
3104,3192,5,2017-01-01,2017-03-01
3413,3414,5,2017-01-01,2017-03-01
3410,3491,5,2017-01-01,2017-03-01
4042,4063,5,2017-01-01,2017-03-01
4002,4060,5,2017-01-01,2017-03-01
2655,3913,5,2017-01-01,2017-03-01
4607,4665,5,2017-01-01,2017-03-01
4609,4656,5,2017-01-01,2017-03-01
670,684,5,2017-01-01,2017-03-01
726,774,5,2017-01-01,2017-03-01
786,792,5,2017-01-01,2017-03-01
747,749,5,2017-01-01,2017-03-01
747,766,5,2017-01-01,2017-03-01
1818,1844,5,2017-01-01,2017-03-01
2127,2184,5,2017-01-01,2017-03-01
2229,2245,5,2017-01-01,2017-03-01
2229,2240,5,2017-01-01,2017-03-01
2901,2932,5,2017-01-01,2017-03-01
3413,3421,5,2017-01-01,2017-03-01
3402,3410,5,2017-01-01,2017-03-01
4022,4071,5,2017-01-01,2017-03-01
1598,3913,5,2017-01-01,2017-03-01
2600,2667,5,2017-01-01,2017-03-01
4066,4399,5,2017-01-01,2017-03-01
4011,4364,5,2017-01-01,2017-03-01
334,381,5,2017-01-01,2017-03-01
315,360,5,2017-01-01,2017-03-01
704,731,5,2017-01-01,2017-03-01
762,781,5,2017-01-01,2017-03-01
737,740,5,2017-01-01,2017-03-01
739,781,5,2017-01-01,2017-03-01
801,844,5,2017-01-01,2017-03-01
951,994,5,2017-01-01,2017-03-01
1026,1044,5,2017-01-01,2017-03-01
727,734,5,2017-01-01,2017-03-01
724,731,5,2017-01-01,2017-03-01
719,791,5,2017-01-01,2017-03-01
705,773,5,2017-01-01,2017-03-01
313,1025,5,2017-01-01,2017-03-01
314,1223,5,2017-01-01,2017-03-01
2521,2573,5,2017-01-01,2017-03-01
2663,2668,5,2017-01-01,2017-03-01
3301,3360,5,2017-01-01,2017-03-01
3483,3491,5,2017-01-01,2017-03-01
266,2531,5,2017-01-01,2017-03-01
440,2570,5,2017-01-01,2017-03-01
211,1298,5,2017-01-01,2017-03-01
1351,2972,5,2017-01-01,2017-03-01
2674,3104,5,2017-01-01,2017-03-01
2441,3679,5,2017-01-01,2017-03-01
4012,4388,5,2017-01-01,2017-03-01
1314,1464,5,2017-01-01,2017-03-01
205,226,5,2017-01-01,2017-03-01
226,293,5,2017-01-01,2017-03-01
218,247,5,2017-01-01,2017-03-01
272,289,5,2017-01-01,2017-03-01
309,374,5,2017-01-01,2017-03-01
330,378,5,2017-01-01,2017-03-01
313,368,5,2017-01-01,2017-03-01
376,395,5,2017-01-01,2017-03-01
704,719,5,2017-01-01,2017-03-01
726,795,5,2017-01-01,2017-03-01
763,774,5,2017-01-01,2017-03-01
727,766,5,2017-01-01,2017-03-01
731,762,5,2017-01-01,2017-03-01
755,785,5,2017-01-01,2017-03-01
749,762,5,2017-01-01,2017-03-01
819,862,5,2017-01-01,2017-03-01
305,328,5,2017-01-01,2017-03-01
707,733,5,2017-01-01,2017-03-01
1002,1095,5,2017-01-01,2017-03-01
395,764,5,2017-01-01,2017-03-01
1066,1247,5,2017-01-01,2017-03-01
2205,2245,5,2017-01-01,2017-03-01
3444,3461,5,2017-01-01,2017-03-01
3648,3678,5,2017-01-01,2017-03-01
3624,3679,5,2017-01-01,2017-03-01
4084,4092,5,2017-01-01,2017-03-01
2236,3509,5,2017-01-01,2017-03-01
2335,2467,5,2017-01-01,2017-03-01
4025,4399,5,2017-01-01,2017-03-01
4632,4640,5,2017-01-01,2017-03-01
4674,4682,5,2017-01-01,2017-03-01
215,276,5,2017-01-01,2017-03-01
759,781,5,2017-01-01,2017-03-01
833,848,5,2017-01-01,2017-03-01
819,851,5,2017-01-01,2017-03-01
801,859,5,2017-01-01,2017-03-01
941,988,5,2017-01-01,2017-03-01
1044,1045,5,2017-01-01,2017-03-01
324,1023,5,2017-01-01,2017-03-01
1269,1298,5,2017-01-01,2017-03-01
2454,2498,5,2017-01-01,2017-03-01
2510,2522,5,2017-01-01,2017-03-01
2767,2792,5,2017-01-01,2017-03-01
3108,3177,5,2017-01-01,2017-03-01
3410,3440,5,2017-01-01,2017-03-01
3510,3578,5,2017-01-01,2017-03-01
4040,4046,5,2017-01-01,2017-03-01
655,2123,5,2017-01-01,2017-03-01
275,1645,5,2017-01-01,2017-03-01
1005,1677,5,2017-01-01,2017-03-01
4321,4377,5,2017-01-01,2017-03-01
4522,4575,5,2017-01-01,2017-03-01
4059,4399,5,2017-01-01,2017-03-01
4066,4388,5,2017-01-01,2017-03-01
4611,4675,5,2017-01-01,2017-03-01
2717,2959,5,2017-01-01,2017-03-01
341,355,5,2017-01-01,2017-03-01
362,382,5,2017-01-01,2017-03-01
730,737,5,2017-01-01,2017-03-01
737,750,5,2017-01-01,2017-03-01
754,770,5,2017-01-01,2017-03-01
740,778,5,2017-01-01,2017-03-01
1013,1038,5,2017-01-01,2017-03-01
360,1056,5,2017-01-01,2017-03-01
1323,1371,5,2017-01-01,2017-03-01
355,768,5,2017-01-01,2017-03-01
1961,1975,5,2017-01-01,2017-03-01
1923,1992,5,2017-01-01,2017-03-01
2531,2539,5,2017-01-01,2017-03-01
3015,3041,5,2017-01-01,2017-03-01
3332,3399,5,2017-01-01,2017-03-01
3475,3477,5,2017-01-01,2017-03-01
3405,3475,5,2017-01-01,2017-03-01
3402,3490,5,2017-01-01,2017-03-01
3471,3491,5,2017-01-01,2017-03-01
3509,3571,5,2017-01-01,2017-03-01
3547,3589,5,2017-01-01,2017-03-01
4346,4362,5,2017-01-01,2017-03-01
2600,2699,5,2017-01-01,2017-03-01
2236,3537,5,2017-01-01,2017-03-01
4630,4700,5,2017-01-01,2017-03-01
729,758,5,2017-01-01,2017-03-01
704,793,5,2017-01-01,2017-03-01
703,734,5,2017-01-01,2017-03-01
786,793,5,2017-01-01,2017-03-01
716,793,5,2017-01-01,2017-03-01
747,781,5,2017-01-01,2017-03-01
730,758,5,2017-01-01,2017-03-01
740,793,5,2017-01-01,2017-03-01
603,679,5,2017-01-01,2017-03-01
705,716,5,2017-01-01,2017-03-01
392,1031,5,2017-01-01,2017-03-01
2568,2586,5,2017-01-01,2017-03-01
407,3152,5,2017-01-01,2017-03-01
266,2567,5,2017-01-01,2017-03-01
440,1243,5,2017-01-01,2017-03-01
4059,4388,5,2017-01-01,2017-03-01
729,740,5,2017-01-01,2017-03-01
704,758,5,2017-01-01,2017-03-01
771,778,5,2017-01-01,2017-03-01
762,793,5,2017-01-01,2017-03-01
747,762,5,2017-01-01,2017-03-01
713,714,5,2017-01-01,2017-03-01
730,799,5,2017-01-01,2017-03-01
780,794,5,2017-01-01,2017-03-01
737,766,5,2017-01-01,2017-03-01
739,778,5,2017-01-01,2017-03-01
977,988,5,2017-01-01,2017-03-01
901,975,5,2017-01-01,2017-03-01
1506,1581,5,2017-01-01,2017-03-01
2240,2244,5,2017-01-01,2017-03-01
2427,2454,5,2017-01-01,2017-03-01
2568,2570,5,2017-01-01,2017-03-01
3116,3184,5,2017-01-01,2017-03-01
3114,3198,5,2017-01-01,2017-03-01
274,601,5,2017-01-01,2017-03-01
3440,3461,5,2017-01-01,2017-03-01
910,2905,5,2017-01-01,2017-03-01
1377,2911,5,2017-01-01,2017-03-01
1315,2972,5,2017-01-01,2017-03-01
1484,2969,5,2017-01-01,2017-03-01
309,392,5,2017-01-01,2017-03-01
620,648,5,2017-01-01,2017-03-01
729,771,5,2017-01-01,2017-03-01
726,737,5,2017-01-01,2017-03-01
730,743,5,2017-01-01,2017-03-01
709,781,5,2017-01-01,2017-03-01
313,727,5,2017-01-01,2017-03-01
2115,2148,5,2017-01-01,2017-03-01
2109,2187,5,2017-01-01,2017-03-01
3413,3490,5,2017-01-01,2017-03-01
3502,3578,5,2017-01-01,2017-03-01
3518,3565,5,2017-01-01,2017-03-01
1696,2816,5,2017-01-01,2017-03-01
4371,4380,5,2017-01-01,2017-03-01
4020,4329,5,2017-01-01,2017-03-01
130,3639,5,2017-01-01,2017-03-01
4655,4695,5,2017-01-01,2017-03-01
407,930,5,2017-01-01,2017-03-01
2759,2959,5,2017-01-01,2017-03-01
281,295,5,2017-01-01,2017-03-01
243,269,5,2017-01-01,2017-03-01
528,584,5,2017-01-01,2017-03-01
747,758,5,2017-01-01,2017-03-01
721,781,5,2017-01-01,2017-03-01
752,758,5,2017-01-01,2017-03-01
1031,1035,5,2017-01-01,2017-03-01
730,731,5,2017-01-01,2017-03-01
762,1013,5,2017-01-01,2017-03-01
3421,3475,5,2017-01-01,2017-03-01
2567,3924,5,2017-01-01,2017-03-01
2335,3654,5,2017-01-01,2017-03-01
2325,2427,5,2017-01-01,2017-03-01
2325,2467,5,2017-01-01,2017-03-01
416,461,5,2017-01-01,2017-03-01
706,729,5,2017-01-01,2017-03-01
758,771,5,2017-01-01,2017-03-01
764,774,5,2017-01-01,2017-03-01
764,773,5,2017-01-01,2017-03-01
750,762,5,2017-01-01,2017-03-01
1025,1056,5,2017-01-01,2017-03-01
3317,3396,5,2017-01-01,2017-03-01
4020,4084,5,2017-01-01,2017-03-01
979,1377,5,2017-01-01,2017-03-01
1464,2969,5,2017-01-01,2017-03-01
212,255,5,2017-01-01,2017-03-01
362,385,5,2017-01-01,2017-03-01
315,374,5,2017-01-01,2017-03-01
611,670,5,2017-01-01,2017-03-01
729,762,5,2017-01-01,2017-03-01
726,759,5,2017-01-01,2017-03-01
727,771,5,2017-01-01,2017-03-01
751,773,5,2017-01-01,2017-03-01
920,988,5,2017-01-01,2017-03-01
360,1001,5,2017-01-01,2017-03-01
1243,1293,5,2017-01-01,2017-03-01
731,797,5,2017-01-01,2017-03-01
355,1095,5,2017-01-01,2017-03-01
791,1029,5,2017-01-01,2017-03-01
328,704,5,2017-01-01,2017-03-01
795,1035,5,2017-01-01,2017-03-01
1544,1576,5,2017-01-01,2017-03-01
1544,1561,5,2017-01-01,2017-03-01
1506,1576,5,2017-01-01,2017-03-01
1975,1992,5,2017-01-01,2017-03-01
2205,2285,5,2017-01-01,2017-03-01
2244,2285,5,2017-01-01,2017-03-01
2681,2697,5,2017-01-01,2017-03-01
3188,3193,5,2017-01-01,2017-03-01
204,692,5,2017-01-01,2017-03-01
601,3180,5,2017-01-01,2017-03-01
3553,3561,5,2017-01-01,2017-03-01
4046,4084,5,2017-01-01,2017-03-01
993,1332,5,2017-01-01,2017-03-01
2279,3540,5,2017-01-01,2017-03-01
4017,4395,5,2017-01-01,2017-03-01
4640,4677,5,2017-01-01,2017-03-01
1813,2769,5,2017-01-01,2017-03-01
374,381,5,2017-01-01,2017-03-01
360,382,5,2017-01-01,2017-03-01
343,350,5,2017-01-01,2017-03-01
703,729,5,2017-01-01,2017-03-01
859,884,5,2017-01-01,2017-03-01
1051,1073,5,2017-01-01,2017-03-01
218,292,5,2017-01-01,2017-03-01
392,1013,5,2017-01-01,2017-03-01
313,1002,5,2017-01-01,2017-03-01
1343,1347,5,2017-01-01,2017-03-01
1848,1855,5,2017-01-01,2017-03-01
1842,1865,5,2017-01-01,2017-03-01
684,3169,5,2017-01-01,2017-03-01
211,684,5,2017-01-01,2017-03-01
1247,1506,5,2017-01-01,2017-03-01
3532,3561,5,2017-01-01,2017-03-01
154,3019,5,2017-01-01,2017-03-01
4025,4395,5,2017-01-01,2017-03-01
704,737,5,2017-01-01,2017-03-01
731,760,5,2017-01-01,2017-03-01
785,791,5,2017-01-01,2017-03-01
913,933,5,2017-01-01,2017-03-01
928,951,5,2017-01-01,2017-03-01
1021,1023,5,2017-01-01,2017-03-01
716,721,5,2017-01-01,2017-03-01
328,1001,5,2017-01-01,2017-03-01
2240,2252,5,2017-01-01,2017-03-01
2252,2299,5,2017-01-01,2017-03-01
391,1662,5,2017-01-01,2017-03-01
3151,3188,5,2017-01-01,2017-03-01
1561,2608,5,2017-01-01,2017-03-01
4029,4090,5,2017-01-01,2017-03-01
443,2539,5,2017-01-01,2017-03-01
130,2407,5,2017-01-01,2017-03-01
2437,3639,5,2017-01-01,2017-03-01
4052,4339,5,2017-01-01,2017-03-01
4656,4690,5,2017-01-01,2017-03-01
407,2939,5,2017-01-01,2017-03-01
208,256,5,2017-01-01,2017-03-01
315,364,5,2017-01-01,2017-03-01
610,670,5,2017-01-01,2017-03-01
726,763,5,2017-01-01,2017-03-01
733,773,5,2017-01-01,2017-03-01
721,755,5,2017-01-01,2017-03-01
844,888,5,2017-01-01,2017-03-01
1044,1053,5,2017-01-01,2017-03-01
385,727,5,2017-01-01,2017-03-01
392,791,5,2017-01-01,2017-03-01
2910,2924,5,2017-01-01,2017-03-01
266,3123,5,2017-01-01,2017-03-01
4377,4384,5,2017-01-01,2017-03-01
945,2988,5,2017-01-01,2017-03-01
4011,4309,5,2017-01-01,2017-03-01
1314,1482,5,2017-01-01,2017-03-01
272,281,5,2017-01-01,2017-03-01
272,292,5,2017-01-01,2017-03-01
611,684,5,2017-01-01,2017-03-01
729,752,5,2017-01-01,2017-03-01
751,774,5,2017-01-01,2017-03-01
781,793,5,2017-01-01,2017-03-01
705,755,5,2017-01-01,2017-03-01
1062,1220,5,2017-01-01,2017-03-01
1432,1464,5,2017-01-01,2017-03-01
221,286,5,2017-01-01,2017-03-01
305,385,5,2017-01-01,2017-03-01
315,328,5,2017-01-01,2017-03-01
719,799,5,2017-01-01,2017-03-01
701,799,5,2017-01-01,2017-03-01
334,706,5,2017-01-01,2017-03-01
334,791,5,2017-01-01,2017-03-01
3815,3839,5,2017-01-01,2017-03-01
3901,3914,5,2017-01-01,2017-03-01
3901,3978,5,2017-01-01,2017-03-01
3906,3940,5,2017-01-01,2017-03-01
4321,4340,5,2017-01-01,2017-03-01
4361,4376,5,2017-01-01,2017-03-01
1673,2655,5,2017-01-01,2017-03-01
2334,3603,5,2017-01-01,2017-03-01
126,2437,5,2017-01-01,2017-03-01
2325,2437,5,2017-01-01,2017-03-01
4012,4373,5,2017-01-01,2017-03-01
4640,4643,5,2017-01-01,2017-03-01
975,2511,5,2017-01-01,2017-03-01
1818,2969,5,2017-01-01,2017-03-01
706,726,5,2017-01-01,2017-03-01
705,759,5,2017-01-01,2017-03-01
859,868,5,2017-01-01,2017-03-01
1367,1394,5,2017-01-01,2017-03-01
705,729,5,2017-01-01,2017-03-01
928,933,5,2017-01-01,2017-03-01
333,1247,5,2017-01-01,2017-03-01
2109,2130,5,2017-01-01,2017-03-01
2563,2573,5,2017-01-01,2017-03-01
2767,2781,5,2017-01-01,2017-03-01
2928,2932,5,2017-01-01,2017-03-01
274,681,5,2017-01-01,2017-03-01
275,681,5,2017-01-01,2017-03-01
3924,3974,5,2017-01-01,2017-03-01
4029,4069,5,2017-01-01,2017-03-01
299,2563,5,2017-01-01,2017-03-01
2233,3548,5,2017-01-01,2017-03-01
4324,4396,5,2017-01-01,2017-03-01
1377,2905,5,2017-01-01,2017-03-01
141,2441,5,2017-01-01,2017-03-01
4053,4316,5,2017-01-01,2017-03-01
1314,1484,5,2017-01-01,2017-03-01
212,275,5,2017-01-01,2017-03-01
368,381,5,2017-01-01,2017-03-01
746,747,5,2017-01-01,2017-03-01
707,774,5,2017-01-01,2017-03-01
737,795,5,2017-01-01,2017-03-01
712,730,5,2017-01-01,2017-03-01
724,747,5,2017-01-01,2017-03-01
772,774,5,2017-01-01,2017-03-01
750,781,5,2017-01-01,2017-03-01
774,792,5,2017-01-01,2017-03-01
740,747,5,2017-01-01,2017-03-01
848,884,5,2017-01-01,2017-03-01
724,729,5,2017-01-01,2017-03-01
719,792,5,2017-01-01,2017-03-01
354,1029,5,2017-01-01,2017-03-01
2545,2586,5,2017-01-01,2017-03-01
2531,2586,5,2017-01-01,2017-03-01
3177,3183,5,2017-01-01,2017-03-01
248,3162,5,2017-01-01,2017-03-01
3536,3537,5,2017-01-01,2017-03-01
3639,3681,5,2017-01-01,2017-03-01
2123,3172,5,2017-01-01,2017-03-01
4321,4384,5,2017-01-01,2017-03-01
4329,4384,5,2017-01-01,2017-03-01
4009,4364,5,2017-01-01,2017-03-01
2511,2941,5,2017-01-01,2017-03-01
308,374,5,2017-01-01,2017-03-01
729,734,5,2017-01-01,2017-03-01
727,799,5,2017-01-01,2017-03-01
705,768,5,2017-01-01,2017-03-01
774,793,5,2017-01-01,2017-03-01
755,778,5,2017-01-01,2017-03-01
1058,1085,5,2017-01-01,2017-03-01
1025,1051,5,2017-01-01,2017-03-01
1043,1072,5,2017-01-01,2017-03-01
727,1043,5,2017-01-01,2017-03-01
1506,1598,5,2017-01-01,2017-03-01
2759,2776,5,2017-01-01,2017-03-01
3301,3380,5,2017-01-01,2017-03-01
3410,3421,5,2017-01-01,2017-03-01
231,1677,5,2017-01-01,2017-03-01
4377,4398,5,2017-01-01,2017-03-01
4057,4359,5,2017-01-01,2017-03-01
126,2427,5,2017-01-01,2017-03-01
4646,4695,5,2017-01-01,2017-03-01
1314,2867,5,2017-01-01,2017-03-01
221,247,5,2017-01-01,2017-03-01
732,794,5,2017-01-01,2017-03-01
719,729,5,2017-01-01,2017-03-01
750,768,5,2017-01-01,2017-03-01
1005,1062,5,2017-01-01,2017-03-01
3167,3198,5,2017-01-01,2017-03-01
3161,3177,5,2017-01-01,2017-03-01
3436,3475,5,2017-01-01,2017-03-01
3402,3421,5,2017-01-01,2017-03-01
288,3135,5,2017-01-01,2017-03-01
2130,3161,5,2017-01-01,2017-03-01
3901,3904,5,2017-01-01,2017-03-01
979,2992,5,2017-01-01,2017-03-01
2236,3554,5,2017-01-01,2017-03-01
4080,4339,5,2017-01-01,2017-03-01
4083,4373,5,2017-01-01,2017-03-01
4646,4668,5,2017-01-01,2017-03-01
4671,4682,5,2017-01-01,2017-03-01
1082,2802,5,2017-01-01,2017-03-01
1818,2959,5,2017-01-01,2017-03-01
315,376,5,2017-01-01,2017-03-01
604,607,5,2017-01-01,2017-03-01
764,778,5,2017-01-01,2017-03-01
716,749,5,2017-01-01,2017-03-01
752,778,5,2017-01-01,2017-03-01
749,792,5,2017-01-01,2017-03-01
833,868,5,2017-01-01,2017-03-01
750,1026,5,2017-01-01,2017-03-01
314,1228,5,2017-01-01,2017-03-01
1625,1662,5,2017-01-01,2017-03-01
2148,2169,5,2017-01-01,2017-03-01
3188,3198,5,2017-01-01,2017-03-01
3311,3399,5,2017-01-01,2017-03-01
3402,3440,5,2017-01-01,2017-03-01
2498,3678,5,2017-01-01,2017-03-01
1813,2802,5,2017-01-01,2017-03-01
315,355,5,2017-01-01,2017-03-01
703,749,5,2017-01-01,2017-03-01
731,761,5,2017-01-01,2017-03-01
709,726,5,2017-01-01,2017-03-01
734,759,5,2017-01-01,2017-03-01
705,763,5,2017-01-01,2017-03-01
851,859,5,2017-01-01,2017-03-01
1314,1370,5,2017-01-01,2017-03-01
1458,1498,5,2017-01-01,2017-03-01
362,706,5,2017-01-01,2017-03-01
2240,2248,5,2017-01-01,2017-03-01
2947,2962,5,2017-01-01,2017-03-01
3114,3195,5,2017-01-01,2017-03-01
3510,3537,5,2017-01-01,2017-03-01
3635,3671,5,2017-01-01,2017-03-01
1696,2857,5,2017-01-01,2017-03-01
4376,4384,5,2017-01-01,2017-03-01
1332,2992,5,2017-01-01,2017-03-01
910,2988,5,2017-01-01,2017-03-01
2335,3678,5,2017-01-01,2017-03-01
4017,4339,5,2017-01-01,2017-03-01
4025,4309,5,2017-01-01,2017-03-01
4614,4674,5,2017-01-01,2017-03-01
1371,1666,5,2017-01-01,2017-03-01
315,362,5,2017-01-01,2017-03-01
707,764,5,2017-01-01,2017-03-01
773,792,5,2017-01-01,2017-03-01
804,839,5,2017-01-01,2017-03-01
385,1025,5,2017-01-01,2017-03-01
305,378,5,2017-01-01,2017-03-01
328,376,5,2017-01-01,2017-03-01
364,1031,5,2017-01-01,2017-03-01
1544,1569,5,2017-01-01,2017-03-01
2539,2567,5,2017-01-01,2017-03-01
3137,3178,5,2017-01-01,2017-03-01
3402,3475,5,2017-01-01,2017-03-01
3536,3554,5,2017-01-01,2017-03-01
3808,3858,5,2017-01-01,2017-03-01
3904,3955,5,2017-01-01,2017-03-01
2279,3589,5,2017-01-01,2017-03-01
4066,4353,5,2017-01-01,2017-03-01
4611,4630,5,2017-01-01,2017-03-01
4670,4677,5,2017-01-01,2017-03-01
1082,1837,5,2017-01-01,2017-03-01
2867,2939,5,2017-01-01,2017-03-01
704,781,5,2017-01-01,2017-03-01
706,758,5,2017-01-01,2017-03-01
707,737,5,2017-01-01,2017-03-01
705,739,5,2017-01-01,2017-03-01
759,795,5,2017-01-01,2017-03-01
859,862,5,2017-01-01,2017-03-01
928,994,5,2017-01-01,2017-03-01
1240,1299,5,2017-01-01,2017-03-01
712,791,5,2017-01-01,2017-03-01
712,797,5,2017-01-01,2017-03-01
1205,1208,5,2017-01-01,2017-03-01
2567,2576,5,2017-01-01,2017-03-01
3182,3193,5,2017-01-01,2017-03-01
3309,3380,5,2017-01-01,2017-03-01
3402,3405,5,2017-01-01,2017-03-01
3502,3510,5,2017-01-01,2017-03-01
962,2911,5,2017-01-01,2017-03-01
1243,1503,5,2017-01-01,2017-03-01
276,293,5,2017-01-01,2017-03-01
707,771,5,2017-01-01,2017-03-01
737,746,5,2017-01-01,2017-03-01
705,737,5,2017-01-01,2017-03-01
223,296,5,2017-01-01,2017-03-01
395,1056,5,2017-01-01,2017-03-01
1569,1581,5,2017-01-01,2017-03-01
2123,2153,5,2017-01-01,2017-03-01
3367,3380,5,2017-01-01,2017-03-01
645,3178,5,2017-01-01,2017-03-01
601,3104,5,2017-01-01,2017-03-01
3561,3600,5,2017-01-01,2017-03-01
3675,3698,5,2017-01-01,2017-03-01
4057,4084,5,2017-01-01,2017-03-01
130,2467,5,2017-01-01,2017-03-01
354,376,5,2017-01-01,2017-03-01
729,750,5,2017-01-01,2017-03-01
763,799,5,2017-01-01,2017-03-01
730,795,5,2017-01-01,2017-03-01
750,764,5,2017-01-01,2017-03-01
749,799,5,2017-01-01,2017-03-01
852,876,5,2017-01-01,2017-03-01
712,785,5,2017-01-01,2017-03-01
360,791,5,2017-01-01,2017-03-01
1853,1884,5,2017-01-01,2017-03-01
1961,1993,5,2017-01-01,2017-03-01
2545,2563,5,2017-01-01,2017-03-01
2522,2586,5,2017-01-01,2017-03-01
266,3180,5,2017-01-01,2017-03-01
613,3120,5,2017-01-01,2017-03-01
3436,3477,5,2017-01-01,2017-03-01
3529,3548,5,2017-01-01,2017-03-01
3624,3698,5,2017-01-01,2017-03-01
4029,4088,5,2017-01-01,2017-03-01
673,3155,5,2017-01-01,2017-03-01
1315,2992,5,2017-01-01,2017-03-01
141,3648,5,2017-01-01,2017-03-01
2467,3639,5,2017-01-01,2017-03-01
4013,4353,5,2017-01-01,2017-03-01
4609,4671,5,2017-01-01,2017-03-01
2789,2939,5,2017-01-01,2017-03-01
713,770,5,2017-01-01,2017-03-01
712,771,5,2017-01-01,2017-03-01
759,786,5,2017-01-01,2017-03-01
839,844,5,2017-01-01,2017-03-01
801,884,5,2017-01-01,2017-03-01
1056,1073,5,2017-01-01,2017-03-01
1045,1057,5,2017-01-01,2017-03-01
1024,1271,5,2017-01-01,2017-03-01
2454,2458,5,2017-01-01,2017-03-01
2510,2539,5,2017-01-01,2017-03-01
3141,3145,5,2017-01-01,2017-03-01
4063,4069,5,2017-01-01,2017-03-01
1248,1666,5,2017-01-01,2017-03-01
4331,4344,5,2017-01-01,2017-03-01
940,2911,5,2017-01-01,2017-03-01
930,1482,5,2017-01-01,2017-03-01
2867,2969,5,2017-01-01,2017-03-01
376,392,5,2017-01-01,2017-03-01
731,747,5,2017-01-01,2017-03-01
737,752,5,2017-01-01,2017-03-01
752,785,5,2017-01-01,2017-03-01
901,951,5,2017-01-01,2017-03-01
1072,1073,5,2017-01-01,2017-03-01
1021,1095,5,2017-01-01,2017-03-01
1001,1025,5,2017-01-01,2017-03-01
1023,1043,5,2017-01-01,2017-03-01
1208,1272,5,2017-01-01,2017-03-01
1464,1465,5,2017-01-01,2017-03-01
716,729,5,2017-01-01,2017-03-01
705,772,5,2017-01-01,2017-03-01
2148,2155,5,2017-01-01,2017-03-01
2773,2792,5,2017-01-01,2017-03-01
3413,3471,5,2017-01-01,2017-03-01
141,3698,5,2017-01-01,2017-03-01
2405,3603,5,2017-01-01,2017-03-01
4632,4670,5,2017-01-01,2017-03-01
354,385,5,2017-01-01,2017-03-01
768,781,5,2017-01-01,2017-03-01
760,786,5,2017-01-01,2017-03-01
1062,1087,5,2017-01-01,2017-03-01
315,392,5,2017-01-01,2017-03-01
1002,1072,5,2017-01-01,2017-03-01
1905,1992,5,2017-01-01,2017-03-01
3108,3119,5,2017-01-01,2017-03-01
3536,3577,5,2017-01-01,2017-03-01
4010,4092,5,2017-01-01,2017-03-01
673,3154,5,2017-01-01,2017-03-01
763,793,5,2017-01-01,2017-03-01
707,746,5,2017-01-01,2017-03-01
748,794,5,2017-01-01,2017-03-01
848,862,5,2017-01-01,2017-03-01
703,797,5,2017-01-01,2017-03-01
1323,1394,5,2017-01-01,2017-03-01
355,730,5,2017-01-01,2017-03-01
314,1269,5,2017-01-01,2017-03-01
2244,2245,5,2017-01-01,2017-03-01
2773,2781,5,2017-01-01,2017-03-01
2717,2776,5,2017-01-01,2017-03-01
3114,3182,5,2017-01-01,2017-03-01
684,3162,5,2017-01-01,2017-03-01
4032,4071,5,2017-01-01,2017-03-01
4380,4387,5,2017-01-01,2017-03-01
945,2905,5,2017-01-01,2017-03-01
940,2992,5,2017-01-01,2017-03-01
1298,2655,5,2017-01-01,2017-03-01
4665,4671,5,2017-01-01,2017-03-01
928,2789,5,2017-01-01,2017-03-01
232,248,4,2017-01-01,2017-03-01
429,438,4,2017-01-01,2017-03-01
628,679,4,2017-01-01,2017-03-01
876,891,4,2017-01-01,2017-03-01
847,897,4,2017-01-01,2017-03-01
1252,1274,4,2017-01-01,2017-03-01
1303,1393,4,2017-01-01,2017-03-01
1414,1443,4,2017-01-01,2017-03-01
702,777,4,2017-01-01,2017-03-01
331,1300,4,2017-01-01,2017-03-01
382,727,4,2017-01-01,2017-03-01
309,749,4,2017-01-01,2017-03-01
362,752,4,2017-01-01,2017-03-01
1827,1877,4,2017-01-01,2017-03-01
1855,1897,4,2017-01-01,2017-03-01
1916,1960,4,2017-01-01,2017-03-01
1969,1993,4,2017-01-01,2017-03-01
1933,1956,4,2017-01-01,2017-03-01
1975,1976,4,2017-01-01,2017-03-01
2114,2134,4,2017-01-01,2017-03-01
2114,2163,4,2017-01-01,2017-03-01
2277,2298,4,2017-01-01,2017-03-01
2413,2460,4,2017-01-01,2017-03-01
2410,2464,4,2017-01-01,2017-03-01
2924,2996,4,2017-01-01,2017-03-01
3411,3475,4,2017-01-01,2017-03-01
1247,2674,4,2017-01-01,2017-03-01
772,3483,4,2017-01-01,2017-03-01
3831,3839,4,2017-01-01,2017-03-01
4002,4025,4,2017-01-01,2017-03-01
4009,4035,4,2017-01-01,2017-03-01
218,3151,4,2017-01-01,2017-03-01
679,3193,4,2017-01-01,2017-03-01
1808,2781,4,2017-01-01,2017-03-01
2586,3123,4,2017-01-01,2017-03-01
205,2563,4,2017-01-01,2017-03-01
299,1645,4,2017-01-01,2017-03-01
684,2521,4,2017-01-01,2017-03-01
490,2586,4,2017-01-01,2017-03-01
274,2560,4,2017-01-01,2017-03-01
456,3039,4,2017-01-01,2017-03-01
4358,4386,4,2017-01-01,2017-03-01
1367,2959,4,2017-01-01,2017-03-01
1269,2570,4,2017-01-01,2017-03-01
2600,3924,4,2017-01-01,2017-03-01
4417,4451,4,2017-01-01,2017-03-01
2437,3681,4,2017-01-01,2017-03-01
3858,4556,4,2017-01-01,2017-03-01
1248,1482,4,2017-01-01,2017-03-01
437,1323,4,2017-01-01,2017-03-01
446,4674,4,2017-01-01,2017-03-01
928,4399,4,2017-01-01,2017-03-01
1314,4353,4,2017-01-01,2017-03-01
1337,4364,4,2017-01-01,2017-03-01
2959,4052,4,2017-01-01,2017-03-01
1482,4080,4,2017-01-01,2017-03-01
5119,5152,4,2017-01-01,2017-03-01
2441,2965,4,2017-01-01,2017-03-01
2273,3681,4,2017-01-01,2017-03-01
988,1358,4,2017-01-01,2017-03-01
130,977,4,2017-01-01,2017-03-01
1313,3578,4,2017-01-01,2017-03-01
256,266,4,2017-01-01,2017-03-01
352,383,4,2017-01-01,2017-03-01
648,694,4,2017-01-01,2017-03-01
805,849,4,2017-01-01,2017-03-01
832,862,4,2017-01-01,2017-03-01
849,850,4,2017-01-01,2017-03-01
891,897,4,2017-01-01,2017-03-01
1252,1290,4,2017-01-01,2017-03-01
768,1095,4,2017-01-01,2017-03-01
360,733,4,2017-01-01,2017-03-01
2072,2075,4,2017-01-01,2017-03-01
2131,2179,4,2017-01-01,2017-03-01
2115,2145,4,2017-01-01,2017-03-01
2111,2187,4,2017-01-01,2017-03-01
2165,2179,4,2017-01-01,2017-03-01
2119,2129,4,2017-01-01,2017-03-01
2137,2154,4,2017-01-01,2017-03-01
2114,2158,4,2017-01-01,2017-03-01
2145,2168,4,2017-01-01,2017-03-01
2169,2182,4,2017-01-01,2017-03-01
2141,2168,4,2017-01-01,2017-03-01
2271,2281,4,2017-01-01,2017-03-01
2209,2231,4,2017-01-01,2017-03-01
2425,2492,4,2017-01-01,2017-03-01
2464,2484,4,2017-01-01,2017-03-01
3582,3600,4,2017-01-01,2017-03-01
4002,4037,4,2017-01-01,2017-03-01
205,1300,4,2017-01-01,2017-03-01
490,2573,4,2017-01-01,2017-03-01
1569,3955,4,2017-01-01,2017-03-01
2242,3553,4,2017-01-01,2017-03-01
2298,3548,4,2017-01-01,2017-03-01
901,1323,4,2017-01-01,2017-03-01
928,1394,4,2017-01-01,2017-03-01
440,1269,4,2017-01-01,2017-03-01
4469,4491,4,2017-01-01,2017-03-01
4484,4493,4,2017-01-01,2017-03-01
2334,3675,4,2017-01-01,2017-03-01
2315,2427,4,2017-01-01,2017-03-01
4092,4340,4,2017-01-01,2017-03-01
4633,4657,4,2017-01-01,2017-03-01
4630,4668,4,2017-01-01,2017-03-01
2867,4339,4,2017-01-01,2017-03-01
2941,4009,4,2017-01-01,2017-03-01
2789,4053,4,2017-01-01,2017-03-01
2717,4013,4,2017-01-01,2017-03-01
266,2244,4,2017-01-01,2017-03-01
912,2222,4,2017-01-01,2017-03-01
912,1358,4,2017-01-01,2017-03-01
563,574,4,2017-01-01,2017-03-01
392,1073,4,2017-01-01,2017-03-01
374,791,4,2017-01-01,2017-03-01
328,763,4,2017-01-01,2017-03-01
706,1053,4,2017-01-01,2017-03-01
392,739,4,2017-01-01,2017-03-01
730,1095,4,2017-01-01,2017-03-01
1827,1893,4,2017-01-01,2017-03-01
1914,1976,4,2017-01-01,2017-03-01
1917,1933,4,2017-01-01,2017-03-01
2115,2129,4,2017-01-01,2017-03-01
2126,2158,4,2017-01-01,2017-03-01
2158,2181,4,2017-01-01,2017-03-01
2173,2179,4,2017-01-01,2017-03-01
2116,2173,4,2017-01-01,2017-03-01
2154,2173,4,2017-01-01,2017-03-01
2110,2173,4,2017-01-01,2017-03-01
2291,2300,4,2017-01-01,2017-03-01
2436,2492,4,2017-01-01,2017-03-01
2534,2551,4,2017-01-01,2017-03-01
2932,2935,4,2017-01-01,2017-03-01
3204,3209,4,2017-01-01,2017-03-01
212,606,4,2017-01-01,2017-03-01
3447,3475,4,2017-01-01,2017-03-01
3411,3444,4,2017-01-01,2017-03-01
369,2681,4,2017-01-01,2017-03-01
3839,3867,4,2017-01-01,2017-03-01
247,2175,4,2017-01-01,2017-03-01
281,3198,4,2017-01-01,2017-03-01
610,2545,4,2017-01-01,2017-03-01
960,1376,4,2017-01-01,2017-03-01
2236,3577,4,2017-01-01,2017-03-01
4405,4409,4,2017-01-01,2017-03-01
4452,4496,4,2017-01-01,2017-03-01
2498,3603,4,2017-01-01,2017-03-01
4617,4628,4,2017-01-01,2017-03-01
1465,2783,4,2017-01-01,2017-03-01
2769,2972,4,2017-01-01,2017-03-01
2509,4607,4,2017-01-01,2017-03-01
2509,4690,4,2017-01-01,2017-03-01
915,4364,4,2017-01-01,2017-03-01
1464,4013,4,2017-01-01,2017-03-01
5126,5198,4,2017-01-01,2017-03-01
5119,5161,4,2017-01-01,2017-03-01
5170,5182,4,2017-01-01,2017-03-01
2236,2965,4,2017-01-01,2017-03-01
3571,3639,4,2017-01-01,2017-03-01
1321,2407,4,2017-01-01,2017-03-01
1321,2222,4,2017-01-01,2017-03-01
2928,3635,4,2017-01-01,2017-03-01
2295,3679,4,2017-01-01,2017-03-01
522,578,4,2017-01-01,2017-03-01
602,673,4,2017-01-01,2017-03-01
618,694,4,2017-01-01,2017-03-01
687,699,4,2017-01-01,2017-03-01
832,888,4,2017-01-01,2017-03-01
940,967,4,2017-01-01,2017-03-01
947,965,4,2017-01-01,2017-03-01
364,1051,4,2017-01-01,2017-03-01
804,894,4,2017-01-01,2017-03-01
324,1044,4,2017-01-01,2017-03-01
328,1073,4,2017-01-01,2017-03-01
313,1023,4,2017-01-01,2017-03-01
364,768,4,2017-01-01,2017-03-01
364,762,4,2017-01-01,2017-03-01
746,1029,4,2017-01-01,2017-03-01
355,792,4,2017-01-01,2017-03-01
1652,1677,4,2017-01-01,2017-03-01
1904,1967,4,2017-01-01,2017-03-01
1938,1987,4,2017-01-01,2017-03-01
1913,1997,4,2017-01-01,2017-03-01
2130,2179,4,2017-01-01,2017-03-01
2162,2168,4,2017-01-01,2017-03-01
2155,2189,4,2017-01-01,2017-03-01
2173,2190,4,2017-01-01,2017-03-01
2114,2188,4,2017-01-01,2017-03-01
2129,2163,4,2017-01-01,2017-03-01
2177,2198,4,2017-01-01,2017-03-01
2261,2281,4,2017-01-01,2017-03-01
2228,2274,4,2017-01-01,2017-03-01
2258,2274,4,2017-01-01,2017-03-01
2410,2447,4,2017-01-01,2017-03-01
2469,2500,4,2017-01-01,2017-03-01
3151,3172,4,2017-01-01,2017-03-01
3135,3177,4,2017-01-01,2017-03-01
645,3104,4,2017-01-01,2017-03-01
1228,1544,4,2017-01-01,2017-03-01
1247,1576,4,2017-01-01,2017-03-01
3579,3600,4,2017-01-01,2017-03-01
3739,3776,4,2017-01-01,2017-03-01
3906,3908,4,2017-01-01,2017-03-01
4010,4061,4,2017-01-01,2017-03-01
603,2197,4,2017-01-01,2017-03-01
247,2197,4,2017-01-01,2017-03-01
1693,3104,4,2017-01-01,2017-03-01
641,3439,4,2017-01-01,2017-03-01
968,1362,4,2017-01-01,2017-03-01
266,3913,4,2017-01-01,2017-03-01
4405,4469,4,2017-01-01,2017-03-01
4405,4466,4,2017-01-01,2017-03-01
4084,4331,4,2017-01-01,2017-03-01
1432,2857,4,2017-01-01,2017-03-01
1484,4011,4,2017-01-01,2017-03-01
1337,4025,4,2017-01-01,2017-03-01
2789,4066,4,2017-01-01,2017-03-01
2759,4025,4,2017-01-01,2017-03-01
2963,3509,4,2017-01-01,2017-03-01
2977,3654,4,2017-01-01,2017-03-01
219,284,4,2017-01-01,2017-03-01
1240,1288,4,2017-01-01,2017-03-01
1220,1240,4,2017-01-01,2017-03-01
1414,1463,4,2017-01-01,2017-03-01
215,243,4,2017-01-01,2017-03-01
330,1026,4,2017-01-01,2017-03-01
330,1007,4,2017-01-01,2017-03-01
362,1035,4,2017-01-01,2017-03-01
382,758,4,2017-01-01,2017-03-01
385,773,4,2017-01-01,2017-03-01
786,1035,4,2017-01-01,2017-03-01
334,760,4,2017-01-01,2017-03-01
1937,1989,4,2017-01-01,2017-03-01
1957,1999,4,2017-01-01,2017-03-01
2140,2145,4,2017-01-01,2017-03-01
2160,2162,4,2017-01-01,2017-03-01
2120,2173,4,2017-01-01,2017-03-01
2163,2168,4,2017-01-01,2017-03-01
2114,2173,4,2017-01-01,2017-03-01
2107,2181,4,2017-01-01,2017-03-01
2211,2231,4,2017-01-01,2017-03-01
2225,2264,4,2017-01-01,2017-03-01
2268,2281,4,2017-01-01,2017-03-01
2241,2247,4,2017-01-01,2017-03-01
2436,2484,4,2017-01-01,2017-03-01
2505,2536,4,2017-01-01,2017-03-01
3151,3155,4,2017-01-01,2017-03-01
3203,3204,4,2017-01-01,2017-03-01
3461,3479,4,2017-01-01,2017-03-01
1569,2697,4,2017-01-01,2017-03-01
3807,3822,4,2017-01-01,2017-03-01
3913,3980,4,2017-01-01,2017-03-01
4009,4037,4,2017-01-01,2017-03-01
292,3182,4,2017-01-01,2017-03-01
244,3188,4,2017-01-01,2017-03-01
443,1693,4,2017-01-01,2017-03-01
248,2510,4,2017-01-01,2017-03-01
2560,3123,4,2017-01-01,2017-03-01
1569,3904,4,2017-01-01,2017-03-01
2299,3548,4,2017-01-01,2017-03-01
3155,3451,4,2017-01-01,2017-03-01
2554,3162,4,2017-01-01,2017-03-01
4318,4329,4,2017-01-01,2017-03-01
4318,4359,4,2017-01-01,2017-03-01
4358,4366,4,2017-01-01,2017-03-01
1394,2959,4,2017-01-01,2017-03-01
951,1367,4,2017-01-01,2017-03-01
975,2906,4,2017-01-01,2017-03-01
1337,2906,4,2017-01-01,2017-03-01
2284,3563,4,2017-01-01,2017-03-01
4417,4475,4,2017-01-01,2017-03-01
4460,4484,4,2017-01-01,2017-03-01
2315,3681,4,2017-01-01,2017-03-01
2315,3648,4,2017-01-01,2017-03-01
2498,3671,4,2017-01-01,2017-03-01
1696,2758,4,2017-01-01,2017-03-01
2789,4388,4,2017-01-01,2017-03-01
2759,4017,4,2017-01-01,2017-03-01
2939,4395,4,2017-01-01,2017-03-01
946,3698,4,2017-01-01,2017-03-01
2223,3603,4,2017-01-01,2017-03-01
1321,3547,4,2017-01-01,2017-03-01
658,670,4,2017-01-01,2017-03-01
849,895,4,2017-01-01,2017-03-01
1145,1163,4,2017-01-01,2017-03-01
1145,1167,4,2017-01-01,2017-03-01
382,1045,4,2017-01-01,2017-03-01
1430,1472,4,2017-01-01,2017-03-01
508,522,4,2017-01-01,2017-03-01
355,764,4,2017-01-01,2017-03-01
1829,1888,4,2017-01-01,2017-03-01
1966,1974,4,2017-01-01,2017-03-01
1988,1989,4,2017-01-01,2017-03-01
2126,2187,4,2017-01-01,2017-03-01
2130,2182,4,2017-01-01,2017-03-01
2111,2165,4,2017-01-01,2017-03-01
2114,2129,4,2017-01-01,2017-03-01
2148,2173,4,2017-01-01,2017-03-01
2134,2163,4,2017-01-01,2017-03-01
2116,2136,4,2017-01-01,2017-03-01
2281,2300,4,2017-01-01,2017-03-01
2260,2282,4,2017-01-01,2017-03-01
2447,2492,4,2017-01-01,2017-03-01
2403,2491,4,2017-01-01,2017-03-01
2413,2436,4,2017-01-01,2017-03-01
2594,2596,4,2017-01-01,2017-03-01
3049,3063,4,2017-01-01,2017-03-01
416,1240,4,2017-01-01,2017-03-01
3155,3198,4,2017-01-01,2017-03-01
3159,3174,4,2017-01-01,2017-03-01
3311,3349,4,2017-01-01,2017-03-01
283,3145,4,2017-01-01,2017-03-01
234,646,4,2017-01-01,2017-03-01
1066,1598,4,2017-01-01,2017-03-01
3553,3600,4,2017-01-01,2017-03-01
3556,3579,4,2017-01-01,2017-03-01
662,3119,4,2017-01-01,2017-03-01
760,3461,4,2017-01-01,2017-03-01
1095,3414,4,2017-01-01,2017-03-01
3824,3871,4,2017-01-01,2017-03-01
3805,3806,4,2017-01-01,2017-03-01
272,3198,4,2017-01-01,2017-03-01
247,679,4,2017-01-01,2017-03-01
2183,3151,4,2017-01-01,2017-03-01
244,603,4,2017-01-01,2017-03-01
690,3122,4,2017-01-01,2017-03-01
281,3151,4,2017-01-01,2017-03-01
281,3193,4,2017-01-01,2017-03-01
679,3198,4,2017-01-01,2017-03-01
1884,2728,4,2017-01-01,2017-03-01
650,1300,4,2017-01-01,2017-03-01
650,2573,4,2017-01-01,2017-03-01
965,1378,4,2017-01-01,2017-03-01
4317,4351,4,2017-01-01,2017-03-01
901,2959,4,2017-01-01,2017-03-01
4464,4493,4,2017-01-01,2017-03-01
4452,4469,4,2017-01-01,2017-03-01
141,3675,4,2017-01-01,2017-03-01
2407,3648,4,2017-01-01,2017-03-01
4615,4633,4,2017-01-01,2017-03-01
4608,4615,4,2017-01-01,2017-03-01
4614,4645,4,2017-01-01,2017-03-01
1422,2867,4,2017-01-01,2017-03-01
940,1288,4,2017-01-01,2017-03-01
1659,4632,4,2017-01-01,2017-03-01
1371,4083,4,2017-01-01,2017-03-01
930,4011,4,2017-01-01,2017-03-01
407,4399,4,2017-01-01,2017-03-01
2255,2924,4,2017-01-01,2017-03-01
141,1398,4,2017-01-01,2017-03-01
570,585,4,2017-01-01,2017-03-01
881,899,4,2017-01-01,2017-03-01
907,940,4,2017-01-01,2017-03-01
1167,1186,4,2017-01-01,2017-03-01
1212,1271,4,2017-01-01,2017-03-01
376,1029,4,2017-01-01,2017-03-01
351,1205,4,2017-01-01,2017-03-01
354,739,4,2017-01-01,2017-03-01
724,1013,4,2017-01-01,2017-03-01
392,724,4,2017-01-01,2017-03-01
334,759,4,2017-01-01,2017-03-01
334,752,4,2017-01-01,2017-03-01
1603,1617,4,2017-01-01,2017-03-01
1946,1992,4,2017-01-01,2017-03-01
1938,1974,4,2017-01-01,2017-03-01
2115,2119,4,2017-01-01,2017-03-01
2142,2162,4,2017-01-01,2017-03-01
2120,2190,4,2017-01-01,2017-03-01
2130,2137,4,2017-01-01,2017-03-01
2109,2148,4,2017-01-01,2017-03-01
2141,2148,4,2017-01-01,2017-03-01
2107,2165,4,2017-01-01,2017-03-01
2136,2169,4,2017-01-01,2017-03-01
2206,2241,4,2017-01-01,2017-03-01
2249,2282,4,2017-01-01,2017-03-01
2406,2462,4,2017-01-01,2017-03-01
299,670,4,2017-01-01,2017-03-01
3424,3492,4,2017-01-01,2017-03-01
3461,3463,4,2017-01-01,2017-03-01
3504,3532,4,2017-01-01,2017-03-01
618,2130,4,2017-01-01,2017-03-01
3635,3645,4,2017-01-01,2017-03-01
3706,3787,4,2017-01-01,2017-03-01
3906,3941,4,2017-01-01,2017-03-01
3902,3932,4,2017-01-01,2017-03-01
4043,4082,4,2017-01-01,2017-03-01
4017,4029,4,2017-01-01,2017-03-01
679,3122,4,2017-01-01,2017-03-01
221,3167,4,2017-01-01,2017-03-01
1865,2792,4,2017-01-01,2017-03-01
205,2539,4,2017-01-01,2017-03-01
248,2539,4,2017-01-01,2017-03-01
610,2568,4,2017-01-01,2017-03-01
275,2539,4,2017-01-01,2017-03-01
1602,2897,4,2017-01-01,2017-03-01
4322,4396,4,2017-01-01,2017-03-01
4351,4357,4,2017-01-01,2017-03-01
4345,4398,4,2017-01-01,2017-03-01
913,1310,4,2017-01-01,2017-03-01
975,2968,4,2017-01-01,2017-03-01
961,1323,4,2017-01-01,2017-03-01
2334,3678,4,2017-01-01,2017-03-01
4645,4656,4,2017-01-01,2017-03-01
4657,4670,4,2017-01-01,2017-03-01
1422,2759,4,2017-01-01,2017-03-01
407,1444,4,2017-01-01,2017-03-01
1465,2759,4,2017-01-01,2017-03-01
1074,1666,4,2017-01-01,2017-03-01
905,2802,4,2017-01-01,2017-03-01
1248,1369,4,2017-01-01,2017-03-01
2743,2992,4,2017-01-01,2017-03-01
2969,4080,4,2017-01-01,2017-03-01
1666,4016,4,2017-01-01,2017-03-01
1464,4373,4,2017-01-01,2017-03-01
1482,4053,4,2017-01-01,2017-03-01
1358,2263,4,2017-01-01,2017-03-01
2335,2901,4,2017-01-01,2017-03-01
977,2928,4,2017-01-01,2017-03-01
977,2977,4,2017-01-01,2017-03-01
941,2222,4,2017-01-01,2017-03-01
2405,2951,4,2017-01-01,2017-03-01
2263,3654,4,2017-01-01,2017-03-01
3571,3678,4,2017-01-01,2017-03-01
2928,3654,4,2017-01-01,2017-03-01
141,2236,4,2017-01-01,2017-03-01
337,365,4,2017-01-01,2017-03-01
659,698,4,2017-01-01,2017-03-01
813,888,4,2017-01-01,2017-03-01
804,849,4,2017-01-01,2017-03-01
832,884,4,2017-01-01,2017-03-01
376,1057,4,2017-01-01,2017-03-01
382,1072,4,2017-01-01,2017-03-01
392,1026,4,2017-01-01,2017-03-01
395,740,4,2017-01-01,2017-03-01
392,772,4,2017-01-01,2017-03-01
1816,1868,4,2017-01-01,2017-03-01
1960,1987,4,2017-01-01,2017-03-01
1914,1957,4,2017-01-01,2017-03-01
1962,1967,4,2017-01-01,2017-03-01
2131,2141,4,2017-01-01,2017-03-01
2131,2135,4,2017-01-01,2017-03-01
2179,2182,4,2017-01-01,2017-03-01
2115,2187,4,2017-01-01,2017-03-01
2142,2154,4,2017-01-01,2017-03-01
2160,2187,4,2017-01-01,2017-03-01
2126,2179,4,2017-01-01,2017-03-01
2162,2188,4,2017-01-01,2017-03-01
2137,2158,4,2017-01-01,2017-03-01
2107,2168,4,2017-01-01,2017-03-01
2206,2290,4,2017-01-01,2017-03-01
2234,2238,4,2017-01-01,2017-03-01
2403,2428,4,2017-01-01,2017-03-01
2554,2563,4,2017-01-01,2017-03-01
2510,2554,4,2017-01-01,2017-03-01
2746,2770,4,2017-01-01,2017-03-01
204,613,4,2017-01-01,2017-03-01
1024,2668,4,2017-01-01,2017-03-01
3518,3524,4,2017-01-01,2017-03-01
3805,3839,4,2017-01-01,2017-03-01
3974,3978,4,2017-01-01,2017-03-01
4012,4075,4,2017-01-01,2017-03-01
4007,4009,4,2017-01-01,2017-03-01
289,2152,4,2017-01-01,2017-03-01
281,690,4,2017-01-01,2017-03-01
221,3193,4,2017-01-01,2017-03-01
2568,3123,4,2017-01-01,2017-03-01
275,2600,4,2017-01-01,2017-03-01
314,3955,4,2017-01-01,2017-03-01
2298,3532,4,2017-01-01,2017-03-01
456,2017,4,2017-01-01,2017-03-01
4335,4366,4,2017-01-01,2017-03-01
4316,4387,4,2017-01-01,2017-03-01
1391,2941,4,2017-01-01,2017-03-01
2293,3510,4,2017-01-01,2017-03-01
4423,4484,4,2017-01-01,2017-03-01
4409,4452,4,2017-01-01,2017-03-01
4646,4673,4,2017-01-01,2017-03-01
4650,4677,4,2017-01-01,2017-03-01
4655,4673,4,2017-01-01,2017-03-01
4680,4686,4,2017-01-01,2017-03-01
437,1696,4,2017-01-01,2017-03-01
2802,2988,4,2017-01-01,2017-03-01
446,4696,4,2017-01-01,2017-03-01
1314,4066,4,2017-01-01,2017-03-01
1464,4011,4,2017-01-01,2017-03-01
975,4012,4,2017-01-01,2017-03-01
407,4388,4,2017-01-01,2017-03-01
1387,3571,4,2017-01-01,2017-03-01
977,2263,4,2017-01-01,2017-03-01
670,681,4,2017-01-01,2017-03-01
735,745,4,2017-01-01,2017-03-01
804,832,4,2017-01-01,2017-03-01
862,881,4,2017-01-01,2017-03-01
1145,1186,4,2017-01-01,2017-03-01
1163,1186,4,2017-01-01,2017-03-01
360,1045,4,2017-01-01,2017-03-01
1220,1268,4,2017-01-01,2017-03-01
315,1057,4,2017-01-01,2017-03-01
328,1002,4,2017-01-01,2017-03-01
313,1001,4,2017-01-01,2017-03-01
331,1293,4,2017-01-01,2017-03-01
1532,1539,4,2017-01-01,2017-03-01
1941,1987,4,2017-01-01,2017-03-01
2124,2142,4,2017-01-01,2017-03-01
2158,2179,4,2017-01-01,2017-03-01
2135,2182,4,2017-01-01,2017-03-01
2111,2169,4,2017-01-01,2017-03-01
2109,2162,4,2017-01-01,2017-03-01
2165,2190,4,2017-01-01,2017-03-01
2122,2140,4,2017-01-01,2017-03-01
2163,2189,4,2017-01-01,2017-03-01
2145,2173,4,2017-01-01,2017-03-01
2169,2189,4,2017-01-01,2017-03-01
2225,2268,4,2017-01-01,2017-03-01
2249,2272,4,2017-01-01,2017-03-01
2551,2584,4,2017-01-01,2017-03-01
3104,3186,4,2017-01-01,2017-03-01
3154,3159,4,2017-01-01,2017-03-01
645,3112,4,2017-01-01,2017-03-01
271,3116,4,2017-01-01,2017-03-01
3401,3486,4,2017-01-01,2017-03-01
3421,3447,4,2017-01-01,2017-03-01
3476,3490,4,2017-01-01,2017-03-01
1269,2697,4,2017-01-01,2017-03-01
1223,2667,4,2017-01-01,2017-03-01
3524,3565,4,2017-01-01,2017-03-01
751,3414,4,2017-01-01,2017-03-01
3933,3978,4,2017-01-01,2017-03-01
289,3122,4,2017-01-01,2017-03-01
281,3167,4,2017-01-01,2017-03-01
4171,4197,4,2017-01-01,2017-03-01
275,443,4,2017-01-01,2017-03-01
255,2563,4,2017-01-01,2017-03-01
1005,3149,4,2017-01-01,2017-03-01
1692,2560,4,2017-01-01,2017-03-01
4324,4394,4,2017-01-01,2017-03-01
4361,4396,4,2017-01-01,2017-03-01
994,1371,4,2017-01-01,2017-03-01
2293,3563,4,2017-01-01,2017-03-01
4429,4466,4,2017-01-01,2017-03-01
2325,3671,4,2017-01-01,2017-03-01
3839,4522,4,2017-01-01,2017-03-01
4611,4646,4,2017-01-01,2017-03-01
4668,4674,4,2017-01-01,2017-03-01
4632,4633,4,2017-01-01,2017-03-01
4620,4650,4,2017-01-01,2017-03-01
1439,1666,4,2017-01-01,2017-03-01
1074,1422,4,2017-01-01,2017-03-01
1837,2912,4,2017-01-01,2017-03-01
1464,4053,4,2017-01-01,2017-03-01
2325,2932,4,2017-01-01,2017-03-01
2279,3698,4,2017-01-01,2017-03-01
2279,3681,4,2017-01-01,2017-03-01
1313,3547,4,2017-01-01,2017-03-01
1343,2951,4,2017-01-01,2017-03-01
673,696,4,2017-01-01,2017-03-01
659,680,4,2017-01-01,2017-03-01
609,641,4,2017-01-01,2017-03-01
611,698,4,2017-01-01,2017-03-01
812,851,4,2017-01-01,2017-03-01
354,1038,4,2017-01-01,2017-03-01
1287,1293,4,2017-01-01,2017-03-01
1427,1481,4,2017-01-01,2017-03-01
368,1025,4,2017-01-01,2017-03-01
709,1056,4,2017-01-01,2017-03-01
750,1043,4,2017-01-01,2017-03-01
1616,1636,4,2017-01-01,2017-03-01
1823,1897,4,2017-01-01,2017-03-01
1807,1848,4,2017-01-01,2017-03-01
1956,1966,4,2017-01-01,2017-03-01
1957,1992,4,2017-01-01,2017-03-01
1975,1984,4,2017-01-01,2017-03-01
2115,2182,4,2017-01-01,2017-03-01
2124,2169,4,2017-01-01,2017-03-01
2163,2181,4,2017-01-01,2017-03-01
2114,2181,4,2017-01-01,2017-03-01
2145,2188,4,2017-01-01,2017-03-01
2136,2148,4,2017-01-01,2017-03-01
2201,2250,4,2017-01-01,2017-03-01
2247,2268,4,2017-01-01,2017-03-01
2207,2262,4,2017-01-01,2017-03-01
2425,2430,4,2017-01-01,2017-03-01
2430,2492,4,2017-01-01,2017-03-01
3041,3077,4,2017-01-01,2017-03-01
293,670,4,2017-01-01,2017-03-01
368,3421,4,2017-01-01,2017-03-01
772,3475,4,2017-01-01,2017-03-01
3719,3794,4,2017-01-01,2017-03-01
3913,3933,4,2017-01-01,2017-03-01
3902,3994,4,2017-01-01,2017-03-01
4061,4092,4,2017-01-01,2017-03-01
4034,4046,4,2017-01-01,2017-03-01
603,2183,4,2017-01-01,2017-03-01
281,2175,4,2017-01-01,2017-03-01
1458,1865,4,2017-01-01,2017-03-01
1693,2522,4,2017-01-01,2017-03-01
274,2586,4,2017-01-01,2017-03-01
255,2522,4,2017-01-01,2017-03-01
231,2801,4,2017-01-01,2017-03-01
994,2941,4,2017-01-01,2017-03-01
2295,3577,4,2017-01-01,2017-03-01
4473,4491,4,2017-01-01,2017-03-01
4403,4429,4,2017-01-01,2017-03-01
4022,4321,4,2017-01-01,2017-03-01
4633,4650,4,2017-01-01,2017-03-01
4643,4650,4,2017-01-01,2017-03-01
1422,2789,4,2017-01-01,2017-03-01
940,2802,4,2017-01-01,2017-03-01
437,933,4,2017-01-01,2017-03-01
993,1288,4,2017-01-01,2017-03-01
2509,4682,4,2017-01-01,2017-03-01
2867,4399,4,2017-01-01,2017-03-01
1484,4080,4,2017-01-01,2017-03-01
1314,4080,4,2017-01-01,2017-03-01
2789,4339,4,2017-01-01,2017-03-01
2783,4388,4,2017-01-01,2017-03-01
1347,2236,4,2017-01-01,2017-03-01
972,3547,4,2017-01-01,2017-03-01
1330,2977,4,2017-01-01,2017-03-01
1384,2935,4,2017-01-01,2017-03-01
2901,3547,4,2017-01-01,2017-03-01
266,280,4,2017-01-01,2017-03-01
339,375,4,2017-01-01,2017-03-01
629,643,4,2017-01-01,2017-03-01
611,681,4,2017-01-01,2017-03-01
805,859,4,2017-01-01,2017-03-01
812,845,4,2017-01-01,2017-03-01
1019,1086,4,2017-01-01,2017-03-01
1250,1299,4,2017-01-01,2017-03-01
1405,1481,4,2017-01-01,2017-03-01
1413,1447,4,2017-01-01,2017-03-01
1442,1481,4,2017-01-01,2017-03-01
622,698,4,2017-01-01,2017-03-01
395,1025,4,2017-01-01,2017-03-01
351,1208,4,2017-01-01,2017-03-01
366,768,4,2017-01-01,2017-03-01
764,1023,4,2017-01-01,2017-03-01
1816,1891,4,2017-01-01,2017-03-01
1828,1830,4,2017-01-01,2017-03-01
2043,2093,4,2017-01-01,2017-03-01
2126,2129,4,2017-01-01,2017-03-01
2158,2169,4,2017-01-01,2017-03-01
2114,2131,4,2017-01-01,2017-03-01
2148,2190,4,2017-01-01,2017-03-01
2260,2268,4,2017-01-01,2017-03-01
2410,2460,4,2017-01-01,2017-03-01
2438,2478,4,2017-01-01,2017-03-01
2603,2650,4,2017-01-01,2017-03-01
2932,2996,4,2017-01-01,2017-03-01
369,1506,4,2017-01-01,2017-03-01
4011,4078,4,2017-01-01,2017-03-01
4035,4053,4,2017-01-01,2017-03-01
4034,4092,4,2017-01-01,2017-03-01
289,609,4,2017-01-01,2017-03-01
690,3151,4,2017-01-01,2017-03-01
2245,3532,4,2017-01-01,2017-03-01
913,2939,4,2017-01-01,2017-03-01
975,1370,4,2017-01-01,2017-03-01
2236,3547,4,2017-01-01,2017-03-01
2284,3578,4,2017-01-01,2017-03-01
4429,4469,4,2017-01-01,2017-03-01
2335,2441,4,2017-01-01,2017-03-01
4611,4655,4,2017-01-01,2017-03-01
1422,2776,4,2017-01-01,2017-03-01
1666,2758,4,2017-01-01,2017-03-01
1844,2511,4,2017-01-01,2017-03-01
1439,2759,4,2017-01-01,2017-03-01
2912,3046,4,2017-01-01,2017-03-01
975,4339,4,2017-01-01,2017-03-01
2939,4316,4,2017-01-01,2017-03-01
2511,4080,4,2017-01-01,2017-03-01
5313,5333,4,2017-01-01,2017-03-01
912,2325,4,2017-01-01,2017-03-01
1330,2467,4,2017-01-01,2017-03-01
2437,2910,4,2017-01-01,2017-03-01
3571,3675,4,2017-01-01,2017-03-01
1398,2935,4,2017-01-01,2017-03-01
878,889,4,2017-01-01,2017-03-01
850,859,4,2017-01-01,2017-03-01
843,894,4,2017-01-01,2017-03-01
845,862,4,2017-01-01,2017-03-01
1156,1167,4,2017-01-01,2017-03-01
360,1051,4,2017-01-01,2017-03-01
638,692,4,2017-01-01,2017-03-01
708,717,4,2017-01-01,2017-03-01
366,1073,4,2017-01-01,2017-03-01
341,1043,4,2017-01-01,2017-03-01
360,772,4,2017-01-01,2017-03-01
771,1013,4,2017-01-01,2017-03-01
1807,1877,4,2017-01-01,2017-03-01
1904,1962,4,2017-01-01,2017-03-01
1920,1945,4,2017-01-01,2017-03-01
1937,1956,4,2017-01-01,2017-03-01
1903,1986,4,2017-01-01,2017-03-01
2074,2093,4,2017-01-01,2017-03-01
2144,2189,4,2017-01-01,2017-03-01
2115,2144,4,2017-01-01,2017-03-01
2160,2168,4,2017-01-01,2017-03-01
2124,2160,4,2017-01-01,2017-03-01
2126,2131,4,2017-01-01,2017-03-01
2119,2162,4,2017-01-01,2017-03-01
2114,2165,4,2017-01-01,2017-03-01
2201,2204,4,2017-01-01,2017-03-01
2204,2209,4,2017-01-01,2017-03-01
2225,2249,4,2017-01-01,2017-03-01
2207,2264,4,2017-01-01,2017-03-01
2822,2830,4,2017-01-01,2017-03-01
3367,3396,4,2017-01-01,2017-03-01
693,3178,4,2017-01-01,2017-03-01
1576,2697,4,2017-01-01,2017-03-01
364,3405,4,2017-01-01,2017-03-01
763,3436,4,2017-01-01,2017-03-01
3739,3787,4,2017-01-01,2017-03-01
3702,3717,4,2017-01-01,2017-03-01
3902,3929,4,2017-01-01,2017-03-01
2183,3198,4,2017-01-01,2017-03-01
690,3114,4,2017-01-01,2017-03-01
1458,2793,4,2017-01-01,2017-03-01
1498,1853,4,2017-01-01,2017-03-01
1587,3930,4,2017-01-01,2017-03-01
1293,2545,4,2017-01-01,2017-03-01
154,493,4,2017-01-01,2017-03-01
456,3019,4,2017-01-01,2017-03-01
4339,4371,4,2017-01-01,2017-03-01
975,1369,4,2017-01-01,2017-03-01
4059,4362,4,2017-01-01,2017-03-01
4409,4411,4,2017-01-01,2017-03-01
2325,2441,4,2017-01-01,2017-03-01
4084,4377,4,2017-01-01,2017-03-01
2754,2992,4,2017-01-01,2017-03-01
945,2802,4,2017-01-01,2017-03-01
2867,4042,4,2017-01-01,2017-03-01
1666,4316,4,2017-01-01,2017-03-01
2655,3561,4,2017-01-01,2017-03-01
1387,3578,4,2017-01-01,2017-03-01
1358,2901,4,2017-01-01,2017-03-01
2279,2405,4,2017-01-01,2017-03-01
2405,3540,4,2017-01-01,2017-03-01
988,2910,4,2017-01-01,2017-03-01
1321,2910,4,2017-01-01,2017-03-01
20,22,4,2017-01-01,2017-03-01
556,563,4,2017-01-01,2017-03-01
641,690,4,2017-01-01,2017-03-01
645,659,4,2017-01-01,2017-03-01
1014,1063,4,2017-01-01,2017-03-01
1086,1098,4,2017-01-01,2017-03-01
381,1023,4,2017-01-01,2017-03-01
305,1045,4,2017-01-01,2017-03-01
366,1007,4,2017-01-01,2017-03-01
392,1021,4,2017-01-01,2017-03-01
706,1031,4,2017-01-01,2017-03-01
360,752,4,2017-01-01,2017-03-01
727,1025,4,2017-01-01,2017-03-01
355,762,4,2017-01-01,2017-03-01
1625,1635,4,2017-01-01,2017-03-01
1967,1974,4,2017-01-01,2017-03-01
1987,1990,4,2017-01-01,2017-03-01
2165,2187,4,2017-01-01,2017-03-01
2112,2146,4,2017-01-01,2017-03-01
2209,2234,4,2017-01-01,2017-03-01
2226,2291,4,2017-01-01,2017-03-01
2229,2277,4,2017-01-01,2017-03-01
2246,2277,4,2017-01-01,2017-03-01
2501,2556,4,2017-01-01,2017-03-01
2709,2781,4,2017-01-01,2017-03-01
3077,3087,4,2017-01-01,2017-03-01
650,3192,4,2017-01-01,2017-03-01
230,638,4,2017-01-01,2017-03-01
693,3107,4,2017-01-01,2017-03-01
3411,3438,4,2017-01-01,2017-03-01
3441,3468,4,2017-01-01,2017-03-01
1228,1561,4,2017-01-01,2017-03-01
3645,3679,4,2017-01-01,2017-03-01
763,3475,4,2017-01-01,2017-03-01
3945,3967,4,2017-01-01,2017-03-01
3902,3921,4,2017-01-01,2017-03-01
4029,4059,4,2017-01-01,2017-03-01
4016,4090,4,2017-01-01,2017-03-01
215,2510,4,2017-01-01,2017-03-01
622,2525,4,2017-01-01,2017-03-01
1645,2560,4,2017-01-01,2017-03-01
2243,3548,4,2017-01-01,2017-03-01
2862,3039,4,2017-01-01,2017-03-01
493,3039,4,2017-01-01,2017-03-01
4359,4379,4,2017-01-01,2017-03-01
298,2176,4,2017-01-01,2017-03-01
4452,4473,4,2017-01-01,2017-03-01
4630,4645,4,2017-01-01,2017-03-01
4617,4618,4,2017-01-01,2017-03-01
1465,1844,4,2017-01-01,2017-03-01
1465,1696,4,2017-01-01,2017-03-01
1432,1696,4,2017-01-01,2017-03-01
1818,2816,4,2017-01-01,2017-03-01
962,2769,4,2017-01-01,2017-03-01
1659,4677,4,2017-01-01,2017-03-01
5313,5370,4,2017-01-01,2017-03-01
1387,2901,4,2017-01-01,2017-03-01
2222,2427,4,2017-01-01,2017-03-01
1330,2458,4,2017-01-01,2017-03-01
3578,3635,4,2017-01-01,2017-03-01
2407,3578,4,2017-01-01,2017-03-01
1398,2279,4,2017-01-01,2017-03-01
646,659,4,2017-01-01,2017-03-01
1111,1180,4,2017-01-01,2017-03-01
1134,1157,4,2017-01-01,2017-03-01
1201,1214,4,2017-01-01,2017-03-01
601,670,4,2017-01-01,2017-03-01
708,782,4,2017-01-01,2017-03-01
385,750,4,2017-01-01,2017-03-01
709,1013,4,2017-01-01,2017-03-01
739,1031,4,2017-01-01,2017-03-01
760,1031,4,2017-01-01,2017-03-01
334,746,4,2017-01-01,2017-03-01
1971,1999,4,2017-01-01,2017-03-01
1911,1970,4,2017-01-01,2017-03-01
1941,1997,4,2017-01-01,2017-03-01
1917,1967,4,2017-01-01,2017-03-01
2137,2173,4,2017-01-01,2017-03-01
2134,2185,4,2017-01-01,2017-03-01
2145,2165,4,2017-01-01,2017-03-01
2156,2195,4,2017-01-01,2017-03-01
2202,2292,4,2017-01-01,2017-03-01
2231,2234,4,2017-01-01,2017-03-01
2211,2292,4,2017-01-01,2017-03-01
2235,2262,4,2017-01-01,2017-03-01
2447,2460,4,2017-01-01,2017-03-01
2452,2496,4,2017-01-01,2017-03-01
2462,2484,4,2017-01-01,2017-03-01
2515,2527,4,2017-01-01,2017-03-01
3024,3063,4,2017-01-01,2017-03-01
3005,3019,4,2017-01-01,2017-03-01
3230,3285,4,2017-01-01,2017-03-01
3203,3209,4,2017-01-01,2017-03-01
650,3157,4,2017-01-01,2017-03-01
294,3178,4,2017-01-01,2017-03-01
3532,3579,4,2017-01-01,2017-03-01
746,3471,4,2017-01-01,2017-03-01
701,3491,4,2017-01-01,2017-03-01
3756,3791,4,2017-01-01,2017-03-01
3702,3739,4,2017-01-01,2017-03-01
3702,3756,4,2017-01-01,2017-03-01
3717,3775,4,2017-01-01,2017-03-01
4012,4088,4,2017-01-01,2017-03-01
295,3122,4,2017-01-01,2017-03-01
295,3114,4,2017-01-01,2017-03-01
295,3151,4,2017-01-01,2017-03-01
2197,3114,4,2017-01-01,2017-03-01
286,2183,4,2017-01-01,2017-03-01
610,1300,4,2017-01-01,2017-03-01
255,2521,4,2017-01-01,2017-03-01
692,1082,4,2017-01-01,2017-03-01
1287,3930,4,2017-01-01,2017-03-01
1506,3955,4,2017-01-01,2017-03-01
2017,2870,4,2017-01-01,2017-03-01
154,2862,4,2017-01-01,2017-03-01
1693,2514,4,2017-01-01,2017-03-01
811,3752,4,2017-01-01,2017-03-01
4467,4473,4,2017-01-01,2017-03-01
2334,3624,4,2017-01-01,2017-03-01
4084,4321,4,2017-01-01,2017-03-01
3871,4556,4,2017-01-01,2017-03-01
4672,4680,4,2017-01-01,2017-03-01
4620,4680,4,2017-01-01,2017-03-01
1484,4017,4,2017-01-01,2017-03-01
2939,4388,4,2017-01-01,2017-03-01
2458,2924,4,2017-01-01,2017-03-01
946,1343,4,2017-01-01,2017-03-01
2467,3547,4,2017-01-01,2017-03-01
2325,2910,4,2017-01-01,2017-03-01
2221,2932,4,2017-01-01,2017-03-01
920,3654,4,2017-01-01,2017-03-01
1330,3635,4,2017-01-01,2017-03-01
988,3678,4,2017-01-01,2017-03-01
2212,3679,4,2017-01-01,2017-03-01
2263,3635,4,2017-01-01,2017-03-01
2935,3537,4,2017-01-01,2017-03-01
1398,2223,4,2017-01-01,2017-03-01
232,274,4,2017-01-01,2017-03-01
427,443,4,2017-01-01,2017-03-01
677,698,4,2017-01-01,2017-03-01
722,789,4,2017-01-01,2017-03-01
812,894,4,2017-01-01,2017-03-01
812,881,4,2017-01-01,2017-03-01
843,884,4,2017-01-01,2017-03-01
916,937,4,2017-01-01,2017-03-01
918,945,4,2017-01-01,2017-03-01
1084,1092,4,2017-01-01,2017-03-01
1037,1047,4,2017-01-01,2017-03-01
382,1057,4,2017-01-01,2017-03-01
355,1038,4,2017-01-01,2017-03-01
1321,1343,4,2017-01-01,2017-03-01
330,1056,4,2017-01-01,2017-03-01
309,750,4,2017-01-01,2017-03-01
395,763,4,2017-01-01,2017-03-01
324,760,4,2017-01-01,2017-03-01
1625,1652,4,2017-01-01,2017-03-01
1988,1990,4,2017-01-01,2017-03-01
1917,1987,4,2017-01-01,2017-03-01
2101,2161,4,2017-01-01,2017-03-01
2162,2190,4,2017-01-01,2017-03-01
2164,2180,4,2017-01-01,2017-03-01
2114,2122,4,2017-01-01,2017-03-01
2125,2147,4,2017-01-01,2017-03-01
2116,2181,4,2017-01-01,2017-03-01
2110,2163,4,2017-01-01,2017-03-01
2326,2328,4,2017-01-01,2017-03-01
2425,2438,4,2017-01-01,2017-03-01
2438,2462,4,2017-01-01,2017-03-01
3011,3049,4,2017-01-01,2017-03-01
3011,3021,4,2017-01-01,2017-03-01
1299,1662,4,2017-01-01,2017-03-01
254,604,4,2017-01-01,2017-03-01
3411,3477,4,2017-01-01,2017-03-01
3532,3553,4,2017-01-01,2017-03-01
3806,3867,4,2017-01-01,2017-03-01
3904,3974,4,2017-01-01,2017-03-01
3921,3959,4,2017-01-01,2017-03-01
4037,4042,4,2017-01-01,2017-03-01
690,2178,4,2017-01-01,2017-03-01
281,3188,4,2017-01-01,2017-03-01
281,3159,4,2017-01-01,2017-03-01
1842,2792,4,2017-01-01,2017-03-01
1506,3940,4,2017-01-01,2017-03-01
2229,3598,4,2017-01-01,2017-03-01
1662,2887,4,2017-01-01,2017-03-01
1056,3154,4,2017-01-01,2017-03-01
628,759,4,2017-01-01,2017-03-01
4335,4358,4,2017-01-01,2017-03-01
1391,2959,4,2017-01-01,2017-03-01
2567,2655,4,2017-01-01,2017-03-01
4407,4478,4,2017-01-01,2017-03-01
1482,4388,4,2017-01-01,2017-03-01
5122,5156,4,2017-01-01,2017-03-01
2255,2498,4,2017-01-01,2017-03-01
923,2279,4,2017-01-01,2017-03-01
243,274,4,2017-01-01,2017-03-01
649,696,4,2017-01-01,2017-03-01
641,679,4,2017-01-01,2017-03-01
849,884,4,2017-01-01,2017-03-01
1042,1066,4,2017-01-01,2017-03-01
385,1045,4,2017-01-01,2017-03-01
378,1013,4,2017-01-01,2017-03-01
1330,1343,4,2017-01-01,2017-03-01
1014,1024,4,2017-01-01,2017-03-01
1401,1453,4,2017-01-01,2017-03-01
786,1026,4,2017-01-01,2017-03-01
395,724,4,2017-01-01,2017-03-01
704,1056,4,2017-01-01,2017-03-01
727,1035,4,2017-01-01,2017-03-01
362,755,4,2017-01-01,2017-03-01
1816,1842,4,2017-01-01,2017-03-01
1905,1969,4,2017-01-01,2017-03-01
1933,1997,4,2017-01-01,2017-03-01
2171,2172,4,2017-01-01,2017-03-01
2107,2162,4,2017-01-01,2017-03-01
2206,2276,4,2017-01-01,2017-03-01
2404,2452,4,2017-01-01,2017-03-01
391,1625,4,2017-01-01,2017-03-01
275,670,4,2017-01-01,2017-03-01
3490,3493,4,2017-01-01,2017-03-01
1587,2608,4,2017-01-01,2017-03-01
1587,2667,4,2017-01-01,2017-03-01
724,3491,4,2017-01-01,2017-03-01
3831,3871,4,2017-01-01,2017-03-01
3801,3822,4,2017-01-01,2017-03-01
3913,3930,4,2017-01-01,2017-03-01
3908,3966,4,2017-01-01,2017-03-01
4035,4060,4,2017-01-01,2017-03-01
1808,2728,4,2017-01-01,2017-03-01
650,2568,4,2017-01-01,2017-03-01
299,2600,4,2017-01-01,2017-03-01
369,3933,4,2017-01-01,2017-03-01
2894,3071,4,2017-01-01,2017-03-01
1370,2906,4,2017-01-01,2017-03-01
4423,4488,4,2017-01-01,2017-03-01
4668,4671,4,2017-01-01,2017-03-01
4620,4643,4,2017-01-01,2017-03-01
2941,4309,4,2017-01-01,2017-03-01
5171,5193,4,2017-01-01,2017-03-01
1387,2932,4,2017-01-01,2017-03-01
912,1387,4,2017-01-01,2017-03-01
1330,2910,4,2017-01-01,2017-03-01
416,430,4,2017-01-01,2017-03-01
624,659,4,2017-01-01,2017-03-01
381,1029,4,2017-01-01,2017-03-01
811,878,4,2017-01-01,2017-03-01
837,844,4,2017-01-01,2017-03-01
324,706,4,2017-01-01,2017-03-01
362,716,4,2017-01-01,2017-03-01
1969,1999,4,2017-01-01,2017-03-01
2122,2190,4,2017-01-01,2017-03-01
2132,2167,4,2017-01-01,2017-03-01
2216,2274,4,2017-01-01,2017-03-01
2403,2482,4,2017-01-01,2017-03-01
211,657,4,2017-01-01,2017-03-01
283,682,4,2017-01-01,2017-03-01
271,3145,4,2017-01-01,2017-03-01
3447,3463,4,2017-01-01,2017-03-01
3444,3446,4,2017-01-01,2017-03-01
1014,1506,4,2017-01-01,2017-03-01
1001,3471,4,2017-01-01,2017-03-01
4025,4069,4,2017-01-01,2017-03-01
4042,4078,4,2017-01-01,2017-03-01
281,2183,4,2017-01-01,2017-03-01
1868,2705,4,2017-01-01,2017-03-01
4379,4398,4,2017-01-01,2017-03-01
913,1314,4,2017-01-01,2017-03-01
951,2959,4,2017-01-01,2017-03-01
440,3924,4,2017-01-01,2017-03-01
4415,4491,4,2017-01-01,2017-03-01
4451,4460,4,2017-01-01,2017-03-01
2334,2458,4,2017-01-01,2017-03-01
2407,3624,4,2017-01-01,2017-03-01
2498,3698,4,2017-01-01,2017-03-01
2325,3624,4,2017-01-01,2017-03-01
437,2759,4,2017-01-01,2017-03-01
2789,2857,4,2017-01-01,2017-03-01
1082,2988,4,2017-01-01,2017-03-01
2959,4025,4,2017-01-01,2017-03-01
1818,4353,4,2017-01-01,2017-03-01
407,4080,4,2017-01-01,2017-03-01
1387,2977,4,2017-01-01,2017-03-01
2335,3536,4,2017-01-01,2017-03-01
912,3578,4,2017-01-01,2017-03-01
1347,3698,4,2017-01-01,2017-03-01
941,1358,4,2017-01-01,2017-03-01
2263,2427,4,2017-01-01,2017-03-01
126,1358,4,2017-01-01,2017-03-01
662,666,4,2017-01-01,2017-03-01
805,812,4,2017-01-01,2017-03-01
839,899,4,2017-01-01,2017-03-01
812,833,4,2017-01-01,2017-03-01
843,851,4,2017-01-01,2017-03-01
845,895,4,2017-01-01,2017-03-01
382,731,4,2017-01-01,2017-03-01
368,792,4,2017-01-01,2017-03-01
752,1013,4,2017-01-01,2017-03-01
364,730,4,2017-01-01,2017-03-01
755,1029,4,2017-01-01,2017-03-01
740,1029,4,2017-01-01,2017-03-01
376,727,4,2017-01-01,2017-03-01
1608,1611,4,2017-01-01,2017-03-01
1905,1984,4,2017-01-01,2017-03-01
1947,1993,4,2017-01-01,2017-03-01
1938,1962,4,2017-01-01,2017-03-01
1976,1993,4,2017-01-01,2017-03-01
1933,1938,4,2017-01-01,2017-03-01
1917,1962,4,2017-01-01,2017-03-01
1913,1917,4,2017-01-01,2017-03-01
1903,1993,4,2017-01-01,2017-03-01
2101,2174,4,2017-01-01,2017-03-01
2122,2126,4,2017-01-01,2017-03-01
2119,2173,4,2017-01-01,2017-03-01
2247,2282,4,2017-01-01,2017-03-01
2233,2277,4,2017-01-01,2017-03-01
2203,2204,4,2017-01-01,2017-03-01
2268,2276,4,2017-01-01,2017-03-01
2401,2435,4,2017-01-01,2017-03-01
2803,2877,4,2017-01-01,2017-03-01
3134,3159,4,2017-01-01,2017-03-01
622,3157,4,2017-01-01,2017-03-01
208,3137,4,2017-01-01,2017-03-01
276,3104,4,2017-01-01,2017-03-01
276,684,4,2017-01-01,2017-03-01
3440,3493,4,2017-01-01,2017-03-01
3404,3467,4,2017-01-01,2017-03-01
3404,3473,4,2017-01-01,2017-03-01
3554,3586,4,2017-01-01,2017-03-01
3524,3582,4,2017-01-01,2017-03-01
1001,3444,4,2017-01-01,2017-03-01
1095,3440,4,2017-01-01,2017-03-01
3729,3739,4,2017-01-01,2017-03-01
3839,3865,4,2017-01-01,2017-03-01
4061,4072,4,2017-01-01,2017-03-01
4036,4068,4,2017-01-01,2017-03-01
2153,3159,4,2017-01-01,2017-03-01
2175,3182,4,2017-01-01,2017-03-01
1498,2728,4,2017-01-01,2017-03-01
650,1693,4,2017-01-01,2017-03-01
660,1082,4,2017-01-01,2017-03-01
1287,3908,4,2017-01-01,2017-03-01
2248,3579,4,2017-01-01,2017-03-01
2229,3565,4,2017-01-01,2017-03-01
2298,3561,4,2017-01-01,2017-03-01
2329,2862,4,2017-01-01,2017-03-01
4317,4400,4,2017-01-01,2017-03-01
913,2969,4,2017-01-01,2017-03-01
4467,4499,4,2017-01-01,2017-03-01
2467,3698,4,2017-01-01,2017-03-01
4029,4387,4,2017-01-01,2017-03-01
4645,4675,4,2017-01-01,2017-03-01
2511,2776,4,2017-01-01,2017-03-01
940,1837,4,2017-01-01,2017-03-01
1248,1391,4,2017-01-01,2017-03-01
2789,4395,4,2017-01-01,2017-03-01
2959,4012,4,2017-01-01,2017-03-01
1330,2498,4,2017-01-01,2017-03-01
2255,2458,4,2017-01-01,2017-03-01
1398,3681,4,2017-01-01,2017-03-01
232,293,4,2017-01-01,2017-03-01
801,894,4,2017-01-01,2017-03-01
813,845,4,2017-01-01,2017-03-01
845,849,4,2017-01-01,2017-03-01
374,1045,4,2017-01-01,2017-03-01
1236,1287,4,2017-01-01,2017-03-01
415,440,4,2017-01-01,2017-03-01
622,681,4,2017-01-01,2017-03-01
364,792,4,2017-01-01,2017-03-01
360,797,4,2017-01-01,2017-03-01
334,701,4,2017-01-01,2017-03-01
1635,1674,4,2017-01-01,2017-03-01
1937,1938,4,2017-01-01,2017-03-01
1917,1988,4,2017-01-01,2017-03-01
2120,2126,4,2017-01-01,2017-03-01
2135,2187,4,2017-01-01,2017-03-01
2122,2158,4,2017-01-01,2017-03-01
2137,2169,4,2017-01-01,2017-03-01
2129,2185,4,2017-01-01,2017-03-01
2107,2188,4,2017-01-01,2017-03-01
2261,2264,4,2017-01-01,2017-03-01
2251,2280,4,2017-01-01,2017-03-01
2241,2249,4,2017-01-01,2017-03-01
2705,2792,4,2017-01-01,2017-03-01
3005,3011,4,2017-01-01,2017-03-01
243,645,4,2017-01-01,2017-03-01
624,3180,4,2017-01-01,2017-03-01
3455,3486,4,2017-01-01,2017-03-01
3439,3463,4,2017-01-01,2017-03-01
1499,2712,4,2017-01-01,2017-03-01
3717,3770,4,2017-01-01,2017-03-01
3911,3949,4,2017-01-01,2017-03-01
3940,3941,4,2017-01-01,2017-03-01
3967,3990,4,2017-01-01,2017-03-01
3914,3989,4,2017-01-01,2017-03-01
244,3167,4,2017-01-01,2017-03-01
263,3122,4,2017-01-01,2017-03-01
248,2521,4,2017-01-01,2017-03-01
275,2510,4,2017-01-01,2017-03-01
1247,3906,4,2017-01-01,2017-03-01
2229,3552,4,2017-01-01,2017-03-01
3172,3446,4,2017-01-01,2017-03-01
4353,4380,4,2017-01-01,2017-03-01
913,1323,4,2017-01-01,2017-03-01
331,1503,4,2017-01-01,2017-03-01
2600,3913,4,2017-01-01,2017-03-01
4403,4466,4,2017-01-01,2017-03-01
2427,3603,4,2017-01-01,2017-03-01
4092,4321,4,2017-01-01,2017-03-01
4665,4668,4,2017-01-01,2017-03-01
4618,4646,4,2017-01-01,2017-03-01
4620,4667,4,2017-01-01,2017-03-01
4628,4695,4,2017-01-01,2017-03-01
407,1074,4,2017-01-01,2017-03-01
1332,2802,4,2017-01-01,2017-03-01
2802,2905,4,2017-01-01,2017-03-01
2867,4066,4,2017-01-01,2017-03-01
915,4080,4,2017-01-01,2017-03-01
1337,4059,4,2017-01-01,2017-03-01
407,4042,4,2017-01-01,2017-03-01
3548,4415,4,2017-01-01,2017-03-01
5119,5171,4,2017-01-01,2017-03-01
5152,5194,4,2017-01-01,2017-03-01
1387,2498,4,2017-01-01,2017-03-01
923,2963,4,2017-01-01,2017-03-01
226,232,4,2017-01-01,2017-03-01
232,294,4,2017-01-01,2017-03-01
907,962,4,2017-01-01,2017-03-01
1313,1398,4,2017-01-01,2017-03-01
364,1073,4,2017-01-01,2017-03-01
366,1072,4,2017-01-01,2017-03-01
334,1035,4,2017-01-01,2017-03-01
724,1031,4,2017-01-01,2017-03-01
313,795,4,2017-01-01,2017-03-01
376,721,4,2017-01-01,2017-03-01
1937,1987,4,2017-01-01,2017-03-01
2131,2169,4,2017-01-01,2017-03-01
2140,2148,4,2017-01-01,2017-03-01
2142,2173,4,2017-01-01,2017-03-01
2126,2140,4,2017-01-01,2017-03-01
2135,2162,4,2017-01-01,2017-03-01
2165,2173,4,2017-01-01,2017-03-01
2129,2154,4,2017-01-01,2017-03-01
2237,2259,4,2017-01-01,2017-03-01
2213,2253,4,2017-01-01,2017-03-01
2742,2781,4,2017-01-01,2017-03-01
3104,3107,4,2017-01-01,2017-03-01
3317,3360,4,2017-01-01,2017-03-01
670,3192,4,2017-01-01,2017-03-01
283,3141,4,2017-01-01,2017-03-01
212,3157,4,2017-01-01,2017-03-01
3439,3477,4,2017-01-01,2017-03-01
751,3402,4,2017-01-01,2017-03-01
3806,3847,4,2017-01-01,2017-03-01
3801,3881,4,2017-01-01,2017-03-01
3968,3971,4,2017-01-01,2017-03-01
3913,3941,4,2017-01-01,2017-03-01
3940,3966,4,2017-01-01,2017-03-01
4032,4034,4,2017-01-01,2017-03-01
4017,4069,4,2017-01-01,2017-03-01
603,3151,4,2017-01-01,2017-03-01
215,1693,4,2017-01-01,2017-03-01
684,2510,4,2017-01-01,2017-03-01
255,2576,4,2017-01-01,2017-03-01
2441,3678,4,2017-01-01,2017-03-01
4060,4380,4,2017-01-01,2017-03-01
4633,4640,4,2017-01-01,2017-03-01
4673,4696,4,2017-01-01,2017-03-01
4617,4673,4,2017-01-01,2017-03-01
1465,1666,4,2017-01-01,2017-03-01
1432,2783,4,2017-01-01,2017-03-01
1074,1484,4,2017-01-01,2017-03-01
2759,4066,4,2017-01-01,2017-03-01
2939,4012,4,2017-01-01,2017-03-01
5119,5193,4,2017-01-01,2017-03-01
2212,2951,4,2017-01-01,2017-03-01
2263,2910,4,2017-01-01,2017-03-01
1321,2335,4,2017-01-01,2017-03-01
337,383,4,2017-01-01,2017-03-01
633,643,4,2017-01-01,2017-03-01
631,694,4,2017-01-01,2017-03-01
738,776,4,2017-01-01,2017-03-01
806,897,4,2017-01-01,2017-03-01
918,979,4,2017-01-01,2017-03-01
1037,1066,4,2017-01-01,2017-03-01
1134,1149,4,2017-01-01,2017-03-01
366,1043,4,2017-01-01,2017-03-01
366,1035,4,2017-01-01,2017-03-01
1415,1489,4,2017-01-01,2017-03-01
795,1043,4,2017-01-01,2017-03-01
733,1029,4,2017-01-01,2017-03-01
1942,1957,4,2017-01-01,2017-03-01
1916,1956,4,2017-01-01,2017-03-01
1941,1990,4,2017-01-01,2017-03-01
2116,2130,4,2017-01-01,2017-03-01
2207,2247,4,2017-01-01,2017-03-01
2514,2560,4,2017-01-01,2017-03-01
2862,2897,4,2017-01-01,2017-03-01
430,1662,4,2017-01-01,2017-03-01
401,1625,4,2017-01-01,2017-03-01
3104,3132,4,2017-01-01,2017-03-01
3114,3154,4,2017-01-01,2017-03-01
205,622,4,2017-01-01,2017-03-01
229,3184,4,2017-01-01,2017-03-01
3413,3479,4,2017-01-01,2017-03-01
3402,3476,4,2017-01-01,2017-03-01
3476,3491,4,2017-01-01,2017-03-01
662,2181,4,2017-01-01,2017-03-01
1023,3491,4,2017-01-01,2017-03-01
772,3414,4,2017-01-01,2017-03-01
1001,3436,4,2017-01-01,2017-03-01
1095,3475,4,2017-01-01,2017-03-01
3847,3871,4,2017-01-01,2017-03-01
3924,3978,4,2017-01-01,2017-03-01
3929,3949,4,2017-01-01,2017-03-01
4025,4088,4,2017-01-01,2017-03-01
4017,4037,4,2017-01-01,2017-03-01
292,679,4,2017-01-01,2017-03-01
2152,3193,4,2017-01-01,2017-03-01
263,2175,4,2017-01-01,2017-03-01
221,2186,4,2017-01-01,2017-03-01
1458,2773,4,2017-01-01,2017-03-01
660,1670,4,2017-01-01,2017-03-01
369,3980,4,2017-01-01,2017-03-01
1561,3940,4,2017-01-01,2017-03-01
2279,3547,4,2017-01-01,2017-03-01
4060,4387,4,2017-01-01,2017-03-01
3815,4522,4,2017-01-01,2017-03-01
4643,4686,4,2017-01-01,2017-03-01
4620,4677,4,2017-01-01,2017-03-01
1391,2758,4,2017-01-01,2017-03-01
2511,4353,4,2017-01-01,2017-03-01
1387,3547,4,2017-01-01,2017-03-01
946,2236,4,2017-01-01,2017-03-01
920,3678,4,2017-01-01,2017-03-01
3540,3679,4,2017-01-01,2017-03-01
141,1384,4,2017-01-01,2017-03-01
245,250,4,2017-01-01,2017-03-01
234,296,4,2017-01-01,2017-03-01
427,490,4,2017-01-01,2017-03-01
459,461,4,2017-01-01,2017-03-01
665,682,4,2017-01-01,2017-03-01
804,812,4,2017-01-01,2017-03-01
366,1025,4,2017-01-01,2017-03-01
212,232,4,2017-01-01,2017-03-01
730,1056,4,2017-01-01,2017-03-01
334,755,4,2017-01-01,2017-03-01
2115,2130,4,2017-01-01,2017-03-01
2124,2145,4,2017-01-01,2017-03-01
2202,2231,4,2017-01-01,2017-03-01
2477,2491,4,2017-01-01,2017-03-01
226,3104,4,2017-01-01,2017-03-01
333,2699,4,2017-01-01,2017-03-01
746,3405,4,2017-01-01,2017-03-01
701,3413,4,2017-01-01,2017-03-01
3756,3794,4,2017-01-01,2017-03-01
3729,3756,4,2017-01-01,2017-03-01
3924,3966,4,2017-01-01,2017-03-01
4013,4037,4,2017-01-01,2017-03-01
4042,4090,4,2017-01-01,2017-03-01
4053,4090,4,2017-01-01,2017-03-01
246,690,4,2017-01-01,2017-03-01
679,2152,4,2017-01-01,2017-03-01
221,3159,4,2017-01-01,2017-03-01
1458,1828,4,2017-01-01,2017-03-01
1842,2767,4,2017-01-01,2017-03-01
606,2531,4,2017-01-01,2017-03-01
606,2522,4,2017-01-01,2017-03-01
274,427,4,2017-01-01,2017-03-01
1391,2939,4,2017-01-01,2017-03-01
961,1369,4,2017-01-01,2017-03-01
4415,4452,4,2017-01-01,2017-03-01
2437,3624,4,2017-01-01,2017-03-01
3808,4556,4,2017-01-01,2017-03-01
4655,4690,4,2017-01-01,2017-03-01
1248,1484,4,2017-01-01,2017-03-01
1082,1351,4,2017-01-01,2017-03-01
2509,4630,4,2017-01-01,2017-03-01
928,4052,4,2017-01-01,2017-03-01
1818,4083,4,2017-01-01,2017-03-01
141,3540,4,2017-01-01,2017-03-01
272,290,4,2017-01-01,2017-03-01
521,542,4,2017-01-01,2017-03-01
632,689,4,2017-01-01,2017-03-01
822,862,4,2017-01-01,2017-03-01
1034,1082,4,2017-01-01,2017-03-01
1089,1100,4,2017-01-01,2017-03-01
368,1043,4,2017-01-01,2017-03-01
330,1025,4,2017-01-01,2017-03-01
392,1025,4,2017-01-01,2017-03-01
313,1013,4,2017-01-01,2017-03-01
308,758,4,2017-01-01,2017-03-01
1966,1988,4,2017-01-01,2017-03-01
2158,2187,4,2017-01-01,2017-03-01
2119,2168,4,2017-01-01,2017-03-01
2112,2147,4,2017-01-01,2017-03-01
2114,2155,4,2017-01-01,2017-03-01
2121,2125,4,2017-01-01,2017-03-01
2134,2144,4,2017-01-01,2017-03-01
2206,2207,4,2017-01-01,2017-03-01
2206,2291,4,2017-01-01,2017-03-01
2225,2241,4,2017-01-01,2017-03-01
2447,2500,4,2017-01-01,2017-03-01
2413,2478,4,2017-01-01,2017-03-01
2436,2496,4,2017-01-01,2017-03-01
2436,2500,4,2017-01-01,2017-03-01
3438,3446,4,2017-01-01,2017-03-01
333,1503,4,2017-01-01,2017-03-01
763,3483,4,2017-01-01,2017-03-01
3949,3971,4,2017-01-01,2017-03-01
4059,4088,4,2017-01-01,2017-03-01
218,603,4,2017-01-01,2017-03-01
684,2545,4,2017-01-01,2017-03-01
684,2586,4,2017-01-01,2017-03-01
601,2539,4,2017-01-01,2017-03-01
4338,4358,4,2017-01-01,2017-03-01
4380,4388,4,2017-01-01,2017-03-01
4305,4380,4,2017-01-01,2017-03-01
4332,4388,4,2017-01-01,2017-03-01
901,1322,4,2017-01-01,2017-03-01
2567,2667,4,2017-01-01,2017-03-01
2284,3577,4,2017-01-01,2017-03-01
4465,4488,4,2017-01-01,2017-03-01
4506,4575,4,2017-01-01,2017-03-01
4032,4321,4,2017-01-01,2017-03-01
1248,1322,4,2017-01-01,2017-03-01
1666,4009,4,2017-01-01,2017-03-01
1818,4025,4,2017-01-01,2017-03-01
5310,5319,4,2017-01-01,2017-03-01
2458,2932,4,2017-01-01,2017-03-01
2437,2928,4,2017-01-01,2017-03-01
2928,3547,4,2017-01-01,2017-03-01
323,383,4,2017-01-01,2017-03-01
431,459,4,2017-01-01,2017-03-01
622,646,4,2017-01-01,2017-03-01
745,790,4,2017-01-01,2017-03-01
862,894,4,2017-01-01,2017-03-01
385,1057,4,2017-01-01,2017-03-01
376,1044,4,2017-01-01,2017-03-01
1263,1299,4,2017-01-01,2017-03-01
702,790,4,2017-01-01,2017-03-01
725,796,4,2017-01-01,2017-03-01
395,746,4,2017-01-01,2017-03-01
376,758,4,2017-01-01,2017-03-01
362,761,4,2017-01-01,2017-03-01
1821,1893,4,2017-01-01,2017-03-01
1883,1893,4,2017-01-01,2017-03-01
1969,1971,4,2017-01-01,2017-03-01
1903,1954,4,2017-01-01,2017-03-01
2168,2169,4,2017-01-01,2017-03-01
2114,2141,4,2017-01-01,2017-03-01
2114,2182,4,2017-01-01,2017-03-01
2134,2169,4,2017-01-01,2017-03-01
2430,2460,4,2017-01-01,2017-03-01
2752,2784,4,2017-01-01,2017-03-01
2932,2965,4,2017-01-01,2017-03-01
3174,3188,4,2017-01-01,2017-03-01
3112,3123,4,2017-01-01,2017-03-01
294,3132,4,2017-01-01,2017-03-01
627,3178,4,2017-01-01,2017-03-01
271,625,4,2017-01-01,2017-03-01
3439,3491,4,2017-01-01,2017-03-01
333,1506,4,2017-01-01,2017-03-01
288,2109,4,2017-01-01,2017-03-01
1023,3413,4,2017-01-01,2017-03-01
763,3405,4,2017-01-01,2017-03-01
1095,3421,4,2017-01-01,2017-03-01
3706,3791,4,2017-01-01,2017-03-01
3702,3776,4,2017-01-01,2017-03-01
3913,3916,4,2017-01-01,2017-03-01
3908,3916,4,2017-01-01,2017-03-01
4053,4060,4,2017-01-01,2017-03-01
281,2197,4,2017-01-01,2017-03-01
2586,3180,4,2017-01-01,2017-03-01
275,2563,4,2017-01-01,2017-03-01
2329,3019,4,2017-01-01,2017-03-01
461,2897,4,2017-01-01,2017-03-01
416,2017,4,2017-01-01,2017-03-01
1369,2969,4,2017-01-01,2017-03-01
961,2959,4,2017-01-01,2017-03-01
1503,2567,4,2017-01-01,2017-03-01
4028,4317,4,2017-01-01,2017-03-01
4556,4583,4,2017-01-01,2017-03-01
4002,4387,4,2017-01-01,2017-03-01
4645,4671,4,2017-01-01,2017-03-01
204,2857,4,2017-01-01,2017-03-01
2769,2912,4,2017-01-01,2017-03-01
915,4013,4,2017-01-01,2017-03-01
2759,4011,4,2017-01-01,2017-03-01
2783,4011,4,2017-01-01,2017-03-01
930,4013,4,2017-01-01,2017-03-01
1696,4052,4,2017-01-01,2017-03-01
1696,4012,4,2017-01-01,2017-03-01
1818,4059,4,2017-01-01,2017-03-01
5119,5154,4,2017-01-01,2017-03-01
5161,5194,4,2017-01-01,2017-03-01
2335,2910,4,2017-01-01,2017-03-01
912,1321,4,2017-01-01,2017-03-01
2935,3698,4,2017-01-01,2017-03-01
2963,3679,4,2017-01-01,2017-03-01
649,655,4,2017-01-01,2017-03-01
636,643,4,2017-01-01,2017-03-01
723,789,4,2017-01-01,2017-03-01
848,899,4,2017-01-01,2017-03-01
1009,1047,4,2017-01-01,2017-03-01
328,1043,4,2017-01-01,2017-03-01
309,1095,4,2017-01-01,2017-03-01
712,1043,4,2017-01-01,2017-03-01
366,761,4,2017-01-01,2017-03-01
772,1013,4,2017-01-01,2017-03-01
1504,1507,4,2017-01-01,2017-03-01
1979,1991,4,2017-01-01,2017-03-01
1942,1984,4,2017-01-01,2017-03-01
1920,1960,4,2017-01-01,2017-03-01
1941,1966,4,2017-01-01,2017-03-01
1902,1933,4,2017-01-01,2017-03-01
2120,2129,4,2017-01-01,2017-03-01
2122,2129,4,2017-01-01,2017-03-01
2141,2187,4,2017-01-01,2017-03-01
2154,2181,4,2017-01-01,2017-03-01
2282,2291,4,2017-01-01,2017-03-01
2514,2570,4,2017-01-01,2017-03-01
2802,2857,4,2017-01-01,2017-03-01
416,1652,4,2017-01-01,2017-03-01
3162,3171,4,2017-01-01,2017-03-01
3154,3193,4,2017-01-01,2017-03-01
274,670,4,2017-01-01,2017-03-01
333,1587,4,2017-01-01,2017-03-01
1269,1569,4,2017-01-01,2017-03-01
3509,3567,4,2017-01-01,2017-03-01
1053,3475,4,2017-01-01,2017-03-01
716,3410,4,2017-01-01,2017-03-01
3712,3775,4,2017-01-01,2017-03-01
3807,3837,4,2017-01-01,2017-03-01
4028,4031,4,2017-01-01,2017-03-01
2563,3123,4,2017-01-01,2017-03-01
274,2545,4,2017-01-01,2017-03-01
1247,3901,4,2017-01-01,2017-03-01
641,3447,4,2017-01-01,2017-03-01
4361,4379,4,2017-01-01,2017-03-01
4320,4345,4,2017-01-01,2017-03-01
4308,4397,4,2017-01-01,2017-03-01
4308,4347,4,2017-01-01,2017-03-01
4305,4395,4,2017-01-01,2017-03-01
211,2674,4,2017-01-01,2017-03-01
2236,3536,4,2017-01-01,2017-03-01
4401,4484,4,2017-01-01,2017-03-01
4546,4583,4,2017-01-01,2017-03-01
4611,4668,4,2017-01-01,2017-03-01
4657,4685,4,2017-01-01,2017-03-01
915,4053,4,2017-01-01,2017-03-01
1371,4399,4,2017-01-01,2017-03-01
2939,4059,4,2017-01-01,2017-03-01
5314,5333,4,2017-01-01,2017-03-01
2221,2458,4,2017-01-01,2017-03-01
2965,3681,4,2017-01-01,2017-03-01
1347,2279,4,2017-01-01,2017-03-01
972,2467,4,2017-01-01,2017-03-01
1384,3698,4,2017-01-01,2017-03-01
317,400,4,2017-01-01,2017-03-01
325,388,4,2017-01-01,2017-03-01
602,696,4,2017-01-01,2017-03-01
606,677,4,2017-01-01,2017-03-01
833,895,4,2017-01-01,2017-03-01
812,868,4,2017-01-01,2017-03-01
806,878,4,2017-01-01,2017-03-01
862,899,4,2017-01-01,2017-03-01
374,1026,4,2017-01-01,2017-03-01
208,234,4,2017-01-01,2017-03-01
309,1072,4,2017-01-01,2017-03-01
1916,1997,4,2017-01-01,2017-03-01
1916,1987,4,2017-01-01,2017-03-01
1969,1970,4,2017-01-01,2017-03-01
2103,2198,4,2017-01-01,2017-03-01
2112,2191,4,2017-01-01,2017-03-01
2148,2158,4,2017-01-01,2017-03-01
2116,2162,4,2017-01-01,2017-03-01
2169,2190,4,2017-01-01,2017-03-01
2141,2160,4,2017-01-01,2017-03-01
2271,2300,4,2017-01-01,2017-03-01
2260,2276,4,2017-01-01,2017-03-01
2436,2452,4,2017-01-01,2017-03-01
2503,2527,4,2017-01-01,2017-03-01
2503,2571,4,2017-01-01,2017-03-01
2924,2965,4,2017-01-01,2017-03-01
638,3149,4,2017-01-01,2017-03-01
624,3123,4,2017-01-01,2017-03-01
606,3192,4,2017-01-01,2017-03-01
3446,3463,4,2017-01-01,2017-03-01
314,1576,4,2017-01-01,2017-03-01
1053,3440,4,2017-01-01,2017-03-01
751,3413,4,2017-01-01,2017-03-01
760,3475,4,2017-01-01,2017-03-01
3776,3791,4,2017-01-01,2017-03-01
3837,3887,4,2017-01-01,2017-03-01
4029,4066,4,2017-01-01,2017-03-01
4014,4089,4,2017-01-01,2017-03-01
281,2152,4,2017-01-01,2017-03-01
281,2178,4,2017-01-01,2017-03-01
609,3193,4,2017-01-01,2017-03-01
215,1300,4,2017-01-01,2017-03-01
655,3439,4,2017-01-01,2017-03-01
293,1692,4,2017-01-01,2017-03-01
1243,2655,4,2017-01-01,2017-03-01
2284,3589,4,2017-01-01,2017-03-01
2315,3675,4,2017-01-01,2017-03-01
4640,4657,4,2017-01-01,2017-03-01
905,1837,4,2017-01-01,2017-03-01
2867,4395,4,2017-01-01,2017-03-01
1484,4009,4,2017-01-01,2017-03-01
2969,4316,4,2017-01-01,2017-03-01
1371,4012,4,2017-01-01,2017-03-01
2939,4053,4,2017-01-01,2017-03-01
2441,2951,4,2017-01-01,2017-03-01
1347,3681,4,2017-01-01,2017-03-01
2255,2407,4,2017-01-01,2017-03-01
3578,3675,4,2017-01-01,2017-03-01
923,1343,4,2017-01-01,2017-03-01
2963,3648,4,2017-01-01,2017-03-01
1398,2273,4,2017-01-01,2017-03-01
246,290,4,2017-01-01,2017-03-01
250,260,4,2017-01-01,2017-03-01
613,682,4,2017-01-01,2017-03-01
769,779,4,2017-01-01,2017-03-01
843,868,4,2017-01-01,2017-03-01
1149,1154,4,2017-01-01,2017-03-01
354,1044,4,2017-01-01,2017-03-01
1087,1240,4,2017-01-01,2017-03-01
341,1072,4,2017-01-01,2017-03-01
324,771,4,2017-01-01,2017-03-01
360,760,4,2017-01-01,2017-03-01
1807,1883,4,2017-01-01,2017-03-01
1922,1973,4,2017-01-01,2017-03-01
1933,1941,4,2017-01-01,2017-03-01
2142,2188,4,2017-01-01,2017-03-01
2126,2141,4,2017-01-01,2017-03-01
2109,2155,4,2017-01-01,2017-03-01
2119,2165,4,2017-01-01,2017-03-01
2119,2182,4,2017-01-01,2017-03-01
2114,2154,4,2017-01-01,2017-03-01
2114,2140,4,2017-01-01,2017-03-01
2116,2182,4,2017-01-01,2017-03-01
2225,2276,4,2017-01-01,2017-03-01
2241,2288,4,2017-01-01,2017-03-01
2249,2291,4,2017-01-01,2017-03-01
2430,2447,4,2017-01-01,2017-03-01
2869,2879,4,2017-01-01,2017-03-01
2932,2963,4,2017-01-01,2017-03-01
3137,3157,4,2017-01-01,2017-03-01
3436,3439,4,2017-01-01,2017-03-01
3410,3439,4,2017-01-01,2017-03-01
3464,3473,4,2017-01-01,2017-03-01
1223,1561,4,2017-01-01,2017-03-01
701,3483,4,2017-01-01,2017-03-01
3729,3775,4,2017-01-01,2017-03-01
3802,3849,4,2017-01-01,2017-03-01
3924,3941,4,2017-01-01,2017-03-01
3902,3949,4,2017-01-01,2017-03-01
3939,3945,4,2017-01-01,2017-03-01
4019,4092,4,2017-01-01,2017-03-01
4035,4066,4,2017-01-01,2017-03-01
4014,4031,4,2017-01-01,2017-03-01
289,2153,4,2017-01-01,2017-03-01
2197,3122,4,2017-01-01,2017-03-01
221,3198,4,2017-01-01,2017-03-01
1456,1827,4,2017-01-01,2017-03-01
1828,2793,4,2017-01-01,2017-03-01
2568,3104,4,2017-01-01,2017-03-01
2510,3104,4,2017-01-01,2017-03-01
1300,2567,4,2017-01-01,2017-03-01
1506,3904,4,2017-01-01,2017-03-01
1581,3933,4,2017-01-01,2017-03-01
427,1645,4,2017-01-01,2017-03-01
4336,4373,4,2017-01-01,2017-03-01
255,3974,4,2017-01-01,2017-03-01
1598,2567,4,2017-01-01,2017-03-01
2273,3578,4,2017-01-01,2017-03-01
4464,4484,4,2017-01-01,2017-03-01
4633,4685,4,2017-01-01,2017-03-01
437,1310,4,2017-01-01,2017-03-01
1248,2968,4,2017-01-01,2017-03-01
1314,4059,4,2017-01-01,2017-03-01
2789,4353,4,2017-01-01,2017-03-01
1464,4025,4,2017-01-01,2017-03-01
2783,4353,4,2017-01-01,2017-03-01
5146,5154,4,2017-01-01,2017-03-01
5146,5191,4,2017-01-01,2017-03-01
2221,3639,4,2017-01-01,2017-03-01
2222,2458,4,2017-01-01,2017-03-01
972,2407,4,2017-01-01,2017-03-01
1321,2325,4,2017-01-01,2017-03-01
3540,3603,4,2017-01-01,2017-03-01
232,255,4,2017-01-01,2017-03-01
556,568,4,2017-01-01,2017-03-01
659,670,4,2017-01-01,2017-03-01
805,819,4,2017-01-01,2017-03-01
920,923,4,2017-01-01,2017-03-01
376,1013,4,2017-01-01,2017-03-01
1437,1472,4,2017-01-01,2017-03-01
1413,1437,4,2017-01-01,2017-03-01
211,223,4,2017-01-01,2017-03-01
324,1021,4,2017-01-01,2017-03-01
395,1021,4,2017-01-01,2017-03-01
374,768,4,2017-01-01,2017-03-01
328,730,4,2017-01-01,2017-03-01
1836,1855,4,2017-01-01,2017-03-01
1916,1973,4,2017-01-01,2017-03-01
1976,1999,4,2017-01-01,2017-03-01
1913,1973,4,2017-01-01,2017-03-01
2115,2142,4,2017-01-01,2017-03-01
2115,2140,4,2017-01-01,2017-03-01
2142,2163,4,2017-01-01,2017-03-01
2160,2169,4,2017-01-01,2017-03-01
2120,2130,4,2017-01-01,2017-03-01
2135,2145,4,2017-01-01,2017-03-01
2111,2181,4,2017-01-01,2017-03-01
2111,2160,4,2017-01-01,2017-03-01
2122,2162,4,2017-01-01,2017-03-01
2122,2187,4,2017-01-01,2017-03-01
2141,2145,4,2017-01-01,2017-03-01
2136,2179,4,2017-01-01,2017-03-01
3230,3295,4,2017-01-01,2017-03-01
230,3145,4,2017-01-01,2017-03-01
248,611,4,2017-01-01,2017-03-01
231,3116,4,2017-01-01,2017-03-01
3410,3438,4,2017-01-01,2017-03-01
1581,2699,4,2017-01-01,2017-03-01
1287,1544,4,2017-01-01,2017-03-01
716,3475,4,2017-01-01,2017-03-01
3805,3824,4,2017-01-01,2017-03-01
4052,4060,4,2017-01-01,2017-03-01
4007,4044,4,2017-01-01,2017-03-01
295,2197,4,2017-01-01,2017-03-01
218,690,4,2017-01-01,2017-03-01
286,3167,4,2017-01-01,2017-03-01
255,2539,4,2017-01-01,2017-03-01
655,1056,4,2017-01-01,2017-03-01
255,440,4,2017-01-01,2017-03-01
4465,4484,4,2017-01-01,2017-03-01
2498,3620,4,2017-01-01,2017-03-01
4607,4617,4,2017-01-01,2017-03-01
4643,4672,4,2017-01-01,2017-03-01
437,2857,4,2017-01-01,2017-03-01
2758,3152,4,2017-01-01,2017-03-01
1844,2776,4,2017-01-01,2017-03-01
1464,1844,4,2017-01-01,2017-03-01
1082,1377,4,2017-01-01,2017-03-01
1337,4052,4,2017-01-01,2017-03-01
2939,4066,4,2017-01-01,2017-03-01
2467,3578,4,2017-01-01,2017-03-01
923,2965,4,2017-01-01,2017-03-01
141,2963,4,2017-01-01,2017-03-01
290,292,4,2017-01-01,2017-03-01
229,271,4,2017-01-01,2017-03-01
234,280,4,2017-01-01,2017-03-01
610,645,4,2017-01-01,2017-03-01
689,697,4,2017-01-01,2017-03-01
851,899,4,2017-01-01,2017-03-01
910,967,4,2017-01-01,2017-03-01
905,967,4,2017-01-01,2017-03-01
605,684,4,2017-01-01,2017-03-01
1961,1984,4,2017-01-01,2017-03-01
2144,2169,4,2017-01-01,2017-03-01
2120,2131,4,2017-01-01,2017-03-01
2130,2165,4,2017-01-01,2017-03-01
2164,2194,4,2017-01-01,2017-03-01
2254,2284,4,2017-01-01,2017-03-01
2436,2460,4,2017-01-01,2017-03-01
2514,2576,4,2017-01-01,2017-03-01
3122,3155,4,2017-01-01,2017-03-01
3153,3177,4,2017-01-01,2017-03-01
276,658,4,2017-01-01,2017-03-01
3421,3493,4,2017-01-01,2017-03-01
1066,2608,4,2017-01-01,2017-03-01
314,1581,4,2017-01-01,2017-03-01
368,3491,4,2017-01-01,2017-03-01
3931,3978,4,2017-01-01,2017-03-01
4059,4075,4,2017-01-01,2017-03-01
690,2197,4,2017-01-01,2017-03-01
246,3182,4,2017-01-01,2017-03-01
2175,3151,4,2017-01-01,2017-03-01
215,2576,4,2017-01-01,2017-03-01
248,2567,4,2017-01-01,2017-03-01
490,684,4,2017-01-01,2017-03-01
490,606,4,2017-01-01,2017-03-01
1223,3966,4,2017-01-01,2017-03-01
4305,4399,4,2017-01-01,2017-03-01
928,1367,4,2017-01-01,2017-03-01
1598,3104,4,2017-01-01,2017-03-01
4423,4464,4,2017-01-01,2017-03-01
4417,4449,4,2017-01-01,2017-03-01
4460,4465,4,2017-01-01,2017-03-01
2315,2437,4,2017-01-01,2017-03-01
4046,4377,4,2017-01-01,2017-03-01
3858,4522,4,2017-01-01,2017-03-01
4668,4690,4,2017-01-01,2017-03-01
1465,2867,4,2017-01-01,2017-03-01
446,4630,4,2017-01-01,2017-03-01
2789,4042,4,2017-01-01,2017-03-01
2789,4309,4,2017-01-01,2017-03-01
2783,4083,4,2017-01-01,2017-03-01
2951,3554,4,2017-01-01,2017-03-01
946,3648,4,2017-01-01,2017-03-01
972,2255,4,2017-01-01,2017-03-01
923,1384,4,2017-01-01,2017-03-01
923,3554,4,2017-01-01,2017-03-01
646,650,4,2017-01-01,2017-03-01
610,680,4,2017-01-01,2017-03-01
1036,1100,4,2017-01-01,2017-03-01
362,1051,4,2017-01-01,2017-03-01
1252,1271,4,2017-01-01,2017-03-01
1330,1347,4,2017-01-01,2017-03-01
1463,1489,4,2017-01-01,2017-03-01
403,471,4,2017-01-01,2017-03-01
382,1095,4,2017-01-01,2017-03-01
382,773,4,2017-01-01,2017-03-01
395,701,4,2017-01-01,2017-03-01
360,746,4,2017-01-01,2017-03-01
1855,1877,4,2017-01-01,2017-03-01
2124,2165,4,2017-01-01,2017-03-01
2107,2142,4,2017-01-01,2017-03-01
2207,2272,4,2017-01-01,2017-03-01
2429,2436,4,2017-01-01,2017-03-01
2404,2469,4,2017-01-01,2017-03-01
3149,3171,4,2017-01-01,2017-03-01
3146,3157,4,2017-01-01,2017-03-01
3114,3155,4,2017-01-01,2017-03-01
3317,3399,4,2017-01-01,2017-03-01
293,624,4,2017-01-01,2017-03-01
1247,1598,4,2017-01-01,2017-03-01
1287,1542,4,2017-01-01,2017-03-01
701,3440,4,2017-01-01,2017-03-01
3739,3775,4,2017-01-01,2017-03-01
3808,3865,4,2017-01-01,2017-03-01
3858,3867,4,2017-01-01,2017-03-01
4060,4080,4,2017-01-01,2017-03-01
4002,4012,4,2017-01-01,2017-03-01
218,3122,4,2017-01-01,2017-03-01
1498,2793,4,2017-01-01,2017-03-01
650,2563,4,2017-01-01,2017-03-01
2299,3561,4,2017-01-01,2017-03-01
4364,4387,4,2017-01-01,2017-03-01
4387,4399,4,2017-01-01,2017-03-01
913,2959,4,2017-01-01,2017-03-01
141,2437,4,2017-01-01,2017-03-01
2407,3620,4,2017-01-01,2017-03-01
4090,4362,4,2017-01-01,2017-03-01
4615,4620,4,2017-01-01,2017-03-01
4674,4695,4,2017-01-01,2017-03-01
4688,4693,4,2017-01-01,2017-03-01
1248,2783,4,2017-01-01,2017-03-01
2717,3152,4,2017-01-01,2017-03-01
1432,2776,4,2017-01-01,2017-03-01
2789,4016,4,2017-01-01,2017-03-01
5152,5161,4,2017-01-01,2017-03-01
920,3639,4,2017-01-01,2017-03-01
2427,3571,4,2017-01-01,2017-03-01
2334,2963,4,2017-01-01,2017-03-01
53,95,4,2017-01-01,2017-03-01
204,264,4,2017-01-01,2017-03-01
536,556,4,2017-01-01,2017-03-01
604,627,4,2017-01-01,2017-03-01
881,884,4,2017-01-01,2017-03-01
1356,1388,4,2017-01-01,2017-03-01
1309,1387,4,2017-01-01,2017-03-01
217,219,4,2017-01-01,2017-03-01
708,775,4,2017-01-01,2017-03-01
811,891,4,2017-01-01,2017-03-01
905,918,4,2017-01-01,2017-03-01
328,1035,4,2017-01-01,2017-03-01
313,1057,4,2017-01-01,2017-03-01
761,1095,4,2017-01-01,2017-03-01
334,766,4,2017-01-01,2017-03-01
1619,1654,4,2017-01-01,2017-03-01
1702,1744,4,2017-01-01,2017-03-01
1904,1987,4,2017-01-01,2017-03-01
1938,1990,4,2017-01-01,2017-03-01
1945,1991,4,2017-01-01,2017-03-01
1903,1969,4,2017-01-01,2017-03-01
2158,2188,4,2017-01-01,2017-03-01
2188,2190,4,2017-01-01,2017-03-01
2148,2163,4,2017-01-01,2017-03-01
2169,2179,4,2017-01-01,2017-03-01
2154,2185,4,2017-01-01,2017-03-01
2220,2275,4,2017-01-01,2017-03-01
2235,2291,4,2017-01-01,2017-03-01
2404,2438,4,2017-01-01,2017-03-01
2404,2406,4,2017-01-01,2017-03-01
1263,1686,4,2017-01-01,2017-03-01
1287,1576,4,2017-01-01,2017-03-01
1544,2681,4,2017-01-01,2017-03-01
368,3402,4,2017-01-01,2017-03-01
3742,3770,4,2017-01-01,2017-03-01
3906,3924,4,2017-01-01,2017-03-01
3929,3945,4,2017-01-01,2017-03-01
4060,4078,4,2017-01-01,2017-03-01
4002,4052,4,2017-01-01,2017-03-01
4010,4079,4,2017-01-01,2017-03-01
289,3188,4,2017-01-01,2017-03-01
271,1005,4,2017-01-01,2017-03-01
1022,1585,4,2017-01-01,2017-03-01
1506,3914,4,2017-01-01,2017-03-01
2608,3914,4,2017-01-01,2017-03-01
2243,3524,4,2017-01-01,2017-03-01
2248,3565,4,2017-01-01,2017-03-01
4339,4346,4,2017-01-01,2017-03-01
930,1323,4,2017-01-01,2017-03-01
901,2968,4,2017-01-01,2017-03-01
1269,2554,4,2017-01-01,2017-03-01
1298,1598,4,2017-01-01,2017-03-01
1243,1576,4,2017-01-01,2017-03-01
2263,3554,4,2017-01-01,2017-03-01
2279,3577,4,2017-01-01,2017-03-01
4418,4425,4,2017-01-01,2017-03-01
3808,4522,4,2017-01-01,2017-03-01
3839,4575,4,2017-01-01,2017-03-01
4643,4667,4,2017-01-01,2017-03-01
4655,4700,4,2017-01-01,2017-03-01
1484,3152,4,2017-01-01,2017-03-01
2743,2988,4,2017-01-01,2017-03-01
1370,2758,4,2017-01-01,2017-03-01
2941,4013,4,2017-01-01,2017-03-01
2941,4011,4,2017-01-01,2017-03-01
930,4044,4,2017-01-01,2017-03-01
5161,5193,4,2017-01-01,2017-03-01
5112,5186,4,2017-01-01,2017-03-01
2951,3540,4,2017-01-01,2017-03-01
1358,3635,4,2017-01-01,2017-03-01
2325,3547,4,2017-01-01,2017-03-01
912,2924,4,2017-01-01,2017-03-01
2222,3675,4,2017-01-01,2017-03-01
972,2910,4,2017-01-01,2017-03-01
988,2263,4,2017-01-01,2017-03-01
130,1330,4,2017-01-01,2017-03-01
126,912,4,2017-01-01,2017-03-01
1398,2965,4,2017-01-01,2017-03-01
606,688,4,2017-01-01,2017-03-01
624,646,4,2017-01-01,2017-03-01
601,688,4,2017-01-01,2017-03-01
392,1035,4,2017-01-01,2017-03-01
354,1021,4,2017-01-01,2017-03-01
362,724,4,2017-01-01,2017-03-01
1916,1966,4,2017-01-01,2017-03-01
1946,1986,4,2017-01-01,2017-03-01
1947,1954,4,2017-01-01,2017-03-01
2144,2160,4,2017-01-01,2017-03-01
2133,2161,4,2017-01-01,2017-03-01
2129,2130,4,2017-01-01,2017-03-01
2110,2126,4,2017-01-01,2017-03-01
2110,2120,4,2017-01-01,2017-03-01
2136,2160,4,2017-01-01,2017-03-01
2232,2250,4,2017-01-01,2017-03-01
2241,2276,4,2017-01-01,2017-03-01
2438,2460,4,2017-01-01,2017-03-01
2438,2452,4,2017-01-01,2017-03-01
2935,2996,4,2017-01-01,2017-03-01
3155,3188,4,2017-01-01,2017-03-01
684,3157,4,2017-01-01,2017-03-01
3425,3473,4,2017-01-01,2017-03-01
1581,2608,4,2017-01-01,2017-03-01
1236,2668,4,2017-01-01,2017-03-01
1287,2697,4,2017-01-01,2017-03-01
1509,2663,4,2017-01-01,2017-03-01
3556,3565,4,2017-01-01,2017-03-01
662,3177,4,2017-01-01,2017-03-01
368,3483,4,2017-01-01,2017-03-01
3709,3738,4,2017-01-01,2017-03-01
4037,4088,4,2017-01-01,2017-03-01
4063,4075,4,2017-01-01,2017-03-01
1645,2545,4,2017-01-01,2017-03-01
2521,3104,4,2017-01-01,2017-03-01
1566,2643,4,2017-01-01,2017-03-01
274,2514,4,2017-01-01,2017-03-01
4308,4383,4,2017-01-01,2017-03-01
4346,4388,4,2017-01-01,2017-03-01
4401,4475,4,2017-01-01,2017-03-01
4441,4490,4,2017-01-01,2017-03-01
4448,4478,4,2017-01-01,2017-03-01
4540,4569,4,2017-01-01,2017-03-01
4609,4668,4,2017-01-01,2017-03-01
437,1367,4,2017-01-01,2017-03-01
2789,4009,4,2017-01-01,2017-03-01
1371,4025,4,2017-01-01,2017-03-01
930,4042,4,2017-01-01,2017-03-01
1696,4013,4,2017-01-01,2017-03-01
2279,2965,4,2017-01-01,2017-03-01
2963,3554,4,2017-01-01,2017-03-01
1313,2221,4,2017-01-01,2017-03-01
210,299,4,2017-01-01,2017-03-01
673,690,4,2017-01-01,2017-03-01
732,756,4,2017-01-01,2017-03-01
1209,1251,4,2017-01-01,2017-03-01
1226,1271,4,2017-01-01,2017-03-01
1269,1271,4,2017-01-01,2017-03-01
1358,1398,4,2017-01-01,2017-03-01
1427,1479,4,2017-01-01,2017-03-01
832,833,4,2017-01-01,2017-03-01
392,1072,4,2017-01-01,2017-03-01
309,712,4,2017-01-01,2017-03-01
1973,1990,4,2017-01-01,2017-03-01
1920,1933,4,2017-01-01,2017-03-01
1945,1990,4,2017-01-01,2017-03-01
2171,2180,4,2017-01-01,2017-03-01
2150,2192,4,2017-01-01,2017-03-01
2109,2163,4,2017-01-01,2017-03-01
2129,2137,4,2017-01-01,2017-03-01
2107,2135,4,2017-01-01,2017-03-01
2901,2985,4,2017-01-01,2017-03-01
416,1602,4,2017-01-01,2017-03-01
646,3137,4,2017-01-01,2017-03-01
280,3137,4,2017-01-01,2017-03-01
1228,1569,4,2017-01-01,2017-03-01
1247,2697,4,2017-01-01,2017-03-01
3565,3600,4,2017-01-01,2017-03-01
4019,4022,4,2017-01-01,2017-03-01
690,3188,4,2017-01-01,2017-03-01
1853,2792,4,2017-01-01,2017-03-01
264,2561,4,2017-01-01,2017-03-01
915,1367,4,2017-01-01,2017-03-01
915,1391,4,2017-01-01,2017-03-01
928,1391,4,2017-01-01,2017-03-01
4522,4583,4,2017-01-01,2017-03-01
1677,3839,4,2017-01-01,2017-03-01
4695,4700,4,2017-01-01,2017-03-01
4630,4655,4,2017-01-01,2017-03-01
358,1888,4,2017-01-01,2017-03-01
1074,1432,4,2017-01-01,2017-03-01
2511,2857,4,2017-01-01,2017-03-01
1484,2758,4,2017-01-01,2017-03-01
2802,2992,4,2017-01-01,2017-03-01
446,4700,4,2017-01-01,2017-03-01
1666,4083,4,2017-01-01,2017-03-01
407,4012,4,2017-01-01,2017-03-01
977,1330,4,2017-01-01,2017-03-01
2437,2932,4,2017-01-01,2017-03-01
1313,3536,4,2017-01-01,2017-03-01
1343,3698,4,2017-01-01,2017-03-01
294,299,4,2017-01-01,2017-03-01
254,296,4,2017-01-01,2017-03-01
859,899,4,2017-01-01,2017-03-01
918,993,4,2017-01-01,2017-03-01
1111,1197,4,2017-01-01,2017-03-01
1087,1220,4,2017-01-01,2017-03-01
382,786,4,2017-01-01,2017-03-01
778,1021,4,2017-01-01,2017-03-01
791,1031,4,2017-01-01,2017-03-01
392,761,4,2017-01-01,2017-03-01
1974,1997,4,2017-01-01,2017-03-01
2051,2093,4,2017-01-01,2017-03-01
2159,2191,4,2017-01-01,2017-03-01
2112,2125,4,2017-01-01,2017-03-01
2125,2146,4,2017-01-01,2017-03-01
2141,2165,4,2017-01-01,2017-03-01
2262,2264,4,2017-01-01,2017-03-01
2206,2282,4,2017-01-01,2017-03-01
2225,2282,4,2017-01-01,2017-03-01
2264,2291,4,2017-01-01,2017-03-01
2268,2288,4,2017-01-01,2017-03-01
2435,2491,4,2017-01-01,2017-03-01
2464,2500,4,2017-01-01,2017-03-01
2464,2478,4,2017-01-01,2017-03-01
3117,3180,4,2017-01-01,2017-03-01
3413,3447,4,2017-01-01,2017-03-01
1014,2608,4,2017-01-01,2017-03-01
3806,3839,4,2017-01-01,2017-03-01
3945,3994,4,2017-01-01,2017-03-01
4029,4075,4,2017-01-01,2017-03-01
4037,4069,4,2017-01-01,2017-03-01
4042,4075,4,2017-01-01,2017-03-01
4017,4075,4,2017-01-01,2017-03-01
247,2178,4,2017-01-01,2017-03-01
2183,3193,4,2017-01-01,2017-03-01
1853,2773,4,2017-01-01,2017-03-01
1479,1853,4,2017-01-01,2017-03-01
1842,2728,4,2017-01-01,2017-03-01
255,2560,4,2017-01-01,2017-03-01
271,1087,4,2017-01-01,2017-03-01
1542,3978,4,2017-01-01,2017-03-01
4335,4386,4,2017-01-01,2017-03-01
2255,3509,4,2017-01-01,2017-03-01
2315,3654,4,2017-01-01,2017-03-01
4092,4361,4,2017-01-01,2017-03-01
4656,4668,4,2017-01-01,2017-03-01
4620,4686,4,2017-01-01,2017-03-01
4617,4645,4,2017-01-01,2017-03-01
1248,1439,4,2017-01-01,2017-03-01
2743,2905,4,2017-01-01,2017-03-01
910,1837,4,2017-01-01,2017-03-01
1666,4013,4,2017-01-01,2017-03-01
2783,4080,4,2017-01-01,2017-03-01
930,4083,4,2017-01-01,2017-03-01
2554,3561,4,2017-01-01,2017-03-01
5122,5172,4,2017-01-01,2017-03-01
946,3679,4,2017-01-01,2017-03-01
912,3678,4,2017-01-01,2017-03-01
912,1330,4,2017-01-01,2017-03-01
2279,2963,4,2017-01-01,2017-03-01
977,2901,4,2017-01-01,2017-03-01
2255,3675,4,2017-01-01,2017-03-01
2901,3675,4,2017-01-01,2017-03-01
1313,2901,4,2017-01-01,2017-03-01
650,659,4,2017-01-01,2017-03-01
831,867,4,2017-01-01,2017-03-01
1003,1039,4,2017-01-01,2017-03-01
1163,1167,4,2017-01-01,2017-03-01
387,1085,4,2017-01-01,2017-03-01
1268,1289,4,2017-01-01,2017-03-01
1358,1384,4,2017-01-01,2017-03-01
1012,1024,4,2017-01-01,2017-03-01
330,1053,4,2017-01-01,2017-03-01
374,1002,4,2017-01-01,2017-03-01
328,724,4,2017-01-01,2017-03-01
797,1056,4,2017-01-01,2017-03-01
716,1013,4,2017-01-01,2017-03-01
360,724,4,2017-01-01,2017-03-01
355,759,4,2017-01-01,2017-03-01
1938,1945,4,2017-01-01,2017-03-01
1945,1973,4,2017-01-01,2017-03-01
2144,2190,4,2017-01-01,2017-03-01
2137,2182,4,2017-01-01,2017-03-01
2277,2278,4,2017-01-01,2017-03-01
2203,2220,4,2017-01-01,2017-03-01
2249,2261,4,2017-01-01,2017-03-01
2413,2429,4,2017-01-01,2017-03-01
2910,2963,4,2017-01-01,2017-03-01
3114,3172,4,2017-01-01,2017-03-01
3410,3451,4,2017-01-01,2017-03-01
314,2697,4,2017-01-01,2017-03-01
1287,1598,4,2017-01-01,2017-03-01
1092,2668,4,2017-01-01,2017-03-01
618,2181,4,2017-01-01,2017-03-01
751,3471,4,2017-01-01,2017-03-01
1095,3410,4,2017-01-01,2017-03-01
3717,3756,4,2017-01-01,2017-03-01
3921,3945,4,2017-01-01,2017-03-01
4013,4029,4,2017-01-01,2017-03-01
4002,4053,4,2017-01-01,2017-03-01
295,2186,4,2017-01-01,2017-03-01
289,3198,4,2017-01-01,2017-03-01
2152,3188,4,2017-01-01,2017-03-01
246,2199,4,2017-01-01,2017-03-01
248,2570,4,2017-01-01,2017-03-01
641,3446,4,2017-01-01,2017-03-01
947,2962,4,2017-01-01,2017-03-01
4347,4383,4,2017-01-01,2017-03-01
4362,4388,4,2017-01-01,2017-03-01
4339,4380,4,2017-01-01,2017-03-01
994,2969,4,2017-01-01,2017-03-01
1598,1673,4,2017-01-01,2017-03-01
1598,2600,4,2017-01-01,2017-03-01
4425,4469,4,2017-01-01,2017-03-01
4516,4551,4,2017-01-01,2017-03-01
4614,4646,4,2017-01-01,2017-03-01
437,2789,4,2017-01-01,2017-03-01
204,1818,4,2017-01-01,2017-03-01
2776,3152,4,2017-01-01,2017-03-01
962,1813,4,2017-01-01,2017-03-01
1666,4053,4,2017-01-01,2017-03-01
2717,4053,4,2017-01-01,2017-03-01
1696,4083,4,2017-01-01,2017-03-01
5157,5198,4,2017-01-01,2017-03-01
912,2928,4,2017-01-01,2017-03-01
2221,2901,4,2017-01-01,2017-03-01
977,3571,4,2017-01-01,2017-03-01
3509,3603,4,2017-01-01,2017-03-01
130,988,4,2017-01-01,2017-03-01
2928,3678,4,2017-01-01,2017-03-01
1313,2407,4,2017-01-01,2017-03-01
317,340,4,2017-01-01,2017-03-01
301,314,4,2017-01-01,2017-03-01
603,641,4,2017-01-01,2017-03-01
867,889,4,2017-01-01,2017-03-01
1430,1453,4,2017-01-01,2017-03-01
415,490,4,2017-01-01,2017-03-01
315,1031,4,2017-01-01,2017-03-01
341,1044,4,2017-01-01,2017-03-01
1430,1437,4,2017-01-01,2017-03-01
364,766,4,2017-01-01,2017-03-01
328,768,4,2017-01-01,2017-03-01
1707,1744,4,2017-01-01,2017-03-01
1827,1836,4,2017-01-01,2017-03-01
1988,1997,4,2017-01-01,2017-03-01
1970,1975,4,2017-01-01,2017-03-01
2038,2042,4,2017-01-01,2017-03-01
2137,2141,4,2017-01-01,2017-03-01
2107,2190,4,2017-01-01,2017-03-01
2154,2182,4,2017-01-01,2017-03-01
2271,2290,4,2017-01-01,2017-03-01
2276,2281,4,2017-01-01,2017-03-01
2290,2291,4,2017-01-01,2017-03-01
2213,2216,4,2017-01-01,2017-03-01
2235,2268,4,2017-01-01,2017-03-01
2413,2447,4,2017-01-01,2017-03-01
2527,2571,4,2017-01-01,2017-03-01
2503,2584,4,2017-01-01,2017-03-01
3157,3178,4,2017-01-01,2017-03-01
627,3109,4,2017-01-01,2017-03-01
212,622,4,2017-01-01,2017-03-01
3444,3451,4,2017-01-01,2017-03-01
3414,3438,4,2017-01-01,2017-03-01
1587,2699,4,2017-01-01,2017-03-01
1247,2699,4,2017-01-01,2017-03-01
1544,2667,4,2017-01-01,2017-03-01
3504,3556,4,2017-01-01,2017-03-01
3529,3565,4,2017-01-01,2017-03-01
648,3183,4,2017-01-01,2017-03-01
618,3183,4,2017-01-01,2017-03-01
763,3444,4,2017-01-01,2017-03-01
3809,3849,4,2017-01-01,2017-03-01
3971,3994,4,2017-01-01,2017-03-01
281,2199,4,2017-01-01,2017-03-01
609,3122,4,2017-01-01,2017-03-01
1853,2767,4,2017-01-01,2017-03-01
231,1087,4,2017-01-01,2017-03-01
2862,3019,4,2017-01-01,2017-03-01
673,759,4,2017-01-01,2017-03-01
4338,4383,4,2017-01-01,2017-03-01
4336,4346,4,2017-01-01,2017-03-01
4371,4395,4,2017-01-01,2017-03-01
4423,4460,4,2017-01-01,2017-03-01
4415,4499,4,2017-01-01,2017-03-01
4046,4344,4,2017-01-01,2017-03-01
4032,4329,4,2017-01-01,2017-03-01
4626,4688,4,2017-01-01,2017-03-01
204,1482,4,2017-01-01,2017-03-01
1484,4016,4,2017-01-01,2017-03-01
928,4080,4,2017-01-01,2017-03-01
1337,4013,4,2017-01-01,2017-03-01
1371,4017,4,2017-01-01,2017-03-01
1371,4009,4,2017-01-01,2017-03-01
975,4052,4,2017-01-01,2017-03-01
2717,4016,4,2017-01-01,2017-03-01
2458,2910,4,2017-01-01,2017-03-01
3547,3654,4,2017-01-01,2017-03-01
2222,2910,4,2017-01-01,2017-03-01
988,2222,4,2017-01-01,2017-03-01
2212,2965,4,2017-01-01,2017-03-01
2263,2335,4,2017-01-01,2017-03-01
1343,3554,4,2017-01-01,2017-03-01
210,243,4,2017-01-01,2017-03-01
657,682,4,2017-01-01,2017-03-01
631,662,4,2017-01-01,2017-03-01
805,850,4,2017-01-01,2017-03-01
843,881,4,2017-01-01,2017-03-01
811,827,4,2017-01-01,2017-03-01
849,881,4,2017-01-01,2017-03-01
382,1051,4,2017-01-01,2017-03-01
334,1021,4,2017-01-01,2017-03-01
376,1045,4,2017-01-01,2017-03-01
1405,1442,4,2017-01-01,2017-03-01
827,897,4,2017-01-01,2017-03-01
806,811,4,2017-01-01,2017-03-01
328,1007,4,2017-01-01,2017-03-01
309,1013,4,2017-01-01,2017-03-01
368,761,4,2017-01-01,2017-03-01
716,1031,4,2017-01-01,2017-03-01
1656,1662,4,2017-01-01,2017-03-01
1960,1966,4,2017-01-01,2017-03-01
1920,1997,4,2017-01-01,2017-03-01
1945,1997,4,2017-01-01,2017-03-01
1957,1993,4,2017-01-01,2017-03-01
2142,2169,4,2017-01-01,2017-03-01
2135,2154,4,2017-01-01,2017-03-01
2109,2126,4,2017-01-01,2017-03-01
2141,2185,4,2017-01-01,2017-03-01
2136,2154,4,2017-01-01,2017-03-01
2247,2260,4,2017-01-01,2017-03-01
2225,2288,4,2017-01-01,2017-03-01
2260,2290,4,2017-01-01,2017-03-01
2425,2462,4,2017-01-01,2017-03-01
431,1625,4,2017-01-01,2017-03-01
299,3192,4,2017-01-01,2017-03-01
3413,3476,4,2017-01-01,2017-03-01
1095,3483,4,2017-01-01,2017-03-01
3739,3791,4,2017-01-01,2017-03-01
3742,3791,4,2017-01-01,2017-03-01
3775,3794,4,2017-01-01,2017-03-01
3924,3940,4,2017-01-01,2017-03-01
4025,4075,4,2017-01-01,2017-03-01
4022,4061,4,2017-01-01,2017-03-01
4034,4084,4,2017-01-01,2017-03-01
679,3151,4,2017-01-01,2017-03-01
443,2531,4,2017-01-01,2017-03-01
1082,1670,4,2017-01-01,2017-03-01
1506,3916,4,2017-01-01,2017-03-01
314,3978,4,2017-01-01,2017-03-01
655,3479,4,2017-01-01,2017-03-01
3172,3479,4,2017-01-01,2017-03-01
4394,4396,4,2017-01-01,2017-03-01
4307,4330,4,2017-01-01,2017-03-01
2221,3563,4,2017-01-01,2017-03-01
4633,4667,4,2017-01-01,2017-03-01
4618,4695,4,2017-01-01,2017-03-01
4646,4674,4,2017-01-01,2017-03-01
4614,4618,4,2017-01-01,2017-03-01
1074,2511,4,2017-01-01,2017-03-01
266,2278,4,2017-01-01,2017-03-01
1358,2437,4,2017-01-01,2017-03-01
977,3678,4,2017-01-01,2017-03-01
1347,3589,4,2017-01-01,2017-03-01
2405,2965,4,2017-01-01,2017-03-01
236,285,4,2017-01-01,2017-03-01
725,738,4,2017-01-01,2017-03-01
315,1045,4,2017-01-01,2017-03-01
374,766,4,2017-01-01,2017-03-01
774,1026,4,2017-01-01,2017-03-01
1942,1947,4,2017-01-01,2017-03-01
2036,2043,4,2017-01-01,2017-03-01
2131,2155,4,2017-01-01,2017-03-01
2115,2179,4,2017-01-01,2017-03-01
2124,2144,4,2017-01-01,2017-03-01
2165,2185,4,2017-01-01,2017-03-01
2206,2262,4,2017-01-01,2017-03-01
2514,2586,4,2017-01-01,2017-03-01
2503,2515,4,2017-01-01,2017-03-01
3116,3171,4,2017-01-01,2017-03-01
3312,3384,4,2017-01-01,2017-03-01
3471,3479,4,2017-01-01,2017-03-01
1594,2668,4,2017-01-01,2017-03-01
1228,2681,4,2017-01-01,2017-03-01
1287,1569,4,2017-01-01,2017-03-01
3524,3598,4,2017-01-01,2017-03-01
3702,3706,4,2017-01-01,2017-03-01
3911,3921,4,2017-01-01,2017-03-01
3916,3989,4,2017-01-01,2017-03-01
4052,4090,4,2017-01-01,2017-03-01
4038,4089,4,2017-01-01,2017-03-01
4017,4063,4,2017-01-01,2017-03-01
4072,4084,4,2017-01-01,2017-03-01
295,2178,4,2017-01-01,2017-03-01
2152,3195,4,2017-01-01,2017-03-01
1808,2767,4,2017-01-01,2017-03-01
2233,3529,4,2017-01-01,2017-03-01
3154,3479,4,2017-01-01,2017-03-01
443,601,4,2017-01-01,2017-03-01
2295,3510,4,2017-01-01,2017-03-01
2325,3648,4,2017-01-01,2017-03-01
4540,4587,4,2017-01-01,2017-03-01
4020,4340,4,2017-01-01,2017-03-01
4002,4362,4,2017-01-01,2017-03-01
4657,4677,4,2017-01-01,2017-03-01
4655,4682,4,2017-01-01,2017-03-01
1444,1844,4,2017-01-01,2017-03-01
446,2509,4,2017-01-01,2017-03-01
1472,4200,4,2017-01-01,2017-03-01
2467,2932,4,2017-01-01,2017-03-01
912,1313,4,2017-01-01,2017-03-01
2212,2405,4,2017-01-01,2017-03-01
1321,3635,4,2017-01-01,2017-03-01
2963,3537,4,2017-01-01,2017-03-01
1313,2222,4,2017-01-01,2017-03-01
343,400,4,2017-01-01,2017-03-01
611,659,4,2017-01-01,2017-03-01
738,790,4,2017-01-01,2017-03-01
702,738,4,2017-01-01,2017-03-01
805,844,4,2017-01-01,2017-03-01
819,832,4,2017-01-01,2017-03-01
362,1072,4,2017-01-01,2017-03-01
813,832,4,2017-01-01,2017-03-01
324,1045,4,2017-01-01,2017-03-01
309,1031,4,2017-01-01,2017-03-01
313,1038,4,2017-01-01,2017-03-01
706,1013,4,2017-01-01,2017-03-01
392,760,4,2017-01-01,2017-03-01
1674,1677,4,2017-01-01,2017-03-01
1816,1865,4,2017-01-01,2017-03-01
2158,2189,4,2017-01-01,2017-03-01
2154,2168,4,2017-01-01,2017-03-01
2262,2268,4,2017-01-01,2017-03-01
2406,2447,4,2017-01-01,2017-03-01
2701,2774,4,2017-01-01,2017-03-01
231,3173,4,2017-01-01,2017-03-01
1014,2681,4,2017-01-01,2017-03-01
3645,3675,4,2017-01-01,2017-03-01
368,3444,4,2017-01-01,2017-03-01
1095,3491,4,2017-01-01,2017-03-01
3904,3933,4,2017-01-01,2017-03-01
650,2531,4,2017-01-01,2017-03-01
650,2539,4,2017-01-01,2017-03-01
1645,2510,4,2017-01-01,2017-03-01
1569,3906,4,2017-01-01,2017-03-01
154,456,4,2017-01-01,2017-03-01
4316,4346,4,2017-01-01,2017-03-01
930,2968,4,2017-01-01,2017-03-01
2255,3577,4,2017-01-01,2017-03-01
4401,4465,4,2017-01-01,2017-03-01
2325,3679,4,2017-01-01,2017-03-01
4645,4682,4,2017-01-01,2017-03-01
1351,2743,4,2017-01-01,2017-03-01
2509,4609,4,2017-01-01,2017-03-01
1598,3529,4,2017-01-01,2017-03-01
2236,2951,4,2017-01-01,2017-03-01
941,1321,4,2017-01-01,2017-03-01
234,243,4,2017-01-01,2017-03-01
624,645,4,2017-01-01,2017-03-01
779,784,4,2017-01-01,2017-03-01
844,895,4,2017-01-01,2017-03-01
881,894,4,2017-01-01,2017-03-01
1157,1197,4,2017-01-01,2017-03-01
382,1031,4,2017-01-01,2017-03-01
376,1038,4,2017-01-01,2017-03-01
1247,1276,4,2017-01-01,2017-03-01
305,1021,4,2017-01-01,2017-03-01
341,1001,4,2017-01-01,2017-03-01
354,1002,4,2017-01-01,2017-03-01
1212,1236,4,2017-01-01,2017-03-01
1207,1290,4,2017-01-01,2017-03-01
381,727,4,2017-01-01,2017-03-01
768,1053,4,2017-01-01,2017-03-01
1625,1656,4,2017-01-01,2017-03-01
1808,1867,4,2017-01-01,2017-03-01
1973,1979,4,2017-01-01,2017-03-01
1933,1973,4,2017-01-01,2017-03-01
2120,2158,4,2017-01-01,2017-03-01
2158,2168,4,2017-01-01,2017-03-01
2158,2185,4,2017-01-01,2017-03-01
2111,2179,4,2017-01-01,2017-03-01
2119,2154,4,2017-01-01,2017-03-01
2107,2185,4,2017-01-01,2017-03-01
2154,2169,4,2017-01-01,2017-03-01
2110,2145,4,2017-01-01,2017-03-01
2223,2254,4,2017-01-01,2017-03-01
2205,2277,4,2017-01-01,2017-03-01
2603,2643,4,2017-01-01,2017-03-01
3122,3174,4,2017-01-01,2017-03-01
3114,3174,4,2017-01-01,2017-03-01
1287,2608,4,2017-01-01,2017-03-01
1053,3414,4,2017-01-01,2017-03-01
701,3444,4,2017-01-01,2017-03-01
1023,3421,4,2017-01-01,2017-03-01
1095,3444,4,2017-01-01,2017-03-01
3831,3867,4,2017-01-01,2017-03-01
4082,4089,4,2017-01-01,2017-03-01
4044,4069,4,2017-01-01,2017-03-01
2153,3188,4,2017-01-01,2017-03-01
221,3151,4,2017-01-01,2017-03-01
1645,2522,4,2017-01-01,2017-03-01
692,1670,4,2017-01-01,2017-03-01
398,2803,4,2017-01-01,2017-03-01
1369,2939,4,2017-01-01,2017-03-01
811,3713,4,2017-01-01,2017-03-01
4449,4475,4,2017-01-01,2017-03-01
4057,4340,4,2017-01-01,2017-03-01
4040,4361,4,2017-01-01,2017-03-01
4617,4682,4,2017-01-01,2017-03-01
962,1288,4,2017-01-01,2017-03-01
1484,4066,4,2017-01-01,2017-03-01
1484,4316,4,2017-01-01,2017-03-01
1337,4395,4,2017-01-01,2017-03-01
2959,4373,4,2017-01-01,2017-03-01
975,4013,4,2017-01-01,2017-03-01
1482,4353,4,2017-01-01,2017-03-01
920,1358,4,2017-01-01,2017-03-01
2222,2498,4,2017-01-01,2017-03-01
972,2977,4,2017-01-01,2017-03-01
141,2212,4,2017-01-01,2017-03-01
629,699,4,2017-01-01,2017-03-01
610,646,4,2017-01-01,2017-03-01
633,634,4,2017-01-01,2017-03-01
341,1035,4,2017-01-01,2017-03-01
392,1002,4,2017-01-01,2017-03-01
355,1021,4,2017-01-01,2017-03-01
378,774,4,2017-01-01,2017-03-01
791,1013,4,2017-01-01,2017-03-01
1702,1727,4,2017-01-01,2017-03-01
2135,2179,4,2017-01-01,2017-03-01
2109,2165,4,2017-01-01,2017-03-01
2116,2179,4,2017-01-01,2017-03-01
2141,2144,4,2017-01-01,2017-03-01
2235,2282,4,2017-01-01,2017-03-01
2241,2268,4,2017-01-01,2017-03-01
2249,2281,4,2017-01-01,2017-03-01
2482,2491,4,2017-01-01,2017-03-01
205,611,4,2017-01-01,2017-03-01
3405,3438,4,2017-01-01,2017-03-01
3504,3565,4,2017-01-01,2017-03-01
724,3410,4,2017-01-01,2017-03-01
3849,3887,4,2017-01-01,2017-03-01
4032,4061,4,2017-01-01,2017-03-01
2178,3122,4,2017-01-01,2017-03-01
690,2183,4,2017-01-01,2017-03-01
1427,2705,4,2017-01-01,2017-03-01
1506,3978,4,2017-01-01,2017-03-01
4338,4366,4,2017-01-01,2017-03-01
928,1322,4,2017-01-01,2017-03-01
266,2667,4,2017-01-01,2017-03-01
4564,4587,4,2017-01-01,2017-03-01
4032,4340,4,2017-01-01,2017-03-01
1677,3815,4,2017-01-01,2017-03-01
4650,4685,4,2017-01-01,2017-03-01
204,1439,4,2017-01-01,2017-03-01
1432,1844,4,2017-01-01,2017-03-01
1482,1844,4,2017-01-01,2017-03-01
437,1369,4,2017-01-01,2017-03-01
1314,4025,4,2017-01-01,2017-03-01
266,4478,4,2017-01-01,2017-03-01
5152,5193,4,2017-01-01,2017-03-01
5310,5358,4,2017-01-01,2017-03-01
1387,2910,4,2017-01-01,2017-03-01
2222,3678,4,2017-01-01,2017-03-01
2273,2965,4,2017-01-01,2017-03-01
1330,3536,4,2017-01-01,2017-03-01
2928,3639,4,2017-01-01,2017-03-01
248,294,4,2017-01-01,2017-03-01
320,367,4,2017-01-01,2017-03-01
868,899,4,2017-01-01,2017-03-01
837,849,4,2017-01-01,2017-03-01
308,1045,4,2017-01-01,2017-03-01
368,1021,4,2017-01-01,2017-03-01
1223,1229,4,2017-01-01,2017-03-01
354,746,4,2017-01-01,2017-03-01
328,739,4,2017-01-01,2017-03-01
313,749,4,2017-01-01,2017-03-01
760,1029,4,2017-01-01,2017-03-01
395,759,4,2017-01-01,2017-03-01
771,1035,4,2017-01-01,2017-03-01
1947,1961,4,2017-01-01,2017-03-01
1918,1975,4,2017-01-01,2017-03-01
1941,1991,4,2017-01-01,2017-03-01
2144,2148,4,2017-01-01,2017-03-01
2131,2154,4,2017-01-01,2017-03-01
2264,2271,4,2017-01-01,2017-03-01
2436,2462,4,2017-01-01,2017-03-01
2515,2584,4,2017-01-01,2017-03-01
2822,2877,4,2017-01-01,2017-03-01
3329,3349,4,2017-01-01,2017-03-01
275,622,4,2017-01-01,2017-03-01
276,622,4,2017-01-01,2017-03-01
3423,3455,4,2017-01-01,2017-03-01
740,3410,4,2017-01-01,2017-03-01
740,3471,4,2017-01-01,2017-03-01
3712,3739,4,2017-01-01,2017-03-01
3805,3858,4,2017-01-01,2017-03-01
3913,3989,4,2017-01-01,2017-03-01
4051,4075,4,2017-01-01,2017-03-01
4029,4052,4,2017-01-01,2017-03-01
244,3198,4,2017-01-01,2017-03-01
244,3114,4,2017-01-01,2017-03-01
218,679,4,2017-01-01,2017-03-01
218,3114,4,2017-01-01,2017-03-01
218,3193,4,2017-01-01,2017-03-01
609,3195,4,2017-01-01,2017-03-01
1427,1867,4,2017-01-01,2017-03-01
215,2573,4,2017-01-01,2017-03-01
205,490,4,2017-01-01,2017-03-01
684,1693,4,2017-01-01,2017-03-01
275,2545,4,2017-01-01,2017-03-01
1645,2567,4,2017-01-01,2017-03-01
333,3933,4,2017-01-01,2017-03-01
1569,3914,4,2017-01-01,2017-03-01
2285,3565,4,2017-01-01,2017-03-01
3172,3439,4,2017-01-01,2017-03-01
4362,4399,4,2017-01-01,2017-03-01
4423,4474,4,2017-01-01,2017-03-01
4460,4488,4,2017-01-01,2017-03-01
4418,4491,4,2017-01-01,2017-03-01
2325,3681,4,2017-01-01,2017-03-01
4071,4359,4,2017-01-01,2017-03-01
4670,4680,4,2017-01-01,2017-03-01
1444,2857,4,2017-01-01,2017-03-01
1248,1422,4,2017-01-01,2017-03-01
2969,4066,4,2017-01-01,2017-03-01
1337,4373,4,2017-01-01,2017-03-01
1371,4013,4,2017-01-01,2017-03-01
1371,4066,4,2017-01-01,2017-03-01
2783,4395,4,2017-01-01,2017-03-01
1818,4009,4,2017-01-01,2017-03-01
5157,5170,4,2017-01-01,2017-03-01
946,3554,4,2017-01-01,2017-03-01
1321,2437,4,2017-01-01,2017-03-01
2935,3554,4,2017-01-01,2017-03-01
2963,3681,4,2017-01-01,2017-03-01
1343,3679,4,2017-01-01,2017-03-01
613,665,4,2017-01-01,2017-03-01
622,659,4,2017-01-01,2017-03-01
777,796,4,2017-01-01,2017-03-01
702,745,4,2017-01-01,2017-03-01
805,881,4,2017-01-01,2017-03-01
1313,1347,4,2017-01-01,2017-03-01
1414,1489,4,2017-01-01,2017-03-01
415,443,4,2017-01-01,2017-03-01
354,1073,4,2017-01-01,2017-03-01
395,1044,4,2017-01-01,2017-03-01
774,1035,4,2017-01-01,2017-03-01
1902,1904,4,2017-01-01,2017-03-01
2144,2168,4,2017-01-01,2017-03-01
2276,2282,4,2017-01-01,2017-03-01
2220,2238,4,2017-01-01,2017-03-01
2404,2425,4,2017-01-01,2017-03-01
2604,2644,4,2017-01-01,2017-03-01
3349,3399,4,2017-01-01,2017-03-01
333,2655,4,2017-01-01,2017-03-01
1247,1581,4,2017-01-01,2017-03-01
3554,3567,4,2017-01-01,2017-03-01
3540,3567,4,2017-01-01,2017-03-01
724,3471,4,2017-01-01,2017-03-01
3906,3933,4,2017-01-01,2017-03-01
4020,4099,4,2017-01-01,2017-03-01
4035,4059,4,2017-01-01,2017-03-01
4072,4087,4,2017-01-01,2017-03-01
2186,3182,4,2017-01-01,2017-03-01
2175,3198,4,2017-01-01,2017-03-01
609,2152,4,2017-01-01,2017-03-01
215,2522,4,2017-01-01,2017-03-01
1581,3941,4,2017-01-01,2017-03-01
2285,3552,4,2017-01-01,2017-03-01
601,2521,4,2017-01-01,2017-03-01
1240,3184,4,2017-01-01,2017-03-01
4335,4347,4,2017-01-01,2017-03-01
1322,2941,4,2017-01-01,2017-03-01
4403,4418,4,2017-01-01,2017-03-01
446,4628,4,2017-01-01,2017-03-01
1464,4016,4,2017-01-01,2017-03-01
5193,5194,4,2017-01-01,2017-03-01
2325,2977,4,2017-01-01,2017-03-01
941,1313,4,2017-01-01,2017-03-01
628,649,4,2017-01-01,2017-03-01
725,735,4,2017-01-01,2017-03-01
833,843,4,2017-01-01,2017-03-01
804,813,4,2017-01-01,2017-03-01
868,894,4,2017-01-01,2017-03-01
366,1045,4,2017-01-01,2017-03-01
766,1095,4,2017-01-01,2017-03-01
771,1031,4,2017-01-01,2017-03-01
334,724,4,2017-01-01,2017-03-01
1637,1639,4,2017-01-01,2017-03-01
1922,1988,4,2017-01-01,2017-03-01
1911,1951,4,2017-01-01,2017-03-01
2042,2062,4,2017-01-01,2017-03-01
2163,2165,4,2017-01-01,2017-03-01
2141,2154,4,2017-01-01,2017-03-01
2251,2294,4,2017-01-01,2017-03-01
2202,2211,4,2017-01-01,2017-03-01
2503,2534,4,2017-01-01,2017-03-01
2946,2955,4,2017-01-01,2017-03-01
2928,2985,4,2017-01-01,2017-03-01
3041,3046,4,2017-01-01,2017-03-01
3117,3162,4,2017-01-01,2017-03-01
3332,3349,4,2017-01-01,2017-03-01
638,3116,4,2017-01-01,2017-03-01
646,3104,4,2017-01-01,2017-03-01
212,3117,4,2017-01-01,2017-03-01
3532,3598,4,2017-01-01,2017-03-01
3547,3567,4,2017-01-01,2017-03-01
662,3183,4,2017-01-01,2017-03-01
760,3471,4,2017-01-01,2017-03-01
3702,3742,4,2017-01-01,2017-03-01
3802,3807,4,2017-01-01,2017-03-01
3914,3930,4,2017-01-01,2017-03-01
603,3122,4,2017-01-01,2017-03-01
443,2522,4,2017-01-01,2017-03-01
205,2521,4,2017-01-01,2017-03-01
684,2573,4,2017-01-01,2017-03-01
274,2521,4,2017-01-01,2017-03-01
314,3901,4,2017-01-01,2017-03-01
2248,3593,4,2017-01-01,2017-03-01
4359,4396,4,2017-01-01,2017-03-01
4339,4387,4,2017-01-01,2017-03-01
2223,3571,4,2017-01-01,2017-03-01
141,3671,4,2017-01-01,2017-03-01
4645,4668,4,2017-01-01,2017-03-01
2857,3152,4,2017-01-01,2017-03-01
204,2816,4,2017-01-01,2017-03-01
1439,2511,4,2017-01-01,2017-03-01
1813,2992,4,2017-01-01,2017-03-01
910,2802,4,2017-01-01,2017-03-01
1482,4399,4,2017-01-01,2017-03-01
1598,3553,4,2017-01-01,2017-03-01
5145,5148,4,2017-01-01,2017-03-01
912,2901,4,2017-01-01,2017-03-01
2279,3648,4,2017-01-01,2017-03-01
2222,2932,4,2017-01-01,2017-03-01
972,2325,4,2017-01-01,2017-03-01
1321,3675,4,2017-01-01,2017-03-01
1313,2977,4,2017-01-01,2017-03-01
657,692,4,2017-01-01,2017-03-01
624,681,4,2017-01-01,2017-03-01
812,848,4,2017-01-01,2017-03-01
1442,1498,4,2017-01-01,2017-03-01
328,1045,4,2017-01-01,2017-03-01
355,1073,4,2017-01-01,2017-03-01
739,1013,4,2017-01-01,2017-03-01
740,1013,4,2017-01-01,2017-03-01
355,763,4,2017-01-01,2017-03-01
362,733,4,2017-01-01,2017-03-01
1635,1662,4,2017-01-01,2017-03-01
1884,1891,4,2017-01-01,2017-03-01
1914,1971,4,2017-01-01,2017-03-01
1945,1989,4,2017-01-01,2017-03-01
1902,1945,4,2017-01-01,2017-03-01
1902,1987,4,2017-01-01,2017-03-01
2142,2179,4,2017-01-01,2017-03-01
2165,2181,4,2017-01-01,2017-03-01
2122,2135,4,2017-01-01,2017-03-01
2119,2169,4,2017-01-01,2017-03-01
2128,2167,4,2017-01-01,2017-03-01
2163,2190,4,2017-01-01,2017-03-01
2134,2179,4,2017-01-01,2017-03-01
2107,2179,4,2017-01-01,2017-03-01
2201,2232,4,2017-01-01,2017-03-01
3137,3180,4,2017-01-01,2017-03-01
3230,3286,4,2017-01-01,2017-03-01
212,3199,4,2017-01-01,2017-03-01
625,3116,4,2017-01-01,2017-03-01
1544,2697,4,2017-01-01,2017-03-01
746,3414,4,2017-01-01,2017-03-01
1053,3402,4,2017-01-01,2017-03-01
1023,3444,4,2017-01-01,2017-03-01
3930,3955,4,2017-01-01,2017-03-01
205,2522,4,2017-01-01,2017-03-01
1506,3906,4,2017-01-01,2017-03-01
4318,4398,4,2017-01-01,2017-03-01
4350,4383,4,2017-01-01,2017-03-01
1310,2959,4,2017-01-01,2017-03-01
2255,3540,4,2017-01-01,2017-03-01
4657,4667,4,2017-01-01,2017-03-01
1439,2857,4,2017-01-01,2017-03-01
1432,2867,4,2017-01-01,2017-03-01
2959,4044,4,2017-01-01,2017-03-01
2959,4009,4,2017-01-01,2017-03-01
2783,4066,4,2017-01-01,2017-03-01
930,4066,4,2017-01-01,2017-03-01
930,4053,4,2017-01-01,2017-03-01
2939,4016,4,2017-01-01,2017-03-01
407,4309,4,2017-01-01,2017-03-01
1598,2278,4,2017-01-01,2017-03-01
5120,5170,4,2017-01-01,2017-03-01
1387,2458,4,2017-01-01,2017-03-01
2221,2910,4,2017-01-01,2017-03-01
941,2467,4,2017-01-01,2017-03-01
335,375,4,2017-01-01,2017-03-01
609,673,4,2017-01-01,2017-03-01
801,837,4,2017-01-01,2017-03-01
813,843,4,2017-01-01,2017-03-01
1156,1186,4,2017-01-01,2017-03-01
324,1026,4,2017-01-01,2017-03-01
362,1043,4,2017-01-01,2017-03-01
1414,1456,4,2017-01-01,2017-03-01
341,1051,4,2017-01-01,2017-03-01
328,1026,4,2017-01-01,2017-03-01
309,1007,4,2017-01-01,2017-03-01
791,1053,4,2017-01-01,2017-03-01
1979,1990,4,2017-01-01,2017-03-01
1902,1938,4,2017-01-01,2017-03-01
2038,2072,4,2017-01-01,2017-03-01
2144,2188,4,2017-01-01,2017-03-01
2131,2134,4,2017-01-01,2017-03-01
2131,2165,4,2017-01-01,2017-03-01
2111,2119,4,2017-01-01,2017-03-01
2134,2140,4,2017-01-01,2017-03-01
2107,2141,4,2017-01-01,2017-03-01
2237,2274,4,2017-01-01,2017-03-01
2201,2202,4,2017-01-01,2017-03-01
2247,2281,4,2017-01-01,2017-03-01
2438,2500,4,2017-01-01,2017-03-01
2701,2761,4,2017-01-01,2017-03-01
2870,2897,4,2017-01-01,2017-03-01
3024,3096,4,2017-01-01,2017-03-01
3109,3123,4,2017-01-01,2017-03-01
3208,3225,4,2017-01-01,2017-03-01
3447,3483,4,2017-01-01,2017-03-01
3479,3493,4,2017-01-01,2017-03-01
1024,1509,4,2017-01-01,2017-03-01
3556,3598,4,2017-01-01,2017-03-01
631,2109,4,2017-01-01,2017-03-01
740,3491,4,2017-01-01,2017-03-01
3809,3837,4,2017-01-01,2017-03-01
3978,3980,4,2017-01-01,2017-03-01
3908,3933,4,2017-01-01,2017-03-01
2178,3198,4,2017-01-01,2017-03-01
1300,2573,4,2017-01-01,2017-03-01
229,2550,4,2017-01-01,2017-03-01
2561,3149,4,2017-01-01,2017-03-01
1585,2643,4,2017-01-01,2017-03-01
1544,3931,4,2017-01-01,2017-03-01
299,1692,4,2017-01-01,2017-03-01
961,2969,4,2017-01-01,2017-03-01
2273,3571,4,2017-01-01,2017-03-01
4417,4465,4,2017-01-01,2017-03-01
2437,3620,4,2017-01-01,2017-03-01
4090,4387,4,2017-01-01,2017-03-01
4633,4677,4,2017-01-01,2017-03-01
1482,2857,4,2017-01-01,2017-03-01
945,1288,4,2017-01-01,2017-03-01
5138,5148,4,2017-01-01,2017-03-01
2924,3639,4,2017-01-01,2017-03-01
2901,3536,4,2017-01-01,2017-03-01
1313,2263,4,2017-01-01,2017-03-01
602,690,4,2017-01-01,2017-03-01
611,677,4,2017-01-01,2017-03-01
374,1043,4,2017-01-01,2017-03-01
210,215,4,2017-01-01,2017-03-01
395,709,4,2017-01-01,2017-03-01
366,791,4,2017-01-01,2017-03-01
1868,1891,4,2017-01-01,2017-03-01
1807,1836,4,2017-01-01,2017-03-01
1954,1969,4,2017-01-01,2017-03-01
1913,1945,4,2017-01-01,2017-03-01
1913,1988,4,2017-01-01,2017-03-01
2111,2144,4,2017-01-01,2017-03-01
2155,2158,4,2017-01-01,2017-03-01
2137,2168,4,2017-01-01,2017-03-01
2116,2119,4,2017-01-01,2017-03-01
2204,2231,4,2017-01-01,2017-03-01
2406,2478,4,2017-01-01,2017-03-01
2429,2492,4,2017-01-01,2017-03-01
255,3192,4,2017-01-01,2017-03-01
368,3405,4,2017-01-01,2017-03-01
701,3402,4,2017-01-01,2017-03-01
3801,3809,4,2017-01-01,2017-03-01
3913,3940,4,2017-01-01,2017-03-01
295,3182,4,2017-01-01,2017-03-01
2175,3114,4,2017-01-01,2017-03-01
606,2576,4,2017-01-01,2017-03-01
274,2567,4,2017-01-01,2017-03-01
2285,3593,4,2017-01-01,2017-03-01
3155,3439,4,2017-01-01,2017-03-01
231,1602,4,2017-01-01,2017-03-01
4307,4318,4,2017-01-01,2017-03-01
930,1369,4,2017-01-01,2017-03-01
928,1310,4,2017-01-01,2017-03-01
4466,4473,4,2017-01-01,2017-03-01
141,3639,4,2017-01-01,2017-03-01
141,2498,4,2017-01-01,2017-03-01
2315,2407,4,2017-01-01,2017-03-01
4007,4362,4,2017-01-01,2017-03-01
4608,4677,4,2017-01-01,2017-03-01
4608,4643,4,2017-01-01,2017-03-01
1288,2911,4,2017-01-01,2017-03-01
2959,4059,4,2017-01-01,2017-03-01
930,4016,4,2017-01-01,2017-03-01
1358,2910,4,2017-01-01,2017-03-01
126,3571,4,2017-01-01,2017-03-01
2407,2932,4,2017-01-01,2017-03-01
2910,3547,4,2017-01-01,2017-03-01
1343,2223,4,2017-01-01,2017-03-01
606,680,4,2017-01-01,2017-03-01
812,884,4,2017-01-01,2017-03-01
847,878,4,2017-01-01,2017-03-01
845,868,4,2017-01-01,2017-03-01
366,1051,4,2017-01-01,2017-03-01
1208,1273,4,2017-01-01,2017-03-01
395,1073,4,2017-01-01,2017-03-01
382,774,4,2017-01-01,2017-03-01
761,1023,4,2017-01-01,2017-03-01
376,731,4,2017-01-01,2017-03-01
355,733,4,2017-01-01,2017-03-01
1933,1989,4,2017-01-01,2017-03-01
1933,1988,4,2017-01-01,2017-03-01
1917,1922,4,2017-01-01,2017-03-01
2140,2163,4,2017-01-01,2017-03-01
2125,2191,4,2017-01-01,2017-03-01
2107,2124,4,2017-01-01,2017-03-01
2249,2262,4,2017-01-01,2017-03-01
2272,2281,4,2017-01-01,2017-03-01
2484,2500,4,2017-01-01,2017-03-01
2430,2464,4,2017-01-01,2017-03-01
2963,2985,4,2017-01-01,2017-03-01
3134,3167,4,2017-01-01,2017-03-01
3134,3174,4,2017-01-01,2017-03-01
3117,3169,4,2017-01-01,2017-03-01
645,3132,4,2017-01-01,2017-03-01
3413,3446,4,2017-01-01,2017-03-01
3402,3493,4,2017-01-01,2017-03-01
3502,3567,4,2017-01-01,2017-03-01
3553,3582,4,2017-01-01,2017-03-01
1023,3440,4,2017-01-01,2017-03-01
772,3410,4,2017-01-01,2017-03-01
3702,3775,4,2017-01-01,2017-03-01
3775,3791,4,2017-01-01,2017-03-01
3867,3871,4,2017-01-01,2017-03-01
3824,3867,4,2017-01-01,2017-03-01
3941,3989,4,2017-01-01,2017-03-01
3904,3989,4,2017-01-01,2017-03-01
4037,4052,4,2017-01-01,2017-03-01
4014,4082,4,2017-01-01,2017-03-01
272,2178,4,2017-01-01,2017-03-01
2152,3198,4,2017-01-01,2017-03-01
690,2153,4,2017-01-01,2017-03-01
606,2568,4,2017-01-01,2017-03-01
2539,3104,4,2017-01-01,2017-03-01
2245,3524,4,2017-01-01,2017-03-01
4451,4465,4,2017-01-01,2017-03-01
2437,3679,4,2017-01-01,2017-03-01
4672,4677,4,2017-01-01,2017-03-01
4617,4696,4,2017-01-01,2017-03-01
1444,2717,4,2017-01-01,2017-03-01
1315,2743,4,2017-01-01,2017-03-01
915,4395,4,2017-01-01,2017-03-01
1696,4025,4,2017-01-01,2017-03-01
2939,4083,4,2017-01-01,2017-03-01
2244,2570,4,2017-01-01,2017-03-01
2233,4418,4,2017-01-01,2017-03-01
1387,2222,4,2017-01-01,2017-03-01
2335,3571,4,2017-01-01,2017-03-01
2963,3540,4,2017-01-01,2017-03-01
2963,3698,4,2017-01-01,2017-03-01
367,373,4,2017-01-01,2017-03-01
609,655,4,2017-01-01,2017-03-01
601,658,4,2017-01-01,2017-03-01
745,798,4,2017-01-01,2017-03-01
748,756,4,2017-01-01,2017-03-01
819,881,4,2017-01-01,2017-03-01
1415,1456,4,2017-01-01,2017-03-01
1427,1442,4,2017-01-01,2017-03-01
967,979,4,2017-01-01,2017-03-01
1005,1220,4,2017-01-01,2017-03-01
374,792,4,2017-01-01,2017-03-01
324,752,4,2017-01-01,2017-03-01
1922,1987,4,2017-01-01,2017-03-01
1941,1956,4,2017-01-01,2017-03-01
1902,1997,4,2017-01-01,2017-03-01
2144,2145,4,2017-01-01,2017-03-01
2126,2162,4,2017-01-01,2017-03-01
2135,2188,4,2017-01-01,2017-03-01
2148,2168,4,2017-01-01,2017-03-01
2268,2271,4,2017-01-01,2017-03-01
2538,2571,4,2017-01-01,2017-03-01
3021,3039,4,2017-01-01,2017-03-01
3021,3096,4,2017-01-01,2017-03-01
3076,3096,4,2017-01-01,2017-03-01
665,3171,4,2017-01-01,2017-03-01
3421,3438,4,2017-01-01,2017-03-01
3410,3479,4,2017-01-01,2017-03-01
3423,3495,4,2017-01-01,2017-03-01
368,3410,4,2017-01-01,2017-03-01
1053,3444,4,2017-01-01,2017-03-01
772,3477,4,2017-01-01,2017-03-01
289,2197,4,2017-01-01,2017-03-01
2152,3182,4,2017-01-01,2017-03-01
246,2183,4,2017-01-01,2017-03-01
246,603,4,2017-01-01,2017-03-01
2510,3180,4,2017-01-01,2017-03-01
1645,2576,4,2017-01-01,2017-03-01
405,1062,4,2017-01-01,2017-03-01
333,3931,4,2017-01-01,2017-03-01
1561,3901,4,2017-01-01,2017-03-01
655,3447,4,2017-01-01,2017-03-01
4350,4358,4,2017-01-01,2017-03-01
4350,4386,4,2017-01-01,2017-03-01
1314,2968,4,2017-01-01,2017-03-01
331,3924,4,2017-01-01,2017-03-01
2570,3924,4,2017-01-01,2017-03-01
1576,2567,4,2017-01-01,2017-03-01
2255,3510,4,2017-01-01,2017-03-01
4057,4376,4,2017-01-01,2017-03-01
4040,4376,4,2017-01-01,2017-03-01
4022,4344,4,2017-01-01,2017-03-01
4632,4667,4,2017-01-01,2017-03-01
4645,4655,4,2017-01-01,2017-03-01
4617,4630,4,2017-01-01,2017-03-01
1484,2816,4,2017-01-01,2017-03-01
1484,4013,4,2017-01-01,2017-03-01
2969,4053,4,2017-01-01,2017-03-01
1696,4339,4,2017-01-01,2017-03-01
1818,4052,4,2017-01-01,2017-03-01
920,2932,4,2017-01-01,2017-03-01
1347,2935,4,2017-01-01,2017-03-01
2223,2334,4,2017-01-01,2017-03-01
130,3547,4,2017-01-01,2017-03-01
1343,3540,4,2017-01-01,2017-03-01
615,650,4,2017-01-01,2017-03-01
848,881,4,2017-01-01,2017-03-01
850,884,4,2017-01-01,2017-03-01
843,859,4,2017-01-01,2017-03-01
845,859,4,2017-01-01,2017-03-01
1211,1254,4,2017-01-01,2017-03-01
1201,1241,4,2017-01-01,2017-03-01
305,1002,4,2017-01-01,2017-03-01
330,1001,4,2017-01-01,2017-03-01
368,1002,4,2017-01-01,2017-03-01
1222,1284,4,2017-01-01,2017-03-01
392,733,4,2017-01-01,2017-03-01
360,740,4,2017-01-01,2017-03-01
763,1029,4,2017-01-01,2017-03-01
1877,1883,4,2017-01-01,2017-03-01
1966,1990,4,2017-01-01,2017-03-01
2111,2141,4,2017-01-01,2017-03-01
2111,2122,4,2017-01-01,2017-03-01
2133,2156,4,2017-01-01,2017-03-01
2253,2258,4,2017-01-01,2017-03-01
2262,2288,4,2017-01-01,2017-03-01
2231,2232,4,2017-01-01,2017-03-01
2226,2276,4,2017-01-01,2017-03-01
2235,2249,4,2017-01-01,2017-03-01
2272,2290,4,2017-01-01,2017-03-01
2610,2644,4,2017-01-01,2017-03-01
2857,2894,4,2017-01-01,2017-03-01
391,431,4,2017-01-01,2017-03-01
3134,3151,4,2017-01-01,2017-03-01
3134,3193,4,2017-01-01,2017-03-01
3135,3161,4,2017-01-01,2017-03-01
3154,3182,4,2017-01-01,2017-03-01
3317,3332,4,2017-01-01,2017-03-01
248,3192,4,2017-01-01,2017-03-01
231,638,4,2017-01-01,2017-03-01
3411,3440,4,2017-01-01,2017-03-01
751,3490,4,2017-01-01,2017-03-01
1095,3436,4,2017-01-01,2017-03-01
3967,3994,4,2017-01-01,2017-03-01
4029,4037,4,2017-01-01,2017-03-01
4075,4088,4,2017-01-01,2017-03-01
679,3188,4,2017-01-01,2017-03-01
263,2152,4,2017-01-01,2017-03-01
286,3151,4,2017-01-01,2017-03-01
1108,1472,4,2017-01-01,2017-03-01
275,2573,4,2017-01-01,2017-03-01
1223,3980,4,2017-01-01,2017-03-01
2278,3548,4,2017-01-01,2017-03-01
2229,3579,4,2017-01-01,2017-03-01
994,1314,4,2017-01-01,2017-03-01
4423,4449,4,2017-01-01,2017-03-01
4425,4499,4,2017-01-01,2017-03-01
4569,4590,4,2017-01-01,2017-03-01
4615,4632,4,2017-01-01,2017-03-01
4650,4670,4,2017-01-01,2017-03-01
928,4011,4,2017-01-01,2017-03-01
2969,4364,4,2017-01-01,2017-03-01
2969,4025,4,2017-01-01,2017-03-01
1314,4388,4,2017-01-01,2017-03-01
946,2935,4,2017-01-01,2017-03-01
912,2407,4,2017-01-01,2017-03-01
2295,2935,4,2017-01-01,2017-03-01
240,260,4,2017-01-01,2017-03-01
542,563,4,2017-01-01,2017-03-01
631,666,4,2017-01-01,2017-03-01
844,850,4,2017-01-01,2017-03-01
801,849,4,2017-01-01,2017-03-01
1234,1254,4,2017-01-01,2017-03-01
1333,1376,4,2017-01-01,2017-03-01
204,283,4,2017-01-01,2017-03-01
328,755,4,2017-01-01,2017-03-01
1823,1827,4,2017-01-01,2017-03-01
1807,1897,4,2017-01-01,2017-03-01
1883,1897,4,2017-01-01,2017-03-01
1922,1991,4,2017-01-01,2017-03-01
2115,2120,4,2017-01-01,2017-03-01
2111,2135,4,2017-01-01,2017-03-01
2119,2126,4,2017-01-01,2017-03-01
2155,2190,4,2017-01-01,2017-03-01
2163,2173,4,2017-01-01,2017-03-01
2201,2292,4,2017-01-01,2017-03-01
3152,3171,4,2017-01-01,2017-03-01
3206,3271,4,2017-01-01,2017-03-01
3309,3349,4,2017-01-01,2017-03-01
3463,3475,4,2017-01-01,2017-03-01
1569,2681,4,2017-01-01,2017-03-01
1223,2697,4,2017-01-01,2017-03-01
1506,2681,4,2017-01-01,2017-03-01
1092,2663,4,2017-01-01,2017-03-01
1023,3414,4,2017-01-01,2017-03-01
3739,3794,4,2017-01-01,2017-03-01
3809,3887,4,2017-01-01,2017-03-01
3902,3939,4,2017-01-01,2017-03-01
4071,4087,4,2017-01-01,2017-03-01
1300,2545,4,2017-01-01,2017-03-01
4345,4359,4,2017-01-01,2017-03-01
1298,3924,4,2017-01-01,2017-03-01
4451,4484,4,2017-01-01,2017-03-01
2315,3639,4,2017-01-01,2017-03-01
2325,2405,4,2017-01-01,2017-03-01
4504,4587,4,2017-01-01,2017-03-01
1444,1696,4,2017-01-01,2017-03-01
2759,4059,4,2017-01-01,2017-03-01
3547,3639,4,2017-01-01,2017-03-01
920,3635,4,2017-01-01,2017-03-01
972,3578,4,2017-01-01,2017-03-01
923,3681,4,2017-01-01,2017-03-01
610,698,4,2017-01-01,2017-03-01
681,688,4,2017-01-01,2017-03-01
812,837,4,2017-01-01,2017-03-01
1212,1247,4,2017-01-01,2017-03-01
315,1026,4,2017-01-01,2017-03-01
392,755,4,2017-01-01,2017-03-01
1956,1987,4,2017-01-01,2017-03-01
1937,1988,4,2017-01-01,2017-03-01
1918,1942,4,2017-01-01,2017-03-01
1941,1960,4,2017-01-01,2017-03-01
1913,1987,4,2017-01-01,2017-03-01
2120,2134,4,2017-01-01,2017-03-01
2181,2182,4,2017-01-01,2017-03-01
2141,2181,4,2017-01-01,2017-03-01
2136,2165,4,2017-01-01,2017-03-01
2237,2253,4,2017-01-01,2017-03-01
2428,2477,4,2017-01-01,2017-03-01
2514,2545,4,2017-01-01,2017-03-01
2809,2877,4,2017-01-01,2017-03-01
2901,2963,4,2017-01-01,2017-03-01
3065,3075,4,2017-01-01,2017-03-01
3039,3096,4,2017-01-01,2017-03-01
3155,3195,4,2017-01-01,2017-03-01
3120,3171,4,2017-01-01,2017-03-01
3120,3145,4,2017-01-01,2017-03-01
3209,3249,4,2017-01-01,2017-03-01
212,610,4,2017-01-01,2017-03-01
3402,3463,4,2017-01-01,2017-03-01
3414,3476,4,2017-01-01,2017-03-01
1223,1542,4,2017-01-01,2017-03-01
3518,3548,4,2017-01-01,2017-03-01
3518,3600,4,2017-01-01,2017-03-01
740,3444,4,2017-01-01,2017-03-01
3902,3959,4,2017-01-01,2017-03-01
4051,4066,4,2017-01-01,2017-03-01
4035,4069,4,2017-01-01,2017-03-01
4035,4075,4,2017-01-01,2017-03-01
272,3122,4,2017-01-01,2017-03-01
2183,3188,4,2017-01-01,2017-03-01
610,2522,4,2017-01-01,2017-03-01
275,2522,4,2017-01-01,2017-03-01
628,3446,4,2017-01-01,2017-03-01
1220,3019,4,2017-01-01,2017-03-01
2222,3540,4,2017-01-01,2017-03-01
4420,4493,4,2017-01-01,2017-03-01
4417,4464,4,2017-01-01,2017-03-01
4403,4407,4,2017-01-01,2017-03-01
2407,3679,4,2017-01-01,2017-03-01
2315,3635,4,2017-01-01,2017-03-01
4656,4695,4,2017-01-01,2017-03-01
437,2776,4,2017-01-01,2017-03-01
407,1432,4,2017-01-01,2017-03-01
2905,3046,4,2017-01-01,2017-03-01
2759,4316,4,2017-01-01,2017-03-01
3548,4407,4,2017-01-01,2017-03-01
5145,5172,4,2017-01-01,2017-03-01
1321,2263,4,2017-01-01,2017-03-01
1343,2965,4,2017-01-01,2017-03-01
266,269,4,2017-01-01,2017-03-01
813,850,4,2017-01-01,2017-03-01
923,984,4,2017-01-01,2017-03-01
1250,1263,4,2017-01-01,2017-03-01
1228,1271,4,2017-01-01,2017-03-01
364,1035,4,2017-01-01,2017-03-01
374,709,4,2017-01-01,2017-03-01
1834,1873,4,2017-01-01,2017-03-01
1821,1827,4,2017-01-01,2017-03-01
1942,1951,4,2017-01-01,2017-03-01
1920,1989,4,2017-01-01,2017-03-01
1902,1974,4,2017-01-01,2017-03-01
2160,2165,4,2017-01-01,2017-03-01
2182,2188,4,2017-01-01,2017-03-01
2135,2163,4,2017-01-01,2017-03-01
2122,2188,4,2017-01-01,2017-03-01
2169,2187,4,2017-01-01,2017-03-01
2141,2190,4,2017-01-01,2017-03-01
2107,2129,4,2017-01-01,2017-03-01
2136,2162,4,2017-01-01,2017-03-01
2206,2226,4,2017-01-01,2017-03-01
2484,2496,4,2017-01-01,2017-03-01
2404,2430,4,2017-01-01,2017-03-01
3134,3198,4,2017-01-01,2017-03-01
1228,1598,4,2017-01-01,2017-03-01
333,2697,4,2017-01-01,2017-03-01
751,3491,4,2017-01-01,2017-03-01
3901,3924,4,2017-01-01,2017-03-01
3908,3941,4,2017-01-01,2017-03-01
4071,4072,4,2017-01-01,2017-03-01
4020,4061,4,2017-01-01,2017-03-01
4002,4044,4,2017-01-01,2017-03-01
4063,4066,4,2017-01-01,2017-03-01
4009,4069,4,2017-01-01,2017-03-01
295,3159,4,2017-01-01,2017-03-01
2199,3114,4,2017-01-01,2017-03-01
603,3167,4,2017-01-01,2017-03-01
221,2175,4,2017-01-01,2017-03-01
684,2522,4,2017-01-01,2017-03-01
274,1300,4,2017-01-01,2017-03-01
2560,3180,4,2017-01-01,2017-03-01
493,1062,4,2017-01-01,2017-03-01
333,3941,4,2017-01-01,2017-03-01
333,3980,4,2017-01-01,2017-03-01
4309,4387,4,2017-01-01,2017-03-01
1322,2939,4,2017-01-01,2017-03-01
4534,4564,4,2017-01-01,2017-03-01
4071,4331,4,2017-01-01,2017-03-01
4608,4680,4,2017-01-01,2017-03-01
407,1465,4,2017-01-01,2017-03-01
2754,2988,4,2017-01-01,2017-03-01
1484,4388,4,2017-01-01,2017-03-01
2969,4395,4,2017-01-01,2017-03-01
1464,4309,4,2017-01-01,2017-03-01
2939,4013,4,2017-01-01,2017-03-01
2939,4399,4,2017-01-01,2017-03-01
2233,2554,4,2017-01-01,2017-03-01
977,2932,4,2017-01-01,2017-03-01
2222,2437,4,2017-01-01,2017-03-01
2932,3678,4,2017-01-01,2017-03-01
58,64,4,2017-01-01,2017-03-01
205,294,4,2017-01-01,2017-03-01
210,248,4,2017-01-01,2017-03-01
323,352,4,2017-01-01,2017-03-01
320,373,4,2017-01-01,2017-03-01
606,645,4,2017-01-01,2017-03-01
813,848,4,2017-01-01,2017-03-01
849,868,4,2017-01-01,2017-03-01
1003,1086,4,2017-01-01,2017-03-01
1415,1452,4,2017-01-01,2017-03-01
1207,1226,4,2017-01-01,2017-03-01
1321,1398,4,2017-01-01,2017-03-01
719,1073,4,2017-01-01,2017-03-01
778,1002,4,2017-01-01,2017-03-01
360,751,4,2017-01-01,2017-03-01
376,749,4,2017-01-01,2017-03-01
764,1057,4,2017-01-01,2017-03-01
1727,1744,4,2017-01-01,2017-03-01
1821,1897,4,2017-01-01,2017-03-01
2140,2141,4,2017-01-01,2017-03-01
2168,2173,4,2017-01-01,2017-03-01
2164,2192,4,2017-01-01,2017-03-01
2129,2181,4,2017-01-01,2017-03-01
2225,2290,4,2017-01-01,2017-03-01
2404,2436,4,2017-01-01,2017-03-01
3178,3186,4,2017-01-01,2017-03-01
3205,3295,4,2017-01-01,2017-03-01
682,3184,4,2017-01-01,2017-03-01
1223,1569,4,2017-01-01,2017-03-01
751,3461,4,2017-01-01,2017-03-01
1095,3413,4,2017-01-01,2017-03-01
3723,3729,4,2017-01-01,2017-03-01
3815,3831,4,2017-01-01,2017-03-01
3808,3831,4,2017-01-01,2017-03-01
3940,3980,4,2017-01-01,2017-03-01
3906,3931,4,2017-01-01,2017-03-01
272,2197,4,2017-01-01,2017-03-01
286,3193,4,2017-01-01,2017-03-01
609,2178,4,2017-01-01,2017-03-01
248,443,4,2017-01-01,2017-03-01
2205,3504,4,2017-01-01,2017-03-01
2240,3561,4,2017-01-01,2017-03-01
4350,4370,4,2017-01-01,2017-03-01
961,1391,4,2017-01-01,2017-03-01
4414,4460,4,2017-01-01,2017-03-01
4411,4429,4,2017-01-01,2017-03-01
4092,4384,4,2017-01-01,2017-03-01
4620,4633,4,2017-01-01,2017-03-01
1288,1351,4,2017-01-01,2017-03-01
2769,2911,4,2017-01-01,2017-03-01
993,2769,4,2017-01-01,2017-03-01
2941,4353,4,2017-01-01,2017-03-01
1484,4053,4,2017-01-01,2017-03-01
975,4364,4,2017-01-01,2017-03-01
5126,5170,4,2017-01-01,2017-03-01
2236,3648,4,2017-01-01,2017-03-01
1358,3547,4,2017-01-01,2017-03-01
946,3589,4,2017-01-01,2017-03-01
2279,3603,4,2017-01-01,2017-03-01
977,2407,4,2017-01-01,2017-03-01
972,2458,4,2017-01-01,2017-03-01
988,2928,4,2017-01-01,2017-03-01
130,1313,4,2017-01-01,2017-03-01
2263,2407,4,2017-01-01,2017-03-01
2901,3678,4,2017-01-01,2017-03-01
229,255,4,2017-01-01,2017-03-01
515,550,4,2017-01-01,2017-03-01
510,542,4,2017-01-01,2017-03-01
611,646,4,2017-01-01,2017-03-01
804,843,4,2017-01-01,2017-03-01
1024,1100,4,2017-01-01,2017-03-01
354,1051,4,2017-01-01,2017-03-01
368,1073,4,2017-01-01,2017-03-01
1232,1268,4,2017-01-01,2017-03-01
804,895,4,2017-01-01,2017-03-01
308,1001,4,2017-01-01,2017-03-01
308,1056,4,2017-01-01,2017-03-01
395,1002,4,2017-01-01,2017-03-01
355,1002,4,2017-01-01,2017-03-01
328,706,4,2017-01-01,2017-03-01
1967,1991,4,2017-01-01,2017-03-01
1954,1970,4,2017-01-01,2017-03-01
1911,1971,4,2017-01-01,2017-03-01
2124,2134,4,2017-01-01,2017-03-01
2134,2168,4,2017-01-01,2017-03-01
2496,2500,4,2017-01-01,2017-03-01
2404,2500,4,2017-01-01,2017-03-01
3021,3049,4,2017-01-01,2017-03-01
3104,3117,4,2017-01-01,2017-03-01
3141,3152,4,2017-01-01,2017-03-01
3438,3477,4,2017-01-01,2017-03-01
1014,1544,4,2017-01-01,2017-03-01
3502,3586,4,2017-01-01,2017-03-01
3540,3586,4,2017-01-01,2017-03-01
1001,3483,4,2017-01-01,2017-03-01
3723,3756,4,2017-01-01,2017-03-01
3805,3865,4,2017-01-01,2017-03-01
3921,3968,4,2017-01-01,2017-03-01
3988,3990,4,2017-01-01,2017-03-01
4057,4079,4,2017-01-01,2017-03-01
4009,4060,4,2017-01-01,2017-03-01
4009,4051,4,2017-01-01,2017-03-01
2175,3159,4,2017-01-01,2017-03-01
299,2576,4,2017-01-01,2017-03-01
1247,3904,4,2017-01-01,2017-03-01
2242,3504,4,2017-01-01,2017-03-01
2278,3524,4,2017-01-01,2017-03-01
1056,2123,4,2017-01-01,2017-03-01
673,3451,4,2017-01-01,2017-03-01
641,759,4,2017-01-01,2017-03-01
4324,4359,4,2017-01-01,2017-03-01
4307,4320,4,2017-01-01,2017-03-01
4405,4452,4,2017-01-01,2017-03-01
2334,2437,4,2017-01-01,2017-03-01
2334,2467,4,2017-01-01,2017-03-01
4640,4686,4,2017-01-01,2017-03-01
994,1248,4,2017-01-01,2017-03-01
446,4671,4,2017-01-01,2017-03-01
2789,4011,4,2017-01-01,2017-03-01
1696,4059,4,2017-01-01,2017-03-01
2511,4388,4,2017-01-01,2017-03-01
407,4009,4,2017-01-01,2017-03-01
5124,5136,4,2017-01-01,2017-03-01
1387,3675,4,2017-01-01,2017-03-01
1358,3578,4,2017-01-01,2017-03-01
2467,2924,4,2017-01-01,2017-03-01
2932,3635,4,2017-01-01,2017-03-01
2498,3571,4,2017-01-01,2017-03-01
234,256,4,2017-01-01,2017-03-01
643,687,4,2017-01-01,2017-03-01
615,670,4,2017-01-01,2017-03-01
624,677,4,2017-01-01,2017-03-01
662,694,4,2017-01-01,2017-03-01
622,645,4,2017-01-01,2017-03-01
806,867,4,2017-01-01,2017-03-01
1271,1290,4,2017-01-01,2017-03-01
223,234,4,2017-01-01,2017-03-01
758,1021,4,2017-01-01,2017-03-01
395,751,4,2017-01-01,2017-03-01
1816,1867,4,2017-01-01,2017-03-01
1979,1987,4,2017-01-01,2017-03-01
1967,1990,4,2017-01-01,2017-03-01
1970,1993,4,2017-01-01,2017-03-01
2115,2136,4,2017-01-01,2017-03-01
2126,2145,4,2017-01-01,2017-03-01
2119,2148,4,2017-01-01,2017-03-01
2203,2211,4,2017-01-01,2017-03-01
2207,2249,4,2017-01-01,2017-03-01
2326,2378,4,2017-01-01,2017-03-01
2429,2430,4,2017-01-01,2017-03-01
3108,3153,4,2017-01-01,2017-03-01
243,3132,4,2017-01-01,2017-03-01
212,3123,4,2017-01-01,2017-03-01
1553,2627,4,2017-01-01,2017-03-01
1053,3477,4,2017-01-01,2017-03-01
3865,3871,4,2017-01-01,2017-03-01
3913,3914,4,2017-01-01,2017-03-01
3908,3989,4,2017-01-01,2017-03-01
4022,4034,4,2017-01-01,2017-03-01
4007,4017,4,2017-01-01,2017-03-01
603,2178,4,2017-01-01,2017-03-01
292,2175,4,2017-01-01,2017-03-01
1842,2781,4,2017-01-01,2017-03-01
248,1645,4,2017-01-01,2017-03-01
299,2545,4,2017-01-01,2017-03-01
274,490,4,2017-01-01,2017-03-01
1288,2894,4,2017-01-01,2017-03-01
1367,2939,4,2017-01-01,2017-03-01
933,1337,4,2017-01-01,2017-03-01
1269,3104,4,2017-01-01,2017-03-01
4423,4465,4,2017-01-01,2017-03-01
4491,4496,4,2017-01-01,2017-03-01
4474,4484,4,2017-01-01,2017-03-01
4546,4595,4,2017-01-01,2017-03-01
4615,4661,4,2017-01-01,2017-03-01
4607,4695,4,2017-01-01,2017-03-01
437,1484,4,2017-01-01,2017-03-01
204,1444,4,2017-01-01,2017-03-01
2941,4339,4,2017-01-01,2017-03-01
928,4017,4,2017-01-01,2017-03-01
407,4353,4,2017-01-01,2017-03-01
3589,3679,4,2017-01-01,2017-03-01
941,3678,4,2017-01-01,2017-03-01
1398,3589,4,2017-01-01,2017-03-01
1343,2334,4,2017-01-01,2017-03-01
850,881,4,2017-01-01,2017-03-01
819,849,4,2017-01-01,2017-03-01
1011,1086,4,2017-01-01,2017-03-01
1111,1165,4,2017-01-01,2017-03-01
381,1001,4,2017-01-01,2017-03-01
1272,1273,4,2017-01-01,2017-03-01
1236,1269,4,2017-01-01,2017-03-01
315,1051,4,2017-01-01,2017-03-01
392,1044,4,2017-01-01,2017-03-01
334,1044,4,2017-01-01,2017-03-01
381,1095,4,2017-01-01,2017-03-01
328,772,4,2017-01-01,2017-03-01
313,758,4,2017-01-01,2017-03-01
376,773,4,2017-01-01,2017-03-01
1922,1989,4,2017-01-01,2017-03-01
1918,1969,4,2017-01-01,2017-03-01
1911,1946,4,2017-01-01,2017-03-01
1902,1988,4,2017-01-01,2017-03-01
2042,2075,4,2017-01-01,2017-03-01
2131,2148,4,2017-01-01,2017-03-01
2114,2115,4,2017-01-01,2017-03-01
2107,2163,4,2017-01-01,2017-03-01
2260,2264,4,2017-01-01,2017-03-01
2404,2496,4,2017-01-01,2017-03-01
3172,3198,4,2017-01-01,2017-03-01
204,3120,4,2017-01-01,2017-03-01
658,3192,4,2017-01-01,2017-03-01
271,3141,4,2017-01-01,2017-03-01
3518,3529,4,2017-01-01,2017-03-01
746,3436,4,2017-01-01,2017-03-01
772,3413,4,2017-01-01,2017-03-01
364,3414,4,2017-01-01,2017-03-01
3739,3756,4,2017-01-01,2017-03-01
4009,4029,4,2017-01-01,2017-03-01
289,603,4,2017-01-01,2017-03-01
247,2153,4,2017-01-01,2017-03-01
263,2183,4,2017-01-01,2017-03-01
4178,4200,4,2017-01-01,2017-03-01
2567,3123,4,2017-01-01,2017-03-01
2252,3552,4,2017-01-01,2017-03-01
1240,2897,4,2017-01-01,2017-03-01
154,416,4,2017-01-01,2017-03-01
933,1394,4,2017-01-01,2017-03-01
141,3620,4,2017-01-01,2017-03-01
2441,3639,4,2017-01-01,2017-03-01
2335,3603,4,2017-01-01,2017-03-01
4506,4583,4,2017-01-01,2017-03-01
4607,4673,4,2017-01-01,2017-03-01
4661,4685,4,2017-01-01,2017-03-01
4628,4646,4,2017-01-01,2017-03-01
2992,3046,4,2017-01-01,2017-03-01
2759,4373,4,2017-01-01,2017-03-01
930,4025,4,2017-01-01,2017-03-01
2939,4373,4,2017-01-01,2017-03-01
1482,4044,4,2017-01-01,2017-03-01
920,2928,4,2017-01-01,2017-03-01
2222,2924,4,2017-01-01,2017-03-01
941,2263,4,2017-01-01,2017-03-01
988,3639,4,2017-01-01,2017-03-01
988,3635,4,2017-01-01,2017-03-01
130,2977,4,2017-01-01,2017-03-01
126,1321,4,2017-01-01,2017-03-01
624,658,4,2017-01-01,2017-03-01
805,832,4,2017-01-01,2017-03-01
1347,1358,4,2017-01-01,2017-03-01
208,296,4,2017-01-01,2017-03-01
341,1045,4,2017-01-01,2017-03-01
1220,1232,4,2017-01-01,2017-03-01
1813,1829,4,2017-01-01,2017-03-01
1942,1970,4,2017-01-01,2017-03-01
1916,1922,4,2017-01-01,2017-03-01
2124,2162,4,2017-01-01,2017-03-01
2135,2155,4,2017-01-01,2017-03-01
2109,2144,4,2017-01-01,2017-03-01
2122,2163,4,2017-01-01,2017-03-01
2114,2135,4,2017-01-01,2017-03-01
2154,2158,4,2017-01-01,2017-03-01
2235,2290,4,2017-01-01,2017-03-01
2502,2550,4,2017-01-01,2017-03-01
3005,3063,4,2017-01-01,2017-03-01
230,3116,4,2017-01-01,2017-03-01
333,2681,4,2017-01-01,2017-03-01
3529,3556,4,2017-01-01,2017-03-01
746,3490,4,2017-01-01,2017-03-01
3911,3968,4,2017-01-01,2017-03-01
3939,3971,4,2017-01-01,2017-03-01
4037,4059,4,2017-01-01,2017-03-01
490,3123,4,2017-01-01,2017-03-01
230,2561,4,2017-01-01,2017-03-01
1542,3904,4,2017-01-01,2017-03-01
2285,3598,4,2017-01-01,2017-03-01
3155,3411,4,2017-01-01,2017-03-01
673,3446,4,2017-01-01,2017-03-01
1243,3162,4,2017-01-01,2017-03-01
1297,2514,4,2017-01-01,2017-03-01
913,2906,4,2017-01-01,2017-03-01
4475,4488,4,2017-01-01,2017-03-01
2498,3681,4,2017-01-01,2017-03-01
2335,3671,4,2017-01-01,2017-03-01
4531,4534,4,2017-01-01,2017-03-01
4607,4655,4,2017-01-01,2017-03-01
4661,4667,4,2017-01-01,2017-03-01
1465,2776,4,2017-01-01,2017-03-01
1332,2754,4,2017-01-01,2017-03-01
437,1391,4,2017-01-01,2017-03-01
446,4611,4,2017-01-01,2017-03-01
2939,4052,4,2017-01-01,2017-03-01
1482,4011,4,2017-01-01,2017-03-01
5161,5191,4,2017-01-01,2017-03-01
2236,3681,4,2017-01-01,2017-03-01
3554,3698,4,2017-01-01,2017-03-01
2221,2437,4,2017-01-01,2017-03-01
977,2437,4,2017-01-01,2017-03-01
941,2901,4,2017-01-01,2017-03-01
2427,2901,4,2017-01-01,2017-03-01
615,688,4,2017-01-01,2017-03-01
839,894,4,2017-01-01,2017-03-01
839,843,4,2017-01-01,2017-03-01
382,1044,4,2017-01-01,2017-03-01
354,1045,4,2017-01-01,2017-03-01
305,1038,4,2017-01-01,2017-03-01
395,1035,4,2017-01-01,2017-03-01
1423,1489,4,2017-01-01,2017-03-01
752,1057,4,2017-01-01,2017-03-01
1945,1956,4,2017-01-01,2017-03-01
1918,1992,4,2017-01-01,2017-03-01
2120,2165,4,2017-01-01,2017-03-01
2185,2190,4,2017-01-01,2017-03-01
2182,2187,4,2017-01-01,2017-03-01
2111,2190,4,2017-01-01,2017-03-01
2155,2179,4,2017-01-01,2017-03-01
2154,2179,4,2017-01-01,2017-03-01
2264,2281,4,2017-01-01,2017-03-01
2207,2290,4,2017-01-01,2017-03-01
2406,2460,4,2017-01-01,2017-03-01
2425,2496,4,2017-01-01,2017-03-01
2932,2985,4,2017-01-01,2017-03-01
391,430,4,2017-01-01,2017-03-01
3109,3192,4,2017-01-01,2017-03-01
3706,3756,4,2017-01-01,2017-03-01
3717,3787,4,2017-01-01,2017-03-01
3911,3929,4,2017-01-01,2017-03-01
3932,3939,4,2017-01-01,2017-03-01
3932,3971,4,2017-01-01,2017-03-01
3929,3968,4,2017-01-01,2017-03-01
4052,4088,4,2017-01-01,2017-03-01
4059,4069,4,2017-01-01,2017-03-01
4002,4013,4,2017-01-01,2017-03-01
292,2153,4,2017-01-01,2017-03-01
246,2186,4,2017-01-01,2017-03-01
218,2175,4,2017-01-01,2017-03-01
1498,1808,4,2017-01-01,2017-03-01
650,2510,4,2017-01-01,2017-03-01
610,2531,4,2017-01-01,2017-03-01
490,2600,4,2017-01-01,2017-03-01
2600,3123,4,2017-01-01,2017-03-01
275,490,4,2017-01-01,2017-03-01
628,3451,4,2017-01-01,2017-03-01
4307,4398,4,2017-01-01,2017-03-01
4305,4316,4,2017-01-01,2017-03-01
1323,2941,4,2017-01-01,2017-03-01
804,3770,4,2017-01-01,2017-03-01
4407,4473,4,2017-01-01,2017-03-01
4496,4499,4,2017-01-01,2017-03-01
4022,4376,4,2017-01-01,2017-03-01
4618,4682,4,2017-01-01,2017-03-01
2783,3152,4,2017-01-01,2017-03-01
933,1444,4,2017-01-01,2017-03-01
1818,4044,4,2017-01-01,2017-03-01
5138,5172,4,2017-01-01,2017-03-01
912,3635,4,2017-01-01,2017-03-01
988,2221,4,2017-01-01,2017-03-01
130,2924,4,2017-01-01,2017-03-01
2963,3589,4,2017-01-01,2017-03-01
1398,2405,4,2017-01-01,2017-03-01
352,365,4,2017-01-01,2017-03-01
508,550,4,2017-01-01,2017-03-01
679,696,4,2017-01-01,2017-03-01
628,696,4,2017-01-01,2017-03-01
664,689,4,2017-01-01,2017-03-01
648,666,4,2017-01-01,2017-03-01
725,798,4,2017-01-01,2017-03-01
308,1051,4,2017-01-01,2017-03-01
313,1051,4,2017-01-01,2017-03-01
778,1073,4,2017-01-01,2017-03-01
392,740,4,2017-01-01,2017-03-01
1947,1969,4,2017-01-01,2017-03-01
1933,1967,4,2017-01-01,2017-03-01
1913,1938,4,2017-01-01,2017-03-01
1913,1922,4,2017-01-01,2017-03-01
2140,2154,4,2017-01-01,2017-03-01
2124,2148,4,2017-01-01,2017-03-01
2155,2173,4,2017-01-01,2017-03-01
2137,2162,4,2017-01-01,2017-03-01
2134,2135,4,2017-01-01,2017-03-01
2247,2272,4,2017-01-01,2017-03-01
2236,2254,4,2017-01-01,2017-03-01
2204,2220,4,2017-01-01,2017-03-01
2288,2300,4,2017-01-01,2017-03-01
2492,2496,4,2017-01-01,2017-03-01
2705,2793,4,2017-01-01,2017-03-01
3151,3174,4,2017-01-01,2017-03-01
3107,3132,4,2017-01-01,2017-03-01
3309,3396,4,2017-01-01,2017-03-01
625,3184,4,2017-01-01,2017-03-01
3486,3495,4,2017-01-01,2017-03-01
3442,3472,4,2017-01-01,2017-03-01
3476,3477,4,2017-01-01,2017-03-01
3930,3940,4,2017-01-01,2017-03-01
4037,4051,4,2017-01-01,2017-03-01
272,3188,4,2017-01-01,2017-03-01
292,690,4,2017-01-01,2017-03-01
286,3159,4,2017-01-01,2017-03-01
221,3114,4,2017-01-01,2017-03-01
1498,2767,4,2017-01-01,2017-03-01
4125,4178,4,2017-01-01,2017-03-01
650,2586,4,2017-01-01,2017-03-01
205,2531,4,2017-01-01,2017-03-01
2252,3593,4,2017-01-01,2017-03-01
255,2554,4,2017-01-01,2017-03-01
2293,3578,4,2017-01-01,2017-03-01
4418,4452,4,2017-01-01,2017-03-01
4002,4371,4,2017-01-01,2017-03-01
2802,2972,4,2017-01-01,2017-03-01
2867,4012,4,2017-01-01,2017-03-01
912,3571,4,2017-01-01,2017-03-01
1347,3537,4,2017-01-01,2017-03-01
2222,2928,4,2017-01-01,2017-03-01
988,2427,4,2017-01-01,2017-03-01
988,2498,4,2017-01-01,2017-03-01
988,2407,4,2017-01-01,2017-03-01
2263,2932,4,2017-01-01,2017-03-01
1398,3554,4,2017-01-01,2017-03-01
1313,2325,4,2017-01-01,2017-03-01
843,895,4,2017-01-01,2017-03-01
1018,1080,4,2017-01-01,2017-03-01
362,1073,4,2017-01-01,2017-03-01
1273,1292,4,2017-01-01,2017-03-01
305,1043,4,2017-01-01,2017-03-01
328,1021,4,2017-01-01,2017-03-01
364,709,4,2017-01-01,2017-03-01
773,1021,4,2017-01-01,2017-03-01
795,1002,4,2017-01-01,2017-03-01
1662,1674,4,2017-01-01,2017-03-01
1603,1626,4,2017-01-01,2017-03-01
1821,1855,4,2017-01-01,2017-03-01
1971,1993,4,2017-01-01,2017-03-01
1917,1991,4,2017-01-01,2017-03-01
2140,2165,4,2017-01-01,2017-03-01
2126,2169,4,2017-01-01,2017-03-01
2221,2254,4,2017-01-01,2017-03-01
2254,2273,4,2017-01-01,2017-03-01
2410,2438,4,2017-01-01,2017-03-01
3205,3286,4,2017-01-01,2017-03-01
274,622,4,2017-01-01,2017-03-01
293,3157,4,2017-01-01,2017-03-01
3451,3493,4,2017-01-01,2017-03-01
1014,2697,4,2017-01-01,2017-03-01
3532,3565,4,2017-01-01,2017-03-01
3801,3807,4,2017-01-01,2017-03-01
3914,3974,4,2017-01-01,2017-03-01
4020,4072,4,2017-01-01,2017-03-01
4028,4073,4,2017-01-01,2017-03-01
2243,3532,4,2017-01-01,2017-03-01
1297,3169,4,2017-01-01,2017-03-01
4335,4338,4,2017-01-01,2017-03-01
2222,3577,4,2017-01-01,2017-03-01
4407,4429,4,2017-01-01,2017-03-01
141,2458,4,2017-01-01,2017-03-01
2467,3603,4,2017-01-01,2017-03-01
4071,4344,4,2017-01-01,2017-03-01
4084,4398,4,2017-01-01,2017-03-01
4022,4377,4,2017-01-01,2017-03-01
4633,4672,4,2017-01-01,2017-03-01
4618,4700,4,2017-01-01,2017-03-01
4677,4686,4,2017-01-01,2017-03-01
1464,3152,4,2017-01-01,2017-03-01
1482,2776,4,2017-01-01,2017-03-01
1484,2776,4,2017-01-01,2017-03-01
2783,4012,4,2017-01-01,2017-03-01
1384,3554,4,2017-01-01,2017-03-01
634,636,4,2017-01-01,2017-03-01
622,658,4,2017-01-01,2017-03-01
725,776,4,2017-01-01,2017-03-01
823,878,4,2017-01-01,2017-03-01
1208,1248,4,2017-01-01,2017-03-01
362,760,4,2017-01-01,2017-03-01
1864,1891,4,2017-01-01,2017-03-01
1853,1867,4,2017-01-01,2017-03-01
1916,1974,4,2017-01-01,2017-03-01
1903,1905,4,2017-01-01,2017-03-01
2115,2135,4,2017-01-01,2017-03-01
2102,2121,4,2017-01-01,2017-03-01
2140,2144,4,2017-01-01,2017-03-01
2120,2144,4,2017-01-01,2017-03-01
2130,2168,4,2017-01-01,2017-03-01
2107,2189,4,2017-01-01,2017-03-01
2110,2154,4,2017-01-01,2017-03-01
2110,2131,4,2017-01-01,2017-03-01
2261,2268,4,2017-01-01,2017-03-01
2281,2282,4,2017-01-01,2017-03-01
2462,2496,4,2017-01-01,2017-03-01
2430,2462,4,2017-01-01,2017-03-01
2705,2742,4,2017-01-01,2017-03-01
3346,3384,4,2017-01-01,2017-03-01
243,3112,4,2017-01-01,2017-03-01
3451,3475,4,2017-01-01,2017-03-01
3408,3442,4,2017-01-01,2017-03-01
3411,3463,4,2017-01-01,2017-03-01
1271,1509,4,2017-01-01,2017-03-01
1287,2674,4,2017-01-01,2017-03-01
368,3475,4,2017-01-01,2017-03-01
1095,3477,4,2017-01-01,2017-03-01
3966,3978,4,2017-01-01,2017-03-01
3949,3990,4,2017-01-01,2017-03-01
3967,3968,4,2017-01-01,2017-03-01
4029,4078,4,2017-01-01,2017-03-01
4061,4087,4,2017-01-01,2017-03-01
292,2197,4,2017-01-01,2017-03-01
281,3122,4,2017-01-01,2017-03-01
4171,4195,4,2017-01-01,2017-03-01
4178,4182,4,2017-01-01,2017-03-01
215,2545,4,2017-01-01,2017-03-01
684,2560,4,2017-01-01,2017-03-01
490,650,4,2017-01-01,2017-03-01
1693,2576,4,2017-01-01,2017-03-01
1087,1677,4,2017-01-01,2017-03-01
398,2822,4,2017-01-01,2017-03-01
4320,4379,4,2017-01-01,2017-03-01
915,2968,4,2017-01-01,2017-03-01
1243,3924,4,2017-01-01,2017-03-01
876,3709,4,2017-01-01,2017-03-01
2437,3671,4,2017-01-01,2017-03-01
4040,4340,4,2017-01-01,2017-03-01
4670,4672,4,2017-01-01,2017-03-01
1422,1666,4,2017-01-01,2017-03-01
1444,2783,4,2017-01-01,2017-03-01
407,2857,4,2017-01-01,2017-03-01
1844,3152,4,2017-01-01,2017-03-01
1288,1332,4,2017-01-01,2017-03-01
910,2743,4,2017-01-01,2017-03-01
1484,4052,4,2017-01-01,2017-03-01
1314,4011,4,2017-01-01,2017-03-01
2655,4407,4,2017-01-01,2017-03-01
5122,5145,4,2017-01-01,2017-03-01
1358,2325,4,2017-01-01,2017-03-01
2458,2928,4,2017-01-01,2017-03-01
923,3589,4,2017-01-01,2017-03-01
629,687,4,2017-01-01,2017-03-01
745,776,4,2017-01-01,2017-03-01
362,1045,4,2017-01-01,2017-03-01
382,712,4,2017-01-01,2017-03-01
354,706,4,2017-01-01,2017-03-01
374,797,4,2017-01-01,2017-03-01
1848,1893,4,2017-01-01,2017-03-01
1816,1830,4,2017-01-01,2017-03-01
1956,1989,4,2017-01-01,2017-03-01
1916,1937,4,2017-01-01,2017-03-01
2115,2131,4,2017-01-01,2017-03-01
2124,2154,4,2017-01-01,2017-03-01
2126,2136,4,2017-01-01,2017-03-01
2130,2163,4,2017-01-01,2017-03-01
2188,2189,4,2017-01-01,2017-03-01
2112,2193,4,2017-01-01,2017-03-01
2116,2163,4,2017-01-01,2017-03-01
2129,2148,4,2017-01-01,2017-03-01
2202,2204,4,2017-01-01,2017-03-01
2211,2250,4,2017-01-01,2017-03-01
2225,2235,4,2017-01-01,2017-03-01
2203,2234,4,2017-01-01,2017-03-01
2241,2300,4,2017-01-01,2017-03-01
2452,2492,4,2017-01-01,2017-03-01
2515,2538,4,2017-01-01,2017-03-01
2705,2767,4,2017-01-01,2017-03-01
3104,3137,4,2017-01-01,2017-03-01
3145,3152,4,2017-01-01,2017-03-01
3411,3461,4,2017-01-01,2017-03-01
1561,2655,4,2017-01-01,2017-03-01
1287,1506,4,2017-01-01,2017-03-01
746,3491,4,2017-01-01,2017-03-01
3802,3837,4,2017-01-01,2017-03-01
3929,3988,4,2017-01-01,2017-03-01
295,679,4,2017-01-01,2017-03-01
263,3151,4,2017-01-01,2017-03-01
1677,3149,4,2017-01-01,2017-03-01
1544,3966,4,2017-01-01,2017-03-01
1542,3914,4,2017-01-01,2017-03-01
2298,3600,4,2017-01-01,2017-03-01
3154,3439,4,2017-01-01,2017-03-01
490,601,4,2017-01-01,2017-03-01
1220,2017,4,2017-01-01,2017-03-01
1005,2801,4,2017-01-01,2017-03-01
4318,4396,4,2017-01-01,2017-03-01
4309,4362,4,2017-01-01,2017-03-01
4350,4397,4,2017-01-01,2017-03-01
951,1394,4,2017-01-01,2017-03-01
961,1310,4,2017-01-01,2017-03-01
440,1503,4,2017-01-01,2017-03-01
4466,4467,4,2017-01-01,2017-03-01
4405,4415,4,2017-01-01,2017-03-01
2441,3620,4,2017-01-01,2017-03-01
4620,4685,4,2017-01-01,2017-03-01
4617,4668,4,2017-01-01,2017-03-01
1666,2857,4,2017-01-01,2017-03-01
1439,2816,4,2017-01-01,2017-03-01
915,4309,4,2017-01-01,2017-03-01
1666,4309,4,2017-01-01,2017-03-01
1464,4399,4,2017-01-01,2017-03-01
920,3578,4,2017-01-01,2017-03-01
977,2222,4,2017-01-01,2017-03-01
941,2932,4,2017-01-01,2017-03-01
141,2295,4,2017-01-01,2017-03-01
172,187,4,2017-01-01,2017-03-01
744,756,4,2017-01-01,2017-03-01
776,790,4,2017-01-01,2017-03-01
848,894,4,2017-01-01,2017-03-01
1180,1197,4,2017-01-01,2017-03-01
1424,1472,4,2017-01-01,2017-03-01
308,1057,4,2017-01-01,2017-03-01
1201,1294,4,2017-01-01,2017-03-01
731,1073,4,2017-01-01,2017-03-01
308,773,4,2017-01-01,2017-03-01
355,724,4,2017-01-01,2017-03-01
1848,1883,4,2017-01-01,2017-03-01
1805,1897,4,2017-01-01,2017-03-01
1916,1938,4,2017-01-01,2017-03-01
1938,1956,4,2017-01-01,2017-03-01
1941,1979,4,2017-01-01,2017-03-01
1923,1984,4,2017-01-01,2017-03-01
1902,1962,4,2017-01-01,2017-03-01
2120,2181,4,2017-01-01,2017-03-01
2120,2122,4,2017-01-01,2017-03-01
2124,2188,4,2017-01-01,2017-03-01
2111,2182,4,2017-01-01,2017-03-01
2109,2188,4,2017-01-01,2017-03-01
2201,2231,4,2017-01-01,2017-03-01
2261,2271,4,2017-01-01,2017-03-01
2249,2288,4,2017-01-01,2017-03-01
2413,2430,4,2017-01-01,2017-03-01
2918,2940,4,2017-01-01,2017-03-01
2977,2985,4,2017-01-01,2017-03-01
2928,2951,4,2017-01-01,2017-03-01
645,3137,4,2017-01-01,2017-03-01
226,606,4,2017-01-01,2017-03-01
3440,3451,4,2017-01-01,2017-03-01
3410,3493,4,2017-01-01,2017-03-01
618,3177,4,2017-01-01,2017-03-01
716,3491,4,2017-01-01,2017-03-01
3901,3974,4,2017-01-01,2017-03-01
3908,3940,4,2017-01-01,2017-03-01
2199,3198,4,2017-01-01,2017-03-01
292,3122,4,2017-01-01,2017-03-01
281,679,4,2017-01-01,2017-03-01
263,603,4,2017-01-01,2017-03-01
286,2197,4,2017-01-01,2017-03-01
1458,2767,4,2017-01-01,2017-03-01
1479,1884,4,2017-01-01,2017-03-01
4165,4195,4,2017-01-01,2017-03-01
205,2600,4,2017-01-01,2017-03-01
606,2586,4,2017-01-01,2017-03-01
255,1693,4,2017-01-01,2017-03-01
4307,4394,4,2017-01-01,2017-03-01
1367,2906,4,2017-01-01,2017-03-01
930,1370,4,2017-01-01,2017-03-01
928,1323,4,2017-01-01,2017-03-01
4423,4451,4,2017-01-01,2017-03-01
2315,2498,4,2017-01-01,2017-03-01
2335,3681,4,2017-01-01,2017-03-01
4020,4377,4,2017-01-01,2017-03-01
4022,4398,4,2017-01-01,2017-03-01
4608,4672,4,2017-01-01,2017-03-01
1444,1666,4,2017-01-01,2017-03-01
1818,3152,4,2017-01-01,2017-03-01
1351,2754,4,2017-01-01,2017-03-01
1377,1837,4,2017-01-01,2017-03-01
2969,4309,4,2017-01-01,2017-03-01
1337,4399,4,2017-01-01,2017-03-01
975,4399,4,2017-01-01,2017-03-01
5319,5358,4,2017-01-01,2017-03-01
2236,2963,4,2017-01-01,2017-03-01
2963,3603,4,2017-01-01,2017-03-01
1398,2295,4,2017-01-01,2017-03-01
2334,3537,4,2017-01-01,2017-03-01
658,684,4,2017-01-01,2017-03-01
1011,1098,4,2017-01-01,2017-03-01
315,1056,4,2017-01-01,2017-03-01
364,1025,4,2017-01-01,2017-03-01
368,1035,4,2017-01-01,2017-03-01
312,1058,4,2017-01-01,2017-03-01
366,706,4,2017-01-01,2017-03-01
1008,1211,4,2017-01-01,2017-03-01
1913,1990,4,2017-01-01,2017-03-01
2120,2163,4,2017-01-01,2017-03-01
2120,2185,4,2017-01-01,2017-03-01
2185,2189,4,2017-01-01,2017-03-01
2126,2181,4,2017-01-01,2017-03-01
2119,2135,4,2017-01-01,2017-03-01
2121,2146,4,2017-01-01,2017-03-01
2116,2129,4,2017-01-01,2017-03-01
2107,2119,4,2017-01-01,2017-03-01
2282,2288,4,2017-01-01,2017-03-01
2514,2522,4,2017-01-01,2017-03-01
2709,2742,4,2017-01-01,2017-03-01
2816,2894,4,2017-01-01,2017-03-01
2928,2963,4,2017-01-01,2017-03-01
3154,3195,4,2017-01-01,2017-03-01
264,625,4,2017-01-01,2017-03-01
234,3107,4,2017-01-01,2017-03-01
1587,2681,4,2017-01-01,2017-03-01
1247,2667,4,2017-01-01,2017-03-01
701,3414,4,2017-01-01,2017-03-01
3719,3729,4,2017-01-01,2017-03-01
3967,3971,4,2017-01-01,2017-03-01
4011,4069,4,2017-01-01,2017-03-01
4016,4088,4,2017-01-01,2017-03-01
690,2199,4,2017-01-01,2017-03-01
263,3195,4,2017-01-01,2017-03-01
2186,3159,4,2017-01-01,2017-03-01
1865,2781,4,2017-01-01,2017-03-01
1884,2793,4,2017-01-01,2017-03-01
2539,3123,4,2017-01-01,2017-03-01
255,2545,4,2017-01-01,2017-03-01
1247,3940,4,2017-01-01,2017-03-01
2222,3510,4,2017-01-01,2017-03-01
2273,3547,4,2017-01-01,2017-03-01
4405,4425,4,2017-01-01,2017-03-01
130,3681,4,2017-01-01,2017-03-01
4506,4551,4,2017-01-01,2017-03-01
1439,2783,4,2017-01-01,2017-03-01
1432,2816,4,2017-01-01,2017-03-01
2776,2867,4,2017-01-01,2017-03-01
1484,4059,4,2017-01-01,2017-03-01
2759,4042,4,2017-01-01,2017-03-01
2783,4044,4,2017-01-01,2017-03-01
1358,3639,4,2017-01-01,2017-03-01
1358,3571,4,2017-01-01,2017-03-01
141,2951,4,2017-01-01,2017-03-01
335,384,4,2017-01-01,2017-03-01
521,568,4,2017-01-01,2017-03-01
650,658,4,2017-01-01,2017-03-01
624,698,4,2017-01-01,2017-03-01
801,805,4,2017-01-01,2017-03-01
364,1043,4,2017-01-01,2017-03-01
1226,1295,4,2017-01-01,2017-03-01
1248,1288,4,2017-01-01,2017-03-01
1221,1234,4,2017-01-01,2017-03-01
1330,1398,4,2017-01-01,2017-03-01
1413,1453,4,2017-01-01,2017-03-01
382,721,4,2017-01-01,2017-03-01
731,1025,4,2017-01-01,2017-03-01
334,772,4,2017-01-01,2017-03-01
1904,1922,4,2017-01-01,2017-03-01
1903,1911,4,2017-01-01,2017-03-01
2111,2173,4,2017-01-01,2017-03-01
2122,2154,4,2017-01-01,2017-03-01
2122,2144,4,2017-01-01,2017-03-01
2220,2232,4,2017-01-01,2017-03-01
2262,2300,4,2017-01-01,2017-03-01
2303,2378,4,2017-01-01,2017-03-01
2462,2492,4,2017-01-01,2017-03-01
2438,2484,4,2017-01-01,2017-03-01
2742,2793,4,2017-01-01,2017-03-01
3116,3152,4,2017-01-01,2017-03-01
3317,3367,4,2017-01-01,2017-03-01
275,3157,4,2017-01-01,2017-03-01
223,3112,4,2017-01-01,2017-03-01
271,682,4,2017-01-01,2017-03-01
276,606,4,2017-01-01,2017-03-01
3451,3461,4,2017-01-01,2017-03-01
1066,1503,4,2017-01-01,2017-03-01
618,3161,4,2017-01-01,2017-03-01
3901,3980,4,2017-01-01,2017-03-01
2178,3114,4,2017-01-01,2017-03-01
2545,3104,4,2017-01-01,2017-03-01
1066,3966,4,2017-01-01,2017-03-01
2246,3600,4,2017-01-01,2017-03-01
427,3180,4,2017-01-01,2017-03-01
427,3169,4,2017-01-01,2017-03-01
2405,3620,4,2017-01-01,2017-03-01
4092,4398,4,2017-01-01,2017-03-01
4084,4344,4,2017-01-01,2017-03-01
3858,4575,4,2017-01-01,2017-03-01
4655,4674,4,2017-01-01,2017-03-01
2758,2867,4,2017-01-01,2017-03-01
1288,1377,4,2017-01-01,2017-03-01
1332,1813,4,2017-01-01,2017-03-01
1813,2912,4,2017-01-01,2017-03-01
1371,4309,4,2017-01-01,2017-03-01
1371,4373,4,2017-01-01,2017-03-01
1666,4044,4,2017-01-01,2017-03-01
2939,4339,4,2017-01-01,2017-03-01
2279,2441,4,2017-01-01,2017-03-01
972,2901,4,2017-01-01,2017-03-01
1330,2325,4,2017-01-01,2017-03-01
2223,2405,4,2017-01-01,2017-03-01
2255,3654,4,2017-01-01,2017-03-01
2427,2932,4,2017-01-01,2017-03-01
437,467,4,2017-01-01,2017-03-01
690,696,4,2017-01-01,2017-03-01
601,624,4,2017-01-01,2017-03-01
812,862,4,2017-01-01,2017-03-01
889,897,4,2017-01-01,2017-03-01
221,290,4,2017-01-01,2017-03-01
403,425,4,2017-01-01,2017-03-01
308,1044,4,2017-01-01,2017-03-01
354,1025,4,2017-01-01,2017-03-01
1228,1236,4,2017-01-01,2017-03-01
398,1240,4,2017-01-01,2017-03-01
368,797,4,2017-01-01,2017-03-01
381,721,4,2017-01-01,2017-03-01
762,1056,4,2017-01-01,2017-03-01
740,1031,4,2017-01-01,2017-03-01
1608,1616,4,2017-01-01,2017-03-01
1984,1992,4,2017-01-01,2017-03-01
1911,1984,4,2017-01-01,2017-03-01
1941,1973,4,2017-01-01,2017-03-01
1917,1937,4,2017-01-01,2017-03-01
1913,1966,4,2017-01-01,2017-03-01
2144,2185,4,2017-01-01,2017-03-01
2115,2141,4,2017-01-01,2017-03-01
2160,2173,4,2017-01-01,2017-03-01
2182,2185,4,2017-01-01,2017-03-01
2150,2164,4,2017-01-01,2017-03-01
2109,2182,4,2017-01-01,2017-03-01
2119,2124,4,2017-01-01,2017-03-01
2163,2185,4,2017-01-01,2017-03-01
2129,2144,4,2017-01-01,2017-03-01
2110,2129,4,2017-01-01,2017-03-01
2228,2237,4,2017-01-01,2017-03-01
2244,2277,4,2017-01-01,2017-03-01
2571,2584,4,2017-01-01,2017-03-01
2628,2629,4,2017-01-01,2017-03-01
3049,3096,4,2017-01-01,2017-03-01
3152,3184,4,2017-01-01,2017-03-01
3210,3271,4,2017-01-01,2017-03-01
1066,1576,4,2017-01-01,2017-03-01
1228,1581,4,2017-01-01,2017-03-01
1287,2699,4,2017-01-01,2017-03-01
694,3153,4,2017-01-01,2017-03-01
740,3421,4,2017-01-01,2017-03-01
751,3483,4,2017-01-01,2017-03-01
3971,3990,4,2017-01-01,2017-03-01
3931,3940,4,2017-01-01,2017-03-01
4075,4083,4,2017-01-01,2017-03-01
4019,4034,4,2017-01-01,2017-03-01
4002,4080,4,2017-01-01,2017-03-01
295,3195,4,2017-01-01,2017-03-01
272,3159,4,2017-01-01,2017-03-01
405,1220,4,2017-01-01,2017-03-01
2802,3071,4,2017-01-01,2017-03-01
4307,4329,4,2017-01-01,2017-03-01
2315,3624,4,2017-01-01,2017-03-01
2315,2441,4,2017-01-01,2017-03-01
4620,4672,4,2017-01-01,2017-03-01
1844,2816,4,2017-01-01,2017-03-01
2867,4044,4,2017-01-01,2017-03-01
2941,4080,4,2017-01-01,2017-03-01
2959,4042,4,2017-01-01,2017-03-01
2759,4052,4,2017-01-01,2017-03-01
2441,2963,4,2017-01-01,2017-03-01
941,2458,4,2017-01-01,2017-03-01
988,2977,4,2017-01-01,2017-03-01
2263,2901,4,2017-01-01,2017-03-01
126,988,4,2017-01-01,2017-03-01
1343,2963,4,2017-01-01,2017-03-01
339,384,4,2017-01-01,2017-03-01
621,672,4,2017-01-01,2017-03-01
645,650,4,2017-01-01,2017-03-01
722,784,4,2017-01-01,2017-03-01
812,844,4,2017-01-01,2017-03-01
852,891,4,2017-01-01,2017-03-01
907,993,4,2017-01-01,2017-03-01
308,1023,4,2017-01-01,2017-03-01
313,1053,4,2017-01-01,2017-03-01
716,1057,4,2017-01-01,2017-03-01
766,1031,4,2017-01-01,2017-03-01
733,1057,4,2017-01-01,2017-03-01
362,759,4,2017-01-01,2017-03-01
1967,1997,4,2017-01-01,2017-03-01
1966,1997,4,2017-01-01,2017-03-01
1938,1979,4,2017-01-01,2017-03-01
1902,1973,4,2017-01-01,2017-03-01
2036,2074,4,2017-01-01,2017-03-01
2131,2158,4,2017-01-01,2017-03-01
2179,2188,4,2017-01-01,2017-03-01
2102,2159,4,2017-01-01,2017-03-01
2128,2132,4,2017-01-01,2017-03-01
2207,2241,4,2017-01-01,2017-03-01
2281,2290,4,2017-01-01,2017-03-01
2216,2259,4,2017-01-01,2017-03-01
2401,2491,4,2017-01-01,2017-03-01
2425,2464,4,2017-01-01,2017-03-01
2538,2546,4,2017-01-01,2017-03-01
2527,2534,4,2017-01-01,2017-03-01
2624,2644,4,2017-01-01,2017-03-01
2742,2773,4,2017-01-01,2017-03-01
2809,2830,4,2017-01-01,2017-03-01
3286,3295,4,2017-01-01,2017-03-01
299,622,4,2017-01-01,2017-03-01
293,611,4,2017-01-01,2017-03-01
230,682,4,2017-01-01,2017-03-01
3451,3491,4,2017-01-01,2017-03-01
3410,3447,4,2017-01-01,2017-03-01
1581,2697,4,2017-01-01,2017-03-01
369,2655,4,2017-01-01,2017-03-01
3518,3553,4,2017-01-01,2017-03-01
1053,3471,4,2017-01-01,2017-03-01
3706,3723,4,2017-01-01,2017-03-01
3723,3776,4,2017-01-01,2017-03-01
3822,3837,4,2017-01-01,2017-03-01
3932,3988,4,2017-01-01,2017-03-01
3945,3968,4,2017-01-01,2017-03-01
4025,4060,4,2017-01-01,2017-03-01
292,2152,4,2017-01-01,2017-03-01
246,2197,4,2017-01-01,2017-03-01
286,3122,4,2017-01-01,2017-03-01
490,2522,4,2017-01-01,2017-03-01
1211,2626,4,2017-01-01,2017-03-01
3154,3447,4,2017-01-01,2017-03-01
2570,3162,4,2017-01-01,2017-03-01
1300,1692,4,2017-01-01,2017-03-01
331,1598,4,2017-01-01,2017-03-01
1503,2554,4,2017-01-01,2017-03-01
1598,2531,4,2017-01-01,2017-03-01
4460,4475,4,2017-01-01,2017-03-01
4451,4488,4,2017-01-01,2017-03-01
4451,4493,4,2017-01-01,2017-03-01
2498,3648,4,2017-01-01,2017-03-01
4569,4587,4,2017-01-01,2017-03-01
4057,4331,4,2017-01-01,2017-03-01
4608,4650,4,2017-01-01,2017-03-01
4608,4620,4,2017-01-01,2017-03-01
1314,4373,4,2017-01-01,2017-03-01
1314,4316,4,2017-01-01,2017-03-01
1337,4353,4,2017-01-01,2017-03-01
5157,5182,4,2017-01-01,2017-03-01
5314,5319,4,2017-01-01,2017-03-01
2951,3603,4,2017-01-01,2017-03-01
1358,3536,4,2017-01-01,2017-03-01
3537,3603,4,2017-01-01,2017-03-01
2427,3547,4,2017-01-01,2017-03-01
141,3554,4,2017-01-01,2017-03-01
510,574,4,2017-01-01,2017-03-01
638,665,4,2017-01-01,2017-03-01
813,849,4,2017-01-01,2017-03-01
309,1023,4,2017-01-01,2017-03-01
334,1043,4,2017-01-01,2017-03-01
313,1056,4,2017-01-01,2017-03-01
755,1031,4,2017-01-01,2017-03-01
1920,1937,4,2017-01-01,2017-03-01
2148,2182,4,2017-01-01,2017-03-01
2129,2173,4,2017-01-01,2017-03-01
2107,2155,4,2017-01-01,2017-03-01
2107,2187,4,2017-01-01,2017-03-01
2226,2282,4,2017-01-01,2017-03-01
2430,2484,4,2017-01-01,2017-03-01
3005,3076,4,2017-01-01,2017-03-01
3396,3399,4,2017-01-01,2017-03-01
283,3184,4,2017-01-01,2017-03-01
627,3107,4,2017-01-01,2017-03-01
746,3440,4,2017-01-01,2017-03-01
364,3471,4,2017-01-01,2017-03-01
247,609,4,2017-01-01,2017-03-01
247,690,4,2017-01-01,2017-03-01
205,2586,4,2017-01-01,2017-03-01
403,682,4,2017-01-01,2017-03-01
3155,3479,4,2017-01-01,2017-03-01
2123,3446,4,2017-01-01,2017-03-01
4655,4656,4,2017-01-01,2017-03-01
4617,4675,4,2017-01-01,2017-03-01
1439,2789,4,2017-01-01,2017-03-01
2776,2816,4,2017-01-01,2017-03-01
1322,1444,4,2017-01-01,2017-03-01
979,3046,4,2017-01-01,2017-03-01
1314,4042,4,2017-01-01,2017-03-01
5370,5390,4,2017-01-01,2017-03-01
2467,2928,4,2017-01-01,2017-03-01
2221,3654,4,2017-01-01,2017-03-01
972,3678,4,2017-01-01,2017-03-01
3537,3679,4,2017-01-01,2017-03-01
631,648,4,2017-01-01,2017-03-01
805,895,4,2017-01-01,2017-03-01
839,849,4,2017-01-01,2017-03-01
843,848,4,2017-01-01,2017-03-01
376,1007,4,2017-01-01,2017-03-01
374,1073,4,2017-01-01,2017-03-01
778,1025,4,2017-01-01,2017-03-01
1821,1836,4,2017-01-01,2017-03-01
1923,1946,4,2017-01-01,2017-03-01
2131,2162,4,2017-01-01,2017-03-01
2158,2182,4,2017-01-01,2017-03-01
2162,2169,4,2017-01-01,2017-03-01
2141,2169,4,2017-01-01,2017-03-01
2238,2275,4,2017-01-01,2017-03-01
2235,2264,4,2017-01-01,2017-03-01
2410,2496,4,2017-01-01,2017-03-01
2742,2792,4,2017-01-01,2017-03-01
611,3123,4,2017-01-01,2017-03-01
3446,3461,4,2017-01-01,2017-03-01
3444,3447,4,2017-01-01,2017-03-01
3552,3561,4,2017-01-01,2017-03-01
3712,3717,4,2017-01-01,2017-03-01
3706,3719,4,2017-01-01,2017-03-01
3707,3713,4,2017-01-01,2017-03-01
3807,3887,4,2017-01-01,2017-03-01
3801,3802,4,2017-01-01,2017-03-01
3932,3968,4,2017-01-01,2017-03-01
3971,3988,4,2017-01-01,2017-03-01
3906,3913,4,2017-01-01,2017-03-01
3949,3959,4,2017-01-01,2017-03-01
2199,3195,4,2017-01-01,2017-03-01
2183,3122,4,2017-01-01,2017-03-01
2183,3182,4,2017-01-01,2017-03-01
403,2536,4,2017-01-01,2017-03-01
4322,4394,4,2017-01-01,2017-03-01
4308,4358,4,2017-01-01,2017-03-01
4329,4396,4,2017-01-01,2017-03-01
951,1337,4,2017-01-01,2017-03-01
2236,3571,4,2017-01-01,2017-03-01
2467,3620,4,2017-01-01,2017-03-01
4002,4380,4,2017-01-01,2017-03-01
1677,4516,4,2017-01-01,2017-03-01
4609,4646,4,2017-01-01,2017-03-01
4618,4671,4,2017-01-01,2017-03-01
4673,4695,4,2017-01-01,2017-03-01
437,1844,4,2017-01-01,2017-03-01
1844,2759,4,2017-01-01,2017-03-01
945,1837,4,2017-01-01,2017-03-01
2867,4364,4,2017-01-01,2017-03-01
1484,4012,4,2017-01-01,2017-03-01
2511,4059,4,2017-01-01,2017-03-01
1387,2427,4,2017-01-01,2017-03-01
1358,2924,4,2017-01-01,2017-03-01
130,2928,4,2017-01-01,2017-03-01
923,1398,4,2017-01-01,2017-03-01
1313,2498,4,2017-01-01,2017-03-01
2498,3536,4,2017-01-01,2017-03-01
339,393,4,2017-01-01,2017-03-01
518,550,4,2017-01-01,2017-03-01
604,693,4,2017-01-01,2017-03-01
606,698,4,2017-01-01,2017-03-01
659,684,4,2017-01-01,2017-03-01
646,680,4,2017-01-01,2017-03-01
601,611,4,2017-01-01,2017-03-01
850,899,4,2017-01-01,2017-03-01
801,812,4,2017-01-01,2017-03-01
362,1038,4,2017-01-01,2017-03-01
1247,1271,4,2017-01-01,2017-03-01
315,1023,4,2017-01-01,2017-03-01
309,1056,4,2017-01-01,2017-03-01
376,1031,4,2017-01-01,2017-03-01
1231,1300,4,2017-01-01,2017-03-01
395,791,4,2017-01-01,2017-03-01
355,761,4,2017-01-01,2017-03-01
764,1029,4,2017-01-01,2017-03-01
1805,1827,4,2017-01-01,2017-03-01
1821,1877,4,2017-01-01,2017-03-01
1967,1973,4,2017-01-01,2017-03-01
1918,1957,4,2017-01-01,2017-03-01
2109,2137,4,2017-01-01,2017-03-01
2109,2179,4,2017-01-01,2017-03-01
2168,2187,4,2017-01-01,2017-03-01
2116,2189,4,2017-01-01,2017-03-01
2207,2271,4,2017-01-01,2017-03-01
2438,2464,4,2017-01-01,2017-03-01
3041,3071,4,2017-01-01,2017-03-01
3005,3021,4,2017-01-01,2017-03-01
3180,3199,4,2017-01-01,2017-03-01
3145,3171,4,2017-01-01,2017-03-01
276,3157,4,2017-01-01,2017-03-01
3438,3447,4,2017-01-01,2017-03-01
3411,3413,4,2017-01-01,2017-03-01
1287,1503,4,2017-01-01,2017-03-01
3504,3561,4,2017-01-01,2017-03-01
1053,3413,4,2017-01-01,2017-03-01
364,3410,4,2017-01-01,2017-03-01
1095,3402,4,2017-01-01,2017-03-01
3702,3794,4,2017-01-01,2017-03-01
3770,3775,4,2017-01-01,2017-03-01
4002,4016,4,2017-01-01,2017-03-01
4002,4009,4,2017-01-01,2017-03-01
2152,3167,4,2017-01-01,2017-03-01
2175,3122,4,2017-01-01,2017-03-01
650,2576,4,2017-01-01,2017-03-01
271,1677,4,2017-01-01,2017-03-01
2229,3518,4,2017-01-01,2017-03-01
1240,1677,4,2017-01-01,2017-03-01
4353,4371,4,2017-01-01,2017-03-01
4346,4399,4,2017-01-01,2017-03-01
994,1337,4,2017-01-01,2017-03-01
266,2699,4,2017-01-01,2017-03-01
2212,3577,4,2017-01-01,2017-03-01
2273,3563,4,2017-01-01,2017-03-01
4415,4469,4,2017-01-01,2017-03-01
4425,4467,4,2017-01-01,2017-03-01
4540,4590,4,2017-01-01,2017-03-01
4640,4680,4,2017-01-01,2017-03-01
4614,4695,4,2017-01-01,2017-03-01
1332,3046,4,2017-01-01,2017-03-01
437,1370,4,2017-01-01,2017-03-01
2509,4611,4,2017-01-01,2017-03-01
2509,4674,4,2017-01-01,2017-03-01
1314,4013,4,2017-01-01,2017-03-01
3524,4407,4,2017-01-01,2017-03-01
5333,5358,4,2017-01-01,2017-03-01
1358,2932,4,2017-01-01,2017-03-01
912,2910,4,2017-01-01,2017-03-01
912,2467,4,2017-01-01,2017-03-01
2255,2977,4,2017-01-01,2017-03-01
2977,3536,4,2017-01-01,2017-03-01
2407,3547,4,2017-01-01,2017-03-01
1313,2928,4,2017-01-01,2017-03-01
427,440,4,2017-01-01,2017-03-01
646,670,4,2017-01-01,2017-03-01
610,677,4,2017-01-01,2017-03-01
812,839,4,2017-01-01,2017-03-01
804,837,4,2017-01-01,2017-03-01
368,1045,4,2017-01-01,2017-03-01
1074,1273,4,2017-01-01,2017-03-01
605,677,4,2017-01-01,2017-03-01
324,1043,4,2017-01-01,2017-03-01
731,1002,4,2017-01-01,2017-03-01
1501,1563,4,2017-01-01,2017-03-01
1643,1654,4,2017-01-01,2017-03-01
1816,1884,4,2017-01-01,2017-03-01
1960,1988,4,2017-01-01,2017-03-01
1914,1969,4,2017-01-01,2017-03-01
2150,2180,4,2017-01-01,2017-03-01
2111,2158,4,2017-01-01,2017-03-01
2109,2160,4,2017-01-01,2017-03-01
2109,2190,4,2017-01-01,2017-03-01
2137,2188,4,2017-01-01,2017-03-01
2232,2234,4,2017-01-01,2017-03-01
2231,2275,4,2017-01-01,2017-03-01
2226,2260,4,2017-01-01,2017-03-01
2226,2247,4,2017-01-01,2017-03-01
2288,2290,4,2017-01-01,2017-03-01
275,624,4,2017-01-01,2017-03-01
226,624,4,2017-01-01,2017-03-01
234,645,4,2017-01-01,2017-03-01
3421,3439,4,2017-01-01,2017-03-01
3402,3451,4,2017-01-01,2017-03-01
3464,3467,4,2017-01-01,2017-03-01
1542,2697,4,2017-01-01,2017-03-01
1287,2681,4,2017-01-01,2017-03-01
648,2181,4,2017-01-01,2017-03-01
701,3421,4,2017-01-01,2017-03-01
3712,3791,4,2017-01-01,2017-03-01
4051,4059,4,2017-01-01,2017-03-01
4029,4035,4,2017-01-01,2017-03-01
4037,4090,4,2017-01-01,2017-03-01
4079,4099,4,2017-01-01,2017-03-01
247,3182,4,2017-01-01,2017-03-01
286,3182,4,2017-01-01,2017-03-01
2175,3195,4,2017-01-01,2017-03-01
221,690,4,2017-01-01,2017-03-01
2293,3509,4,2017-01-01,2017-03-01
2441,3671,4,2017-01-01,2017-03-01
4071,4340,4,2017-01-01,2017-03-01
4060,4371,4,2017-01-01,2017-03-01
1677,3808,4,2017-01-01,2017-03-01
4677,4680,4,2017-01-01,2017-03-01
1422,1696,4,2017-01-01,2017-03-01
1332,2743,4,2017-01-01,2017-03-01
905,2743,4,2017-01-01,2017-03-01
2754,2911,4,2017-01-01,2017-03-01
2941,4388,4,2017-01-01,2017-03-01
928,4025,4,2017-01-01,2017-03-01
2969,4052,4,2017-01-01,2017-03-01
1482,4059,4,2017-01-01,2017-03-01
5148,5156,4,2017-01-01,2017-03-01
2236,2935,4,2017-01-01,2017-03-01
3547,3635,4,2017-01-01,2017-03-01
126,2221,4,2017-01-01,2017-03-01
2977,3571,4,2017-01-01,2017-03-01
2910,3639,4,2017-01-01,2017-03-01
243,293,4,2017-01-01,2017-03-01
210,276,4,2017-01-01,2017-03-01
430,459,4,2017-01-01,2017-03-01
611,645,4,2017-01-01,2017-03-01
715,783,4,2017-01-01,2017-03-01
805,899,4,2017-01-01,2017-03-01
889,891,4,2017-01-01,2017-03-01
881,888,4,2017-01-01,2017-03-01
1009,1066,4,2017-01-01,2017-03-01
1232,1264,4,2017-01-01,2017-03-01
837,895,4,2017-01-01,2017-03-01
330,1057,4,2017-01-01,2017-03-01
1207,1274,4,2017-01-01,2017-03-01
766,1029,4,2017-01-01,2017-03-01
1602,1686,4,2017-01-01,2017-03-01
1947,1992,4,2017-01-01,2017-03-01
1902,1917,4,2017-01-01,2017-03-01
2142,2165,4,2017-01-01,2017-03-01
2120,2189,4,2017-01-01,2017-03-01
2401,2482,4,2017-01-01,2017-03-01
2554,2586,4,2017-01-01,2017-03-01
3225,3285,4,2017-01-01,2017-03-01
283,638,4,2017-01-01,2017-03-01
3451,3490,4,2017-01-01,2017-03-01
1271,1594,4,2017-01-01,2017-03-01
1269,1506,4,2017-01-01,2017-03-01
760,3444,4,2017-01-01,2017-03-01
3709,3751,4,2017-01-01,2017-03-01
3930,3941,4,2017-01-01,2017-03-01
4035,4037,4,2017-01-01,2017-03-01
4016,4060,4,2017-01-01,2017-03-01
281,3195,4,2017-01-01,2017-03-01
2186,3122,4,2017-01-01,2017-03-01
286,2153,4,2017-01-01,2017-03-01
4164,4195,4,2017-01-01,2017-03-01
684,2563,4,2017-01-01,2017-03-01
264,1005,4,2017-01-01,2017-03-01
2329,3039,4,2017-01-01,2017-03-01
4338,4347,4,2017-01-01,2017-03-01
4346,4364,4,2017-01-01,2017-03-01
4366,4370,4,2017-01-01,2017-03-01
975,1322,4,2017-01-01,2017-03-01
868,3787,4,2017-01-01,2017-03-01
2263,3509,4,2017-01-01,2017-03-01
2255,3554,4,2017-01-01,2017-03-01
4531,4569,4,2017-01-01,2017-03-01
4504,4569,4,2017-01-01,2017-03-01
4060,4362,4,2017-01-01,2017-03-01
1439,2776,4,2017-01-01,2017-03-01
1818,2857,4,2017-01-01,2017-03-01
1074,2759,4,2017-01-01,2017-03-01
1484,1844,4,2017-01-01,2017-03-01
1082,2972,4,2017-01-01,2017-03-01
1837,2992,4,2017-01-01,2017-03-01
993,1813,4,2017-01-01,2017-03-01
915,4316,4,2017-01-01,2017-03-01
1337,4016,4,2017-01-01,2017-03-01
1371,4042,4,2017-01-01,2017-03-01
1818,4053,4,2017-01-01,2017-03-01
2511,4083,4,2017-01-01,2017-03-01
2273,3679,4,2017-01-01,2017-03-01
2924,3654,4,2017-01-01,2017-03-01
401,461,4,2017-01-01,2017-03-01
425,471,4,2017-01-01,2017-03-01
602,641,4,2017-01-01,2017-03-01
606,646,4,2017-01-01,2017-03-01
926,974,4,2017-01-01,2017-03-01
1011,1048,4,2017-01-01,2017-03-01
360,1072,4,2017-01-01,2017-03-01
354,759,4,2017-01-01,2017-03-01
328,716,4,2017-01-01,2017-03-01
751,1031,4,2017-01-01,2017-03-01
716,1029,4,2017-01-01,2017-03-01
392,763,4,2017-01-01,2017-03-01
360,764,4,2017-01-01,2017-03-01
1823,1883,4,2017-01-01,2017-03-01
1920,1962,4,2017-01-01,2017-03-01
1920,1979,4,2017-01-01,2017-03-01
1920,1991,4,2017-01-01,2017-03-01
1941,1967,4,2017-01-01,2017-03-01
1903,1923,4,2017-01-01,2017-03-01
2111,2154,4,2017-01-01,2017-03-01
2111,2130,4,2017-01-01,2017-03-01
2114,2145,4,2017-01-01,2017-03-01
2129,2190,4,2017-01-01,2017-03-01
2107,2115,4,2017-01-01,2017-03-01
2110,2169,4,2017-01-01,2017-03-01
2261,2288,4,2017-01-01,2017-03-01
2452,2464,4,2017-01-01,2017-03-01
2709,2728,4,2017-01-01,2017-03-01
2977,2996,4,2017-01-01,2017-03-01
3162,3199,4,2017-01-01,2017-03-01
1269,2608,4,2017-01-01,2017-03-01
1014,1587,4,2017-01-01,2017-03-01
620,2130,4,2017-01-01,2017-03-01
716,3402,4,2017-01-01,2017-03-01
3806,3871,4,2017-01-01,2017-03-01
3839,3847,4,2017-01-01,2017-03-01
3930,3933,4,2017-01-01,2017-03-01
4046,4061,4,2017-01-01,2017-03-01
272,2175,4,2017-01-01,2017-03-01
244,3151,4,2017-01-01,2017-03-01
286,2178,4,2017-01-01,2017-03-01
1808,2792,4,2017-01-01,2017-03-01
684,1645,4,2017-01-01,2017-03-01
275,2586,4,2017-01-01,2017-03-01
1082,2537,4,2017-01-01,2017-03-01
1022,1566,4,2017-01-01,2017-03-01
2674,3974,4,2017-01-01,2017-03-01
4386,4397,4,2017-01-01,2017-03-01
211,2667,4,2017-01-01,2017-03-01
4628,4655,4,2017-01-01,2017-03-01
2776,2857,4,2017-01-01,2017-03-01
2717,4017,4,2017-01-01,2017-03-01
946,3537,4,2017-01-01,2017-03-01
2901,3571,4,2017-01-01,2017-03-01
203,217,4,2017-01-01,2017-03-01
374,761,4,2017-01-01,2017-03-01
752,1029,4,2017-01-01,2017-03-01
755,1057,4,2017-01-01,2017-03-01
706,1095,4,2017-01-01,2017-03-01
792,1095,4,2017-01-01,2017-03-01
1836,1893,4,2017-01-01,2017-03-01
1828,1868,4,2017-01-01,2017-03-01
1960,1990,4,2017-01-01,2017-03-01
1962,1979,4,2017-01-01,2017-03-01
1937,1966,4,2017-01-01,2017-03-01
1935,1953,4,2017-01-01,2017-03-01
2115,2168,4,2017-01-01,2017-03-01
2146,2193,4,2017-01-01,2017-03-01
2111,2163,4,2017-01-01,2017-03-01
2168,2179,4,2017-01-01,2017-03-01
2137,2190,4,2017-01-01,2017-03-01
2141,2188,4,2017-01-01,2017-03-01
2154,2155,4,2017-01-01,2017-03-01
2136,2187,4,2017-01-01,2017-03-01
2241,2262,4,2017-01-01,2017-03-01
2406,2484,4,2017-01-01,2017-03-01
2447,2464,4,2017-01-01,2017-03-01
2629,2666,4,2017-01-01,2017-03-01
276,610,4,2017-01-01,2017-03-01
212,3180,4,2017-01-01,2017-03-01
3451,3463,4,2017-01-01,2017-03-01
1542,2699,4,2017-01-01,2017-03-01
751,3475,4,2017-01-01,2017-03-01
1001,3414,4,2017-01-01,2017-03-01
763,3490,4,2017-01-01,2017-03-01
3933,3974,4,2017-01-01,2017-03-01
3930,3978,4,2017-01-01,2017-03-01
4013,4075,4,2017-01-01,2017-03-01
4007,4042,4,2017-01-01,2017-03-01
2199,3151,4,2017-01-01,2017-03-01
215,2560,4,2017-01-01,2017-03-01
205,2576,4,2017-01-01,2017-03-01
681,2576,4,2017-01-01,2017-03-01
4322,4330,4,2017-01-01,2017-03-01
913,1371,4,2017-01-01,2017-03-01
901,1337,4,2017-01-01,2017-03-01
1310,2906,4,2017-01-01,2017-03-01
4429,4467,4,2017-01-01,2017-03-01
4417,4460,4,2017-01-01,2017-03-01
4411,4467,4,2017-01-01,2017-03-01
4608,4657,4,2017-01-01,2017-03-01
4614,4668,4,2017-01-01,2017-03-01
4667,4672,4,2017-01-01,2017-03-01
2758,2816,4,2017-01-01,2017-03-01
915,4353,4,2017-01-01,2017-03-01
1696,4399,4,2017-01-01,2017-03-01
2939,4017,4,2017-01-01,2017-03-01
5122,5148,4,2017-01-01,2017-03-01
2951,3589,4,2017-01-01,2017-03-01
2441,3537,4,2017-01-01,2017-03-01
972,2928,4,2017-01-01,2017-03-01
988,3654,4,2017-01-01,2017-03-01
2212,3603,4,2017-01-01,2017-03-01
2498,3547,4,2017-01-01,2017-03-01
2295,3681,4,2017-01-01,2017-03-01
247,290,4,2017-01-01,2017-03-01
212,294,4,2017-01-01,2017-03-01
628,690,4,2017-01-01,2017-03-01
1069,1093,4,2017-01-01,2017-03-01
1220,1289,4,2017-01-01,2017-03-01
1452,1489,4,2017-01-01,2017-03-01
309,1029,4,2017-01-01,2017-03-01
354,751,4,2017-01-01,2017-03-01
791,1001,4,2017-01-01,2017-03-01
395,739,4,2017-01-01,2017-03-01
376,786,4,2017-01-01,2017-03-01
1617,1626,4,2017-01-01,2017-03-01
1865,1891,4,2017-01-01,2017-03-01
1979,1989,4,2017-01-01,2017-03-01
1913,1941,4,2017-01-01,2017-03-01
2021,2051,4,2017-01-01,2017-03-01
2130,2173,4,2017-01-01,2017-03-01
2134,2165,4,2017-01-01,2017-03-01
2145,2155,4,2017-01-01,2017-03-01
2110,2134,4,2017-01-01,2017-03-01
2110,2181,4,2017-01-01,2017-03-01
2262,2291,4,2017-01-01,2017-03-01
2226,2281,4,2017-01-01,2017-03-01
2238,2292,4,2017-01-01,2017-03-01
2241,2264,4,2017-01-01,2017-03-01
2452,2478,4,2017-01-01,2017-03-01
2068,2325,4,2017-01-01,2017-03-01
2514,2573,4,2017-01-01,2017-03-01
2583,2592,4,2017-01-01,2017-03-01
2925,2972,4,2017-01-01,2017-03-01
624,3157,4,2017-01-01,2017-03-01
624,3104,4,2017-01-01,2017-03-01
215,611,4,2017-01-01,2017-03-01
3473,3488,4,2017-01-01,2017-03-01
2130,3119,4,2017-01-01,2017-03-01
724,3421,4,2017-01-01,2017-03-01
716,3471,4,2017-01-01,2017-03-01
4059,4090,4,2017-01-01,2017-03-01
4035,4052,4,2017-01-01,2017-03-01
2178,3159,4,2017-01-01,2017-03-01
1458,1842,4,2017-01-01,2017-03-01
650,2570,4,2017-01-01,2017-03-01
275,2576,4,2017-01-01,2017-03-01
1693,2573,4,2017-01-01,2017-03-01
2608,3901,4,2017-01-01,2017-03-01
3154,3451,4,2017-01-01,2017-03-01
4307,4361,4,2017-01-01,2017-03-01
2255,3589,4,2017-01-01,2017-03-01
4449,4493,4,2017-01-01,2017-03-01
4451,4475,4,2017-01-01,2017-03-01
2335,2405,4,2017-01-01,2017-03-01
4063,4380,4,2017-01-01,2017-03-01
4007,4380,4,2017-01-01,2017-03-01
4611,4617,4,2017-01-01,2017-03-01
4650,4686,4,2017-01-01,2017-03-01
1074,2758,4,2017-01-01,2017-03-01
1351,2769,4,2017-01-01,2017-03-01
1323,2758,4,2017-01-01,2017-03-01
2509,4675,4,2017-01-01,2017-03-01
1464,4339,4,2017-01-01,2017-03-01
2939,4309,4,2017-01-01,2017-03-01
1818,4388,4,2017-01-01,2017-03-01
946,3509,4,2017-01-01,2017-03-01
946,1347,4,2017-01-01,2017-03-01
920,2924,4,2017-01-01,2017-03-01
2405,3589,4,2017-01-01,2017-03-01
130,2901,4,2017-01-01,2017-03-01
2255,2467,4,2017-01-01,2017-03-01
2295,2334,4,2017-01-01,2017-03-01
141,3537,4,2017-01-01,2017-03-01
141,2965,4,2017-01-01,2017-03-01
229,264,4,2017-01-01,2017-03-01
245,260,4,2017-01-01,2017-03-01
603,649,4,2017-01-01,2017-03-01
702,725,4,2017-01-01,2017-03-01
769,789,4,2017-01-01,2017-03-01
833,881,4,2017-01-01,2017-03-01
845,888,4,2017-01-01,2017-03-01
382,1013,4,2017-01-01,2017-03-01
362,1044,4,2017-01-01,2017-03-01
1074,1250,4,2017-01-01,2017-03-01
1447,1453,4,2017-01-01,2017-03-01
605,610,4,2017-01-01,2017-03-01
802,811,4,2017-01-01,2017-03-01
374,1025,4,2017-01-01,2017-03-01
374,1072,4,2017-01-01,2017-03-01
378,731,4,2017-01-01,2017-03-01
374,764,4,2017-01-01,2017-03-01
308,786,4,2017-01-01,2017-03-01
362,740,4,2017-01-01,2017-03-01
1961,1969,4,2017-01-01,2017-03-01
1914,1951,4,2017-01-01,2017-03-01
2134,2154,4,2017-01-01,2017-03-01
2247,2264,4,2017-01-01,2017-03-01
2202,2232,4,2017-01-01,2017-03-01
2252,2277,4,2017-01-01,2017-03-01
2306,2378,4,2017-01-01,2017-03-01
2406,2410,4,2017-01-01,2017-03-01
2503,2546,4,2017-01-01,2017-03-01
2901,2951,4,2017-01-01,2017-03-01
3005,3039,4,2017-01-01,2017-03-01
1299,1625,4,2017-01-01,2017-03-01
3209,3279,4,2017-01-01,2017-03-01
638,3184,4,2017-01-01,2017-03-01
610,3157,4,2017-01-01,2017-03-01
215,3157,4,2017-01-01,2017-03-01
3645,3698,4,2017-01-01,2017-03-01
1001,3440,4,2017-01-01,2017-03-01
1095,3490,4,2017-01-01,2017-03-01
3847,3867,4,2017-01-01,2017-03-01
3908,3974,4,2017-01-01,2017-03-01
3906,3974,4,2017-01-01,2017-03-01
4078,4083,4,2017-01-01,2017-03-01
247,3188,4,2017-01-01,2017-03-01
679,2186,4,2017-01-01,2017-03-01
1884,2792,4,2017-01-01,2017-03-01
2545,3180,4,2017-01-01,2017-03-01
2545,3123,4,2017-01-01,2017-03-01
490,2545,4,2017-01-01,2017-03-01
692,2537,4,2017-01-01,2017-03-01
456,1062,4,2017-01-01,2017-03-01
2245,3556,4,2017-01-01,2017-03-01
2299,3556,4,2017-01-01,2017-03-01
1677,2801,4,2017-01-01,2017-03-01
4383,4397,4,2017-01-01,2017-03-01
4320,4361,4,2017-01-01,2017-03-01
913,1337,4,2017-01-01,2017-03-01
2263,3510,4,2017-01-01,2017-03-01
4407,4467,4,2017-01-01,2017-03-01
4418,4429,4,2017-01-01,2017-03-01
141,3678,4,2017-01-01,2017-03-01
4522,4551,4,2017-01-01,2017-03-01
4057,4384,4,2017-01-01,2017-03-01
4057,4344,4,2017-01-01,2017-03-01
4618,4673,4,2017-01-01,2017-03-01
4617,4656,4,2017-01-01,2017-03-01
2867,3152,4,2017-01-01,2017-03-01
2789,3152,4,2017-01-01,2017-03-01
1377,3046,4,2017-01-01,2017-03-01
1837,2905,4,2017-01-01,2017-03-01
2941,4399,4,2017-01-01,2017-03-01
928,4364,4,2017-01-01,2017-03-01
1666,4373,4,2017-01-01,2017-03-01
2959,4353,4,2017-01-01,2017-03-01
2783,4025,4,2017-01-01,2017-03-01
407,4059,4,2017-01-01,2017-03-01
1598,2244,4,2017-01-01,2017-03-01
5119,5191,4,2017-01-01,2017-03-01
5154,5191,4,2017-01-01,2017-03-01
5313,5358,4,2017-01-01,2017-03-01
2221,3678,4,2017-01-01,2017-03-01
1347,2212,4,2017-01-01,2017-03-01
126,3578,4,2017-01-01,2017-03-01
2928,3578,4,2017-01-01,2017-03-01
22,56,4,2017-01-01,2017-03-01
203,219,4,2017-01-01,2017-03-01
205,210,4,2017-01-01,2017-03-01
243,275,4,2017-01-01,2017-03-01
536,568,4,2017-01-01,2017-03-01
615,681,4,2017-01-01,2017-03-01
1111,1134,4,2017-01-01,2017-03-01
1134,1154,4,2017-01-01,2017-03-01
708,715,4,2017-01-01,2017-03-01
382,1056,4,2017-01-01,2017-03-01
1034,1208,4,2017-01-01,2017-03-01
773,1043,4,2017-01-01,2017-03-01
1830,1842,4,2017-01-01,2017-03-01
1956,1960,4,2017-01-01,2017-03-01
1937,1979,4,2017-01-01,2017-03-01
2101,2156,4,2017-01-01,2017-03-01
2131,2145,4,2017-01-01,2017-03-01
2131,2187,4,2017-01-01,2017-03-01
2142,2168,4,2017-01-01,2017-03-01
2120,2136,4,2017-01-01,2017-03-01
2173,2187,4,2017-01-01,2017-03-01
2173,2185,4,2017-01-01,2017-03-01
2134,2162,4,2017-01-01,2017-03-01
2107,2169,4,2017-01-01,2017-03-01
2250,2275,4,2017-01-01,2017-03-01
2247,2288,4,2017-01-01,2017-03-01
2452,2469,4,2017-01-01,2017-03-01
2436,2447,4,2017-01-01,2017-03-01
3011,3096,4,2017-01-01,2017-03-01
3114,3134,4,2017-01-01,2017-03-01
3447,3491,4,2017-01-01,2017-03-01
3413,3438,4,2017-01-01,2017-03-01
3483,3493,4,2017-01-01,2017-03-01
3404,3425,4,2017-01-01,2017-03-01
1066,1561,4,2017-01-01,2017-03-01
369,2674,4,2017-01-01,2017-03-01
1014,1581,4,2017-01-01,2017-03-01
1223,1576,4,2017-01-01,2017-03-01
3556,3593,4,2017-01-01,2017-03-01
3719,3723,4,2017-01-01,2017-03-01
4059,4060,4,2017-01-01,2017-03-01
1022,2650,4,2017-01-01,2017-03-01
655,759,4,2017-01-01,2017-03-01
493,3019,4,2017-01-01,2017-03-01
4332,4395,4,2017-01-01,2017-03-01
1014,2567,4,2017-01-01,2017-03-01
804,3702,4,2017-01-01,2017-03-01
4046,4321,4,2017-01-01,2017-03-01
4608,4632,4,2017-01-01,2017-03-01
4690,4695,4,2017-01-01,2017-03-01
4670,4686,4,2017-01-01,2017-03-01
993,3046,4,2017-01-01,2017-03-01
5156,5172,4,2017-01-01,2017-03-01
2924,3547,4,2017-01-01,2017-03-01
130,2221,4,2017-01-01,2017-03-01
126,941,4,2017-01-01,2017-03-01
126,3536,4,2017-01-01,2017-03-01
2498,2977,4,2017-01-01,2017-03-01
1343,2236,4,2017-01-01,2017-03-01
518,578,4,2017-01-01,2017-03-01
641,649,4,2017-01-01,2017-03-01
615,658,4,2017-01-01,2017-03-01
682,692,4,2017-01-01,2017-03-01
805,839,4,2017-01-01,2017-03-01
867,878,4,2017-01-01,2017-03-01
812,859,4,2017-01-01,2017-03-01
923,977,4,2017-01-01,2017-03-01
1290,1295,4,2017-01-01,2017-03-01
837,851,4,2017-01-01,2017-03-01
837,843,4,2017-01-01,2017-03-01
330,1072,4,2017-01-01,2017-03-01
391,1240,4,2017-01-01,2017-03-01
351,1272,4,2017-01-01,2017-03-01
354,752,4,2017-01-01,2017-03-01
786,1043,4,2017-01-01,2017-03-01
1619,1643,4,2017-01-01,2017-03-01
1823,1836,4,2017-01-01,2017-03-01
1867,1884,4,2017-01-01,2017-03-01
1960,1967,4,2017-01-01,2017-03-01
1990,1997,4,2017-01-01,2017-03-01
1954,1976,4,2017-01-01,2017-03-01
1911,1976,4,2017-01-01,2017-03-01
2120,2169,4,2017-01-01,2017-03-01
2120,2168,4,2017-01-01,2017-03-01
2114,2144,4,2017-01-01,2017-03-01
2129,2169,4,2017-01-01,2017-03-01
2129,2160,4,2017-01-01,2017-03-01
2136,2182,4,2017-01-01,2017-03-01
2261,2272,4,2017-01-01,2017-03-01
2241,2281,4,2017-01-01,2017-03-01
2401,2428,4,2017-01-01,2017-03-01
2428,2491,4,2017-01-01,2017-03-01
2554,2560,4,2017-01-01,2017-03-01
275,611,4,2017-01-01,2017-03-01
226,611,4,2017-01-01,2017-03-01
670,3180,4,2017-01-01,2017-03-01
1542,2667,4,2017-01-01,2017-03-01
1001,3475,4,2017-01-01,2017-03-01
3930,3966,4,2017-01-01,2017-03-01
3959,3988,4,2017-01-01,2017-03-01
4010,4099,4,2017-01-01,2017-03-01
4034,4040,4,2017-01-01,2017-03-01
295,609,4,2017-01-01,2017-03-01
244,3159,4,2017-01-01,2017-03-01
684,2600,4,2017-01-01,2017-03-01
1652,2897,4,2017-01-01,2017-03-01
4305,4362,4,2017-01-01,2017-03-01
4332,4373,4,2017-01-01,2017-03-01
901,1367,4,2017-01-01,2017-03-01
2554,3913,4,2017-01-01,2017-03-01
2222,3502,4,2017-01-01,2017-03-01
4469,4496,4,2017-01-01,2017-03-01
4403,4496,4,2017-01-01,2017-03-01
4020,4331,4,2017-01-01,2017-03-01
4032,4331,4,2017-01-01,2017-03-01
4607,4668,4,2017-01-01,2017-03-01
4668,4673,4,2017-01-01,2017-03-01
4609,4695,4,2017-01-01,2017-03-01
4618,4656,4,2017-01-01,2017-03-01
4655,4671,4,2017-01-01,2017-03-01
437,1464,4,2017-01-01,2017-03-01
204,1422,4,2017-01-01,2017-03-01
2758,2968,4,2017-01-01,2017-03-01
915,4012,4,2017-01-01,2017-03-01
915,4066,4,2017-01-01,2017-03-01
2941,4066,4,2017-01-01,2017-03-01
1818,4373,4,2017-01-01,2017-03-01
5126,5182,4,2017-01-01,2017-03-01
2236,3698,4,2017-01-01,2017-03-01
2236,3679,4,2017-01-01,2017-03-01
3547,3675,4,2017-01-01,2017-03-01
2221,2407,4,2017-01-01,2017-03-01
2965,3540,4,2017-01-01,2017-03-01
2965,3589,4,2017-01-01,2017-03-01
1321,3536,4,2017-01-01,2017-03-01
126,3547,4,2017-01-01,2017-03-01
1313,2255,4,2017-01-01,2017-03-01
232,299,4,2017-01-01,2017-03-01
234,254,4,2017-01-01,2017-03-01
646,677,4,2017-01-01,2017-03-01
626,653,4,2017-01-01,2017-03-01
833,849,4,2017-01-01,2017-03-01
374,1051,4,2017-01-01,2017-03-01
1309,1398,4,2017-01-01,2017-03-01
755,1013,4,2017-01-01,2017-03-01
324,730,4,2017-01-01,2017-03-01
1960,1991,4,2017-01-01,2017-03-01
1947,1957,4,2017-01-01,2017-03-01
2179,2185,4,2017-01-01,2017-03-01
2111,2148,4,2017-01-01,2017-03-01
2119,2136,4,2017-01-01,2017-03-01
2145,2162,4,2017-01-01,2017-03-01
2136,2140,4,2017-01-01,2017-03-01
2237,2258,4,2017-01-01,2017-03-01
2226,2268,4,2017-01-01,2017-03-01
2213,2259,4,2017-01-01,2017-03-01
2410,2484,4,2017-01-01,2017-03-01
2905,2925,4,2017-01-01,2017-03-01
226,684,4,2017-01-01,2017-03-01
3438,3483,4,2017-01-01,2017-03-01
1223,2681,4,2017-01-01,2017-03-01
1092,1594,4,2017-01-01,2017-03-01
1023,3461,4,2017-01-01,2017-03-01
3729,3794,4,2017-01-01,2017-03-01
4043,4073,4,2017-01-01,2017-03-01
4009,4090,4,2017-01-01,2017-03-01
247,3151,4,2017-01-01,2017-03-01
205,443,4,2017-01-01,2017-03-01
275,1300,4,2017-01-01,2017-03-01
2560,3104,4,2017-01-01,2017-03-01
1022,2643,4,2017-01-01,2017-03-01
461,2801,4,2017-01-01,2017-03-01
951,1322,4,2017-01-01,2017-03-01
930,2906,4,2017-01-01,2017-03-01
4022,4359,4,2017-01-01,2017-03-01
4615,4680,4,2017-01-01,2017-03-01
4640,4667,4,2017-01-01,2017-03-01
2941,4025,4,2017-01-01,2017-03-01
1314,4016,4,2017-01-01,2017-03-01
1337,4009,4,2017-01-01,2017-03-01
2959,4339,4,2017-01-01,2017-03-01
975,4309,4,2017-01-01,2017-03-01
2965,3698,4,2017-01-01,2017-03-01
941,2427,4,2017-01-01,2017-03-01
211,276,4,2017-01-01,2017-03-01
521,563,4,2017-01-01,2017-03-01
735,776,4,2017-01-01,2017-03-01
881,895,4,2017-01-01,2017-03-01
832,859,4,2017-01-01,2017-03-01
823,897,4,2017-01-01,2017-03-01
739,1057,4,2017-01-01,2017-03-01
324,755,4,2017-01-01,2017-03-01
362,762,4,2017-01-01,2017-03-01
334,792,4,2017-01-01,2017-03-01
1918,1993,4,2017-01-01,2017-03-01
1913,1991,4,2017-01-01,2017-03-01
2120,2141,4,2017-01-01,2017-03-01
2111,2134,4,2017-01-01,2017-03-01
2111,2137,4,2017-01-01,2017-03-01
2109,2158,4,2017-01-01,2017-03-01
2112,2159,4,2017-01-01,2017-03-01
2134,2137,4,2017-01-01,2017-03-01
2145,2185,4,2017-01-01,2017-03-01
2207,2260,4,2017-01-01,2017-03-01
2235,2281,4,2017-01-01,2017-03-01
2963,2996,4,2017-01-01,2017-03-01
3019,3076,4,2017-01-01,2017-03-01
1288,1696,4,2017-01-01,2017-03-01
430,1299,4,2017-01-01,2017-03-01
3122,3134,4,2017-01-01,2017-03-01
3301,3317,4,2017-01-01,2017-03-01
243,607,4,2017-01-01,2017-03-01
223,3132,4,2017-01-01,2017-03-01
693,3109,4,2017-01-01,2017-03-01
3408,3472,4,2017-01-01,2017-03-01
314,1503,4,2017-01-01,2017-03-01
364,3491,4,2017-01-01,2017-03-01
3719,3739,4,2017-01-01,2017-03-01
3822,3887,4,2017-01-01,2017-03-01
3924,3933,4,2017-01-01,2017-03-01
3945,3949,4,2017-01-01,2017-03-01
4051,4053,4,2017-01-01,2017-03-01
4060,4083,4,2017-01-01,2017-03-01
4075,4090,4,2017-01-01,2017-03-01
4009,4088,4,2017-01-01,2017-03-01
295,3193,4,2017-01-01,2017-03-01
246,3195,4,2017-01-01,2017-03-01
218,3188,4,2017-01-01,2017-03-01
1867,2705,4,2017-01-01,2017-03-01
248,1300,4,2017-01-01,2017-03-01
299,2568,4,2017-01-01,2017-03-01
2246,3548,4,2017-01-01,2017-03-01
4449,4451,4,2017-01-01,2017-03-01
4420,4464,4,2017-01-01,2017-03-01
4409,4466,4,2017-01-01,2017-03-01
4441,4486,4,2017-01-01,2017-03-01
4609,4673,4,2017-01-01,2017-03-01
4667,4670,4,2017-01-01,2017-03-01
204,2759,4,2017-01-01,2017-03-01
1439,1844,4,2017-01-01,2017-03-01
930,4017,4,2017-01-01,2017-03-01
1818,4316,4,2017-01-01,2017-03-01
407,4011,4,2017-01-01,2017-03-01
407,4066,4,2017-01-01,2017-03-01
1358,2467,4,2017-01-01,2017-03-01
2932,3639,4,2017-01-01,2017-03-01
1384,3589,4,2017-01-01,2017-03-01
923,2334,4,2017-01-01,2017-03-01
923,3679,4,2017-01-01,2017-03-01
184,199,4,2017-01-01,2017-03-01
735,790,4,2017-01-01,2017-03-01
833,845,4,2017-01-01,2017-03-01
844,845,4,2017-01-01,2017-03-01
831,878,4,2017-01-01,2017-03-01
851,881,4,2017-01-01,2017-03-01
832,850,4,2017-01-01,2017-03-01
378,1057,4,2017-01-01,2017-03-01
1226,1236,4,2017-01-01,2017-03-01
1447,1472,4,2017-01-01,2017-03-01
622,688,4,2017-01-01,2017-03-01
718,775,4,2017-01-01,2017-03-01
1401,1413,4,2017-01-01,2017-03-01
354,760,4,2017-01-01,2017-03-01
328,733,4,2017-01-01,2017-03-01
328,791,4,2017-01-01,2017-03-01
792,1057,4,2017-01-01,2017-03-01
362,739,4,2017-01-01,2017-03-01
334,771,4,2017-01-01,2017-03-01
1837,1888,4,2017-01-01,2017-03-01
1904,1933,4,2017-01-01,2017-03-01
1969,1986,4,2017-01-01,2017-03-01
1984,1993,4,2017-01-01,2017-03-01
1917,1945,4,2017-01-01,2017-03-01
1902,1941,4,2017-01-01,2017-03-01
2114,2119,4,2017-01-01,2017-03-01
2148,2162,4,2017-01-01,2017-03-01
2226,2241,4,2017-01-01,2017-03-01
2203,2250,4,2017-01-01,2017-03-01
2216,2253,4,2017-01-01,2017-03-01
2478,2484,4,2017-01-01,2017-03-01
2544,2594,4,2017-01-01,2017-03-01
2546,2584,4,2017-01-01,2017-03-01
3162,3173,4,2017-01-01,2017-03-01
611,3157,4,2017-01-01,2017-03-01
333,2667,4,2017-01-01,2017-03-01
2130,3177,4,2017-01-01,2017-03-01
746,3475,4,2017-01-01,2017-03-01
1023,3402,4,2017-01-01,2017-03-01
772,3471,4,2017-01-01,2017-03-01
3723,3770,4,2017-01-01,2017-03-01
3904,3930,4,2017-01-01,2017-03-01
3908,3978,4,2017-01-01,2017-03-01
4007,4035,4,2017-01-01,2017-03-01
4053,4075,4,2017-01-01,2017-03-01
2199,3159,4,2017-01-01,2017-03-01
292,2183,4,2017-01-01,2017-03-01
1458,1853,4,2017-01-01,2017-03-01
650,2545,4,2017-01-01,2017-03-01
606,2521,4,2017-01-01,2017-03-01
1561,3978,4,2017-01-01,2017-03-01
4371,4388,4,2017-01-01,2017-03-01
2284,3536,4,2017-01-01,2017-03-01
126,3648,4,2017-01-01,2017-03-01
4673,4675,4,2017-01-01,2017-03-01
1377,2743,4,2017-01-01,2017-03-01
1813,2911,4,2017-01-01,2017-03-01
979,2802,4,2017-01-01,2017-03-01
2867,4052,4,2017-01-01,2017-03-01
928,4009,4,2017-01-01,2017-03-01
1314,4009,4,2017-01-01,2017-03-01
975,4017,4,2017-01-01,2017-03-01
2511,4052,4,2017-01-01,2017-03-01
5154,5171,4,2017-01-01,2017-03-01
946,3681,4,2017-01-01,2017-03-01
1384,3540,4,2017-01-01,2017-03-01
2910,3536,4,2017-01-01,2017-03-01
1313,2335,4,2017-01-01,2017-03-01
347,384,4,2017-01-01,2017-03-01
515,522,4,2017-01-01,2017-03-01
832,881,4,2017-01-01,2017-03-01
852,867,4,2017-01-01,2017-03-01
941,946,4,2017-01-01,2017-03-01
1134,1180,4,2017-01-01,2017-03-01
837,894,4,2017-01-01,2017-03-01
368,1026,4,2017-01-01,2017-03-01
730,1053,4,2017-01-01,2017-03-01
324,701,4,2017-01-01,2017-03-01
761,1029,4,2017-01-01,2017-03-01
355,716,4,2017-01-01,2017-03-01
362,701,4,2017-01-01,2017-03-01
1566,1590,4,2017-01-01,2017-03-01
1957,1961,4,2017-01-01,2017-03-01
1917,1989,4,2017-01-01,2017-03-01
2115,2162,4,2017-01-01,2017-03-01
2187,2188,4,2017-01-01,2017-03-01
2130,2190,4,2017-01-01,2017-03-01
2145,2163,4,2017-01-01,2017-03-01
2145,2182,4,2017-01-01,2017-03-01
2452,2462,4,2017-01-01,2017-03-01
3107,3112,4,2017-01-01,2017-03-01
255,624,4,2017-01-01,2017-03-01
369,1576,4,2017-01-01,2017-03-01
1223,2608,4,2017-01-01,2017-03-01
3739,3770,4,2017-01-01,2017-03-01
3906,3980,4,2017-01-01,2017-03-01
3929,3932,4,2017-01-01,2017-03-01
4016,4078,4,2017-01-01,2017-03-01
246,2152,4,2017-01-01,2017-03-01
4165,4171,4,2017-01-01,2017-03-01
293,1645,4,2017-01-01,2017-03-01
293,2567,4,2017-01-01,2017-03-01
490,1693,4,2017-01-01,2017-03-01
1503,3974,4,2017-01-01,2017-03-01
2278,3561,4,2017-01-01,2017-03-01
154,2870,4,2017-01-01,2017-03-01
601,1300,4,2017-01-01,2017-03-01
4383,4386,4,2017-01-01,2017-03-01
901,2969,4,2017-01-01,2017-03-01
928,1369,4,2017-01-01,2017-03-01
4407,4466,4,2017-01-01,2017-03-01
4403,4411,4,2017-01-01,2017-03-01
4069,4346,4,2017-01-01,2017-03-01
4632,4686,4,2017-01-01,2017-03-01
4618,4668,4,2017-01-01,2017-03-01
4618,4665,4,2017-01-01,2017-03-01
4671,4695,4,2017-01-01,2017-03-01
1288,2972,4,2017-01-01,2017-03-01
2972,3046,4,2017-01-01,2017-03-01
2867,4016,4,2017-01-01,2017-03-01
1666,4059,4,2017-01-01,2017-03-01
2511,4011,4,2017-01-01,2017-03-01
2233,4407,4,2017-01-01,2017-03-01
657,665,4,2017-01-01,2017-03-01
601,615,4,2017-01-01,2017-03-01
777,790,4,2017-01-01,2017-03-01
805,848,4,2017-01-01,2017-03-01
1156,1163,4,2017-01-01,2017-03-01
364,1044,4,2017-01-01,2017-03-01
330,1043,4,2017-01-01,2017-03-01
334,1026,4,2017-01-01,2017-03-01
1240,1250,4,2017-01-01,2017-03-01
717,718,4,2017-01-01,2017-03-01
392,1051,4,2017-01-01,2017-03-01
740,1057,4,2017-01-01,2017-03-01
324,746,4,2017-01-01,2017-03-01
727,1026,4,2017-01-01,2017-03-01
355,704,4,2017-01-01,2017-03-01
1956,1997,4,2017-01-01,2017-03-01
1920,1941,4,2017-01-01,2017-03-01
2161,2174,4,2017-01-01,2017-03-01
2226,2235,4,2017-01-01,2017-03-01
2225,2262,4,2017-01-01,2017-03-01
2225,2261,4,2017-01-01,2017-03-01
2264,2288,4,2017-01-01,2017-03-01
2534,2584,4,2017-01-01,2017-03-01
2709,2767,4,2017-01-01,2017-03-01
435,1273,4,2017-01-01,2017-03-01
3137,3186,4,2017-01-01,2017-03-01
3169,3192,4,2017-01-01,2017-03-01
3438,3491,4,2017-01-01,2017-03-01
3439,3483,4,2017-01-01,2017-03-01
369,1561,4,2017-01-01,2017-03-01
3806,3815,4,2017-01-01,2017-03-01
4025,4078,4,2017-01-01,2017-03-01
4002,4042,4,2017-01-01,2017-03-01
4035,4080,4,2017-01-01,2017-03-01
2197,3151,4,2017-01-01,2017-03-01
2153,3198,4,2017-01-01,2017-03-01
221,609,4,2017-01-01,2017-03-01
684,2568,4,2017-01-01,2017-03-01
1645,2570,4,2017-01-01,2017-03-01
1087,3149,4,2017-01-01,2017-03-01
2244,3561,4,2017-01-01,2017-03-01
4318,4345,4,2017-01-01,2017-03-01
961,1370,4,2017-01-01,2017-03-01
4464,4474,4,2017-01-01,2017-03-01
4088,4346,4,2017-01-01,2017-03-01
4069,4380,4,2017-01-01,2017-03-01
4032,4398,4,2017-01-01,2017-03-01
4643,4685,4,2017-01-01,2017-03-01
4609,4655,4,2017-01-01,2017-03-01
4680,4685,4,2017-01-01,2017-03-01
1074,2789,4,2017-01-01,2017-03-01
437,1322,4,2017-01-01,2017-03-01
975,4373,4,2017-01-01,2017-03-01
930,4364,4,2017-01-01,2017-03-01
2511,4009,4,2017-01-01,2017-03-01
407,4044,4,2017-01-01,2017-03-01
2554,4407,4,2017-01-01,2017-03-01
946,1398,4,2017-01-01,2017-03-01
2295,3603,4,2017-01-01,2017-03-01
542,574,4,2017-01-01,2017-03-01
680,698,4,2017-01-01,2017-03-01
805,833,4,2017-01-01,2017-03-01
341,1095,4,2017-01-01,2017-03-01
1321,1384,4,2017-01-01,2017-03-01
362,1025,4,2017-01-01,2017-03-01
1212,1287,4,2017-01-01,2017-03-01
791,1056,4,2017-01-01,2017-03-01
768,1023,4,2017-01-01,2017-03-01
376,712,4,2017-01-01,2017-03-01
355,766,4,2017-01-01,2017-03-01
355,746,4,2017-01-01,2017-03-01
1904,1989,4,2017-01-01,2017-03-01
1951,1969,4,2017-01-01,2017-03-01
2120,2148,4,2017-01-01,2017-03-01
2124,2155,4,2017-01-01,2017-03-01
2130,2141,4,2017-01-01,2017-03-01
2129,2136,4,2017-01-01,2017-03-01
2136,2185,4,2017-01-01,2017-03-01
2276,2300,4,2017-01-01,2017-03-01
2413,2484,4,2017-01-01,2017-03-01
2401,2477,4,2017-01-01,2017-03-01
2068,2334,4,2017-01-01,2017-03-01
2604,2624,4,2017-01-01,2017-03-01
2801,2862,4,2017-01-01,2017-03-01
2877,2887,4,2017-01-01,2017-03-01
3311,3317,4,2017-01-01,2017-03-01
3438,3444,4,2017-01-01,2017-03-01
3831,3847,4,2017-01-01,2017-03-01
4029,4053,4,2017-01-01,2017-03-01
4069,4078,4,2017-01-01,2017-03-01
4044,4051,4,2017-01-01,2017-03-01
272,2183,4,2017-01-01,2017-03-01
2178,3188,4,2017-01-01,2017-03-01
247,3122,4,2017-01-01,2017-03-01
2153,3151,4,2017-01-01,2017-03-01
1479,2781,4,2017-01-01,2017-03-01
1645,2563,4,2017-01-01,2017-03-01
986,1376,4,2017-01-01,2017-03-01
4353,4387,4,2017-01-01,2017-03-01
1310,2941,4,2017-01-01,2017-03-01
1503,2600,4,2017-01-01,2017-03-01
4429,4491,4,2017-01-01,2017-03-01
4403,4473,4,2017-01-01,2017-03-01
4403,4491,4,2017-01-01,2017-03-01
4090,4380,4,2017-01-01,2017-03-01
4084,4376,4,2017-01-01,2017-03-01
4646,4675,4,2017-01-01,2017-03-01
4620,4632,4,2017-01-01,2017-03-01
1074,1444,4,2017-01-01,2017-03-01
915,4059,4,2017-01-01,2017-03-01
1358,2221,4,2017-01-01,2017-03-01
972,2427,4,2017-01-01,2017-03-01
2932,3654,4,2017-01-01,2017-03-01
941,3571,4,2017-01-01,2017-03-01
126,2263,4,2017-01-01,2017-03-01
45,58,4,2017-01-01,2017-03-01
832,895,4,2017-01-01,2017-03-01
1036,1089,4,2017-01-01,2017-03-01
1343,1358,4,2017-01-01,2017-03-01
392,1043,4,2017-01-01,2017-03-01
328,1044,4,2017-01-01,2017-03-01
385,1031,4,2017-01-01,2017-03-01
1970,1992,4,2017-01-01,2017-03-01
1945,1988,4,2017-01-01,2017-03-01
2176,2177,4,2017-01-01,2017-03-01
2111,2140,4,2017-01-01,2017-03-01
2109,2131,4,2017-01-01,2017-03-01
2116,2141,4,2017-01-01,2017-03-01
2116,2124,4,2017-01-01,2017-03-01
2145,2169,4,2017-01-01,2017-03-01
2220,2231,4,2017-01-01,2017-03-01
3134,3182,4,2017-01-01,2017-03-01
3205,3225,4,2017-01-01,2017-03-01
3205,3285,4,2017-01-01,2017-03-01
3208,3285,4,2017-01-01,2017-03-01
3411,3493,4,2017-01-01,2017-03-01
3423,3486,4,2017-01-01,2017-03-01
1236,1594,4,2017-01-01,2017-03-01
1587,2697,4,2017-01-01,2017-03-01
368,3436,4,2017-01-01,2017-03-01
1001,3405,4,2017-01-01,2017-03-01
716,3413,4,2017-01-01,2017-03-01
3932,3949,4,2017-01-01,2017-03-01
3916,3974,4,2017-01-01,2017-03-01
3914,3924,4,2017-01-01,2017-03-01
4011,4088,4,2017-01-01,2017-03-01
246,3167,4,2017-01-01,2017-03-01
1456,1855,4,2017-01-01,2017-03-01
4195,4197,4,2017-01-01,2017-03-01
2586,3104,4,2017-01-01,2017-03-01
205,2510,4,2017-01-01,2017-03-01
1693,2521,4,2017-01-01,2017-03-01
1581,3931,4,2017-01-01,2017-03-01
673,3447,4,2017-01-01,2017-03-01
1645,2514,4,2017-01-01,2017-03-01
4322,4379,4,2017-01-01,2017-03-01
4378,4400,4,2017-01-01,2017-03-01
801,3702,4,2017-01-01,2017-03-01
4407,4499,4,2017-01-01,2017-03-01
2315,3620,4,2017-01-01,2017-03-01
4685,4686,4,2017-01-01,2017-03-01
4646,4690,4,2017-01-01,2017-03-01
4673,4690,4,2017-01-01,2017-03-01
2783,2816,4,2017-01-01,2017-03-01
905,1813,4,2017-01-01,2017-03-01
1472,1722,4,2017-01-01,2017-03-01
2759,4013,4,2017-01-01,2017-03-01
2717,4059,4,2017-01-01,2017-03-01
930,4080,4,2017-01-01,2017-03-01
1696,4053,4,2017-01-01,2017-03-01
3589,3648,4,2017-01-01,2017-03-01
3547,3678,4,2017-01-01,2017-03-01
912,3536,4,2017-01-01,2017-03-01
2222,2977,4,2017-01-01,2017-03-01
3537,3698,4,2017-01-01,2017-03-01
923,3648,4,2017-01-01,2017-03-01
2407,2977,4,2017-01-01,2017-03-01
347,375,4,2017-01-01,2017-03-01
867,891,4,2017-01-01,2017-03-01
1165,1180,4,2017-01-01,2017-03-01
366,1038,4,2017-01-01,2017-03-01
1442,1479,4,2017-01-01,2017-03-01
324,1072,4,2017-01-01,2017-03-01
328,1072,4,2017-01-01,2017-03-01
381,786,4,2017-01-01,2017-03-01
704,1001,4,2017-01-01,2017-03-01
730,1023,4,2017-01-01,2017-03-01
749,1073,4,2017-01-01,2017-03-01
772,1029,4,2017-01-01,2017-03-01
334,704,4,2017-01-01,2017-03-01
1808,1864,4,2017-01-01,2017-03-01
1946,1969,4,2017-01-01,2017-03-01
2120,2137,4,2017-01-01,2017-03-01
2119,2137,4,2017-01-01,2017-03-01
2129,2134,4,2017-01-01,2017-03-01
2234,2292,4,2017-01-01,2017-03-01
2429,2484,4,2017-01-01,2017-03-01
3005,3096,4,2017-01-01,2017-03-01
620,3119,4,2017-01-01,2017-03-01
3729,3770,4,2017-01-01,2017-03-01
3815,3865,4,2017-01-01,2017-03-01
4012,4029,4,2017-01-01,2017-03-01
272,3182,4,2017-01-01,2017-03-01
2178,3193,4,2017-01-01,2017-03-01
218,3198,4,2017-01-01,2017-03-01
2186,3198,4,2017-01-01,2017-03-01
215,2539,4,2017-01-01,2017-03-01
1211,1508,4,2017-01-01,2017-03-01
1247,3978,4,2017-01-01,2017-03-01
275,1297,4,2017-01-01,2017-03-01
1394,2969,4,2017-01-01,2017-03-01
2284,3509,4,2017-01-01,2017-03-01
4409,4415,4,2017-01-01,2017-03-01
4407,4469,4,2017-01-01,2017-03-01
4467,4496,4,2017-01-01,2017-03-01
130,3648,4,2017-01-01,2017-03-01
130,3620,4,2017-01-01,2017-03-01
4615,4643,4,2017-01-01,2017-03-01
437,1465,4,2017-01-01,2017-03-01
407,1422,4,2017-01-01,2017-03-01
2789,2816,4,2017-01-01,2017-03-01
2789,4316,4,2017-01-01,2017-03-01
1464,4059,4,2017-01-01,2017-03-01
2939,4364,4,2017-01-01,2017-03-01
920,3571,4,2017-01-01,2017-03-01
3536,3678,4,2017-01-01,2017-03-01
972,2437,4,2017-01-01,2017-03-01
2263,3639,4,2017-01-01,2017-03-01
2437,2901,4,2017-01-01,2017-03-01
1321,2977,4,2017-01-01,2017-03-01
1321,2467,4,2017-01-01,2017-03-01
126,2901,4,2017-01-01,2017-03-01
923,3537,4,2017-01-01,2017-03-01
1398,2334,4,2017-01-01,2017-03-01
141,923,4,2017-01-01,2017-03-01
350,400,4,2017-01-01,2017-03-01
510,556,4,2017-01-01,2017-03-01
627,682,4,2017-01-01,2017-03-01
610,658,4,2017-01-01,2017-03-01
605,646,4,2017-01-01,2017-03-01
837,884,4,2017-01-01,2017-03-01
907,979,4,2017-01-01,2017-03-01
362,1026,4,2017-01-01,2017-03-01
313,786,4,2017-01-01,2017-03-01
1990,1991,4,2017-01-01,2017-03-01
1904,1938,4,2017-01-01,2017-03-01
1969,1992,4,2017-01-01,2017-03-01
1933,1960,4,2017-01-01,2017-03-01
2021,2043,4,2017-01-01,2017-03-01
2001,2075,4,2017-01-01,2017-03-01
2160,2163,4,2017-01-01,2017-03-01
2126,2165,4,2017-01-01,2017-03-01
2109,2115,4,2017-01-01,2017-03-01
2110,2148,4,2017-01-01,2017-03-01
2262,2272,4,2017-01-01,2017-03-01
2226,2249,4,2017-01-01,2017-03-01
2259,2274,4,2017-01-01,2017-03-01
2504,2583,4,2017-01-01,2017-03-01
2869,2886,4,2017-01-01,2017-03-01
234,627,4,2017-01-01,2017-03-01
1271,2668,4,2017-01-01,2017-03-01
314,1587,4,2017-01-01,2017-03-01
1247,1544,4,2017-01-01,2017-03-01
3529,3532,4,2017-01-01,2017-03-01
716,3436,4,2017-01-01,2017-03-01
763,3477,4,2017-01-01,2017-03-01
3776,3794,4,2017-01-01,2017-03-01
3955,3974,4,2017-01-01,2017-03-01
4010,4019,4,2017-01-01,2017-03-01
4007,4053,4,2017-01-01,2017-03-01
609,3182,4,2017-01-01,2017-03-01
1865,2767,4,2017-01-01,2017-03-01
1498,1842,4,2017-01-01,2017-03-01
4125,4200,4,2017-01-01,2017-03-01
606,2567,4,2017-01-01,2017-03-01
293,2586,4,2017-01-01,2017-03-01
274,2576,4,2017-01-01,2017-03-01
467,692,4,2017-01-01,2017-03-01
1005,2561,4,2017-01-01,2017-03-01
317,1585,4,2017-01-01,2017-03-01
1223,3931,4,2017-01-01,2017-03-01
1298,3162,4,2017-01-01,2017-03-01
606,2514,4,2017-01-01,2017-03-01
4371,4373,4,2017-01-01,2017-03-01
975,1394,4,2017-01-01,2017-03-01
848,3770,4,2017-01-01,2017-03-01
2221,3537,4,2017-01-01,2017-03-01
2223,3502,4,2017-01-01,2017-03-01
4401,4493,4,2017-01-01,2017-03-01
4411,4469,4,2017-01-01,2017-03-01
4403,4499,4,2017-01-01,2017-03-01
2427,3624,4,2017-01-01,2017-03-01
1666,2816,4,2017-01-01,2017-03-01
1465,2511,4,2017-01-01,2017-03-01
446,4609,4,2017-01-01,2017-03-01
2941,4316,4,2017-01-01,2017-03-01
2783,4339,4,2017-01-01,2017-03-01
946,2951,4,2017-01-01,2017-03-01
1330,3571,4,2017-01-01,2017-03-01
2263,2325,4,2017-01-01,2017-03-01
1313,2467,4,2017-01-01,2017-03-01
2498,2901,4,2017-01-01,2017-03-01
843,850,4,2017-01-01,2017-03-01
907,945,4,2017-01-01,2017-03-01
378,1038,4,2017-01-01,2017-03-01
341,1013,4,2017-01-01,2017-03-01
334,1002,4,2017-01-01,2017-03-01
312,1085,4,2017-01-01,2017-03-01
1223,1236,4,2017-01-01,2017-03-01
385,758,4,2017-01-01,2017-03-01
334,797,4,2017-01-01,2017-03-01
1828,1864,4,2017-01-01,2017-03-01
1905,1946,4,2017-01-01,2017-03-01
1916,1989,4,2017-01-01,2017-03-01
1923,1971,4,2017-01-01,2017-03-01
2130,2131,4,2017-01-01,2017-03-01
2168,2185,4,2017-01-01,2017-03-01
2107,2137,4,2017-01-01,2017-03-01
2226,2290,4,2017-01-01,2017-03-01
2534,2546,4,2017-01-01,2017-03-01
2527,2546,4,2017-01-01,2017-03-01
2628,2648,4,2017-01-01,2017-03-01
2955,2964,4,2017-01-01,2017-03-01
3011,3063,4,2017-01-01,2017-03-01
3046,3087,4,2017-01-01,2017-03-01
3149,3173,4,2017-01-01,2017-03-01
3301,3396,4,2017-01-01,2017-03-01
3309,3317,4,2017-01-01,2017-03-01
294,604,4,2017-01-01,2017-03-01
215,622,4,2017-01-01,2017-03-01
264,682,4,2017-01-01,2017-03-01
3476,3493,4,2017-01-01,2017-03-01
1503,2697,4,2017-01-01,2017-03-01
3547,3586,4,2017-01-01,2017-03-01
2130,3108,4,2017-01-01,2017-03-01
772,3440,4,2017-01-01,2017-03-01
3822,3849,4,2017-01-01,2017-03-01
3824,3865,4,2017-01-01,2017-03-01
3924,3930,4,2017-01-01,2017-03-01
295,2199,4,2017-01-01,2017-03-01
2186,3193,4,2017-01-01,2017-03-01
4157,4197,4,2017-01-01,2017-03-01
255,2510,4,2017-01-01,2017-03-01
2248,3598,4,2017-01-01,2017-03-01
601,2563,4,2017-01-01,2017-03-01
1269,1673,4,2017-01-01,2017-03-01
804,3791,4,2017-01-01,2017-03-01
2458,3698,4,2017-01-01,2017-03-01
4040,4398,4,2017-01-01,2017-03-01
4607,4646,4,2017-01-01,2017-03-01
4672,4686,4,2017-01-01,2017-03-01
4608,4667,4,2017-01-01,2017-03-01
4673,4674,4,2017-01-01,2017-03-01
1439,3152,4,2017-01-01,2017-03-01
940,2769,4,2017-01-01,2017-03-01
993,2743,4,2017-01-01,2017-03-01
1482,4016,4,2017-01-01,2017-03-01
5146,5194,4,2017-01-01,2017-03-01
2951,3681,4,2017-01-01,2017-03-01
946,2295,4,2017-01-01,2017-03-01
920,3547,4,2017-01-01,2017-03-01
977,3635,4,2017-01-01,2017-03-01
2965,3537,4,2017-01-01,2017-03-01
972,1387,4,2017-01-01,2017-03-01
3509,3681,4,2017-01-01,2017-03-01
1313,2427,4,2017-01-01,2017-03-01
239,284,4,2017-01-01,2017-03-01
317,343,4,2017-01-01,2017-03-01
537,597,4,2017-01-01,2017-03-01
868,895,4,2017-01-01,2017-03-01
1313,1343,4,2017-01-01,2017-03-01
724,1029,4,2017-01-01,2017-03-01
360,766,4,2017-01-01,2017-03-01
1830,1853,4,2017-01-01,2017-03-01
1960,1979,4,2017-01-01,2017-03-01
1962,1991,4,2017-01-01,2017-03-01
1927,1955,4,2017-01-01,2017-03-01
1902,1991,4,2017-01-01,2017-03-01
2142,2158,4,2017-01-01,2017-03-01
2116,2187,4,2017-01-01,2017-03-01
2247,2290,4,2017-01-01,2017-03-01
2206,2271,4,2017-01-01,2017-03-01
2207,2261,4,2017-01-01,2017-03-01
2404,2429,4,2017-01-01,2017-03-01
2709,2793,4,2017-01-01,2017-03-01
2911,2925,4,2017-01-01,2017-03-01
3123,3137,4,2017-01-01,2017-03-01
3134,3188,4,2017-01-01,2017-03-01
3447,3493,4,2017-01-01,2017-03-01
3447,3490,4,2017-01-01,2017-03-01
1228,2608,4,2017-01-01,2017-03-01
1092,1509,4,2017-01-01,2017-03-01
3553,3565,4,2017-01-01,2017-03-01
772,3436,4,2017-01-01,2017-03-01
3712,3729,4,2017-01-01,2017-03-01
3904,3931,4,2017-01-01,2017-03-01
3939,3994,4,2017-01-01,2017-03-01
3931,3989,4,2017-01-01,2017-03-01
4046,4099,4,2017-01-01,2017-03-01
4019,4046,4,2017-01-01,2017-03-01
4040,4072,4,2017-01-01,2017-03-01
4040,4087,4,2017-01-01,2017-03-01
690,2175,4,2017-01-01,2017-03-01
246,3159,4,2017-01-01,2017-03-01
443,2545,4,2017-01-01,2017-03-01
2573,3123,4,2017-01-01,2017-03-01
230,1677,4,2017-01-01,2017-03-01
314,3914,4,2017-01-01,2017-03-01
443,1692,4,2017-01-01,2017-03-01
1005,1602,4,2017-01-01,2017-03-01
961,2941,4,2017-01-01,2017-03-01
266,1014,4,2017-01-01,2017-03-01
1014,1243,4,2017-01-01,2017-03-01
1503,1673,4,2017-01-01,2017-03-01
4415,4466,4,2017-01-01,2017-03-01
2315,3603,4,2017-01-01,2017-03-01
2315,2458,4,2017-01-01,2017-03-01
4063,4387,4,2017-01-01,2017-03-01
4661,4677,4,2017-01-01,2017-03-01
2511,2816,4,2017-01-01,2017-03-01
993,2802,4,2017-01-01,2017-03-01
1482,4052,4,2017-01-01,2017-03-01
946,2963,4,2017-01-01,2017-03-01
912,3675,4,2017-01-01,2017-03-01
920,2263,4,2017-01-01,2017-03-01
972,3635,4,2017-01-01,2017-03-01
779,789,4,2017-01-01,2017-03-01
1036,1092,4,2017-01-01,2017-03-01
622,677,4,2017-01-01,2017-03-01
366,1002,4,2017-01-01,2017-03-01
360,1025,4,2017-01-01,2017-03-01
355,1025,4,2017-01-01,2017-03-01
324,709,4,2017-01-01,2017-03-01
1974,1988,4,2017-01-01,2017-03-01
1913,1974,4,2017-01-01,2017-03-01
2142,2190,4,2017-01-01,2017-03-01
2187,2189,4,2017-01-01,2017-03-01
2168,2189,4,2017-01-01,2017-03-01
2114,2179,4,2017-01-01,2017-03-01
2136,2137,4,2017-01-01,2017-03-01
2247,2249,4,2017-01-01,2017-03-01
2231,2238,4,2017-01-01,2017-03-01
2830,2887,4,2017-01-01,2017-03-01
248,3157,4,2017-01-01,2017-03-01
276,3117,4,2017-01-01,2017-03-01
3438,3475,4,2017-01-01,2017-03-01
1024,1553,4,2017-01-01,2017-03-01
763,3410,4,2017-01-01,2017-03-01
3712,3756,4,2017-01-01,2017-03-01
3801,3837,4,2017-01-01,2017-03-01
3805,3847,4,2017-01-01,2017-03-01
3911,3971,4,2017-01-01,2017-03-01
3966,3974,4,2017-01-01,2017-03-01
4051,4060,4,2017-01-01,2017-03-01
4017,4090,4,2017-01-01,2017-03-01
281,603,4,2017-01-01,2017-03-01
286,3195,4,2017-01-01,2017-03-01
4157,4165,4,2017-01-01,2017-03-01
2245,3600,4,2017-01-01,2017-03-01
2298,3556,4,2017-01-01,2017-03-01
1602,3184,4,2017-01-01,2017-03-01
4336,4387,4,2017-01-01,2017-03-01
930,1322,4,2017-01-01,2017-03-01
2223,3536,4,2017-01-01,2017-03-01
4546,4575,4,2017-01-01,2017-03-01
4071,4361,4,2017-01-01,2017-03-01
4643,4680,4,2017-01-01,2017-03-01
1444,2789,4,2017-01-01,2017-03-01
905,2769,4,2017-01-01,2017-03-01
1248,1367,4,2017-01-01,2017-03-01
910,2754,4,2017-01-01,2017-03-01
915,4011,4,2017-01-01,2017-03-01
1484,4353,4,2017-01-01,2017-03-01
1337,4083,4,2017-01-01,2017-03-01
2959,4013,4,2017-01-01,2017-03-01
2759,4080,4,2017-01-01,2017-03-01
2717,4009,4,2017-01-01,2017-03-01
1482,4316,4,2017-01-01,2017-03-01
5120,5198,4,2017-01-01,2017-03-01
2273,3603,4,2017-01-01,2017-03-01
2405,2935,4,2017-01-01,2017-03-01
130,3578,4,2017-01-01,2017-03-01
1343,2441,4,2017-01-01,2017-03-01
64,86,4,2017-01-01,2017-03-01
226,294,4,2017-01-01,2017-03-01
447,489,4,2017-01-01,2017-03-01
633,687,4,2017-01-01,2017-03-01
645,677,4,2017-01-01,2017-03-01
645,680,4,2017-01-01,2017-03-01
839,895,4,2017-01-01,2017-03-01
1074,1082,4,2017-01-01,2017-03-01
1134,1165,4,2017-01-01,2017-03-01
362,1007,4,2017-01-01,2017-03-01
1208,1250,4,2017-01-01,2017-03-01
1248,1272,4,2017-01-01,2017-03-01
1082,1248,4,2017-01-01,2017-03-01
229,230,4,2017-01-01,2017-03-01
210,212,4,2017-01-01,2017-03-01
822,837,4,2017-01-01,2017-03-01
1956,1979,4,2017-01-01,2017-03-01
1922,1979,4,2017-01-01,2017-03-01
1937,1960,4,2017-01-01,2017-03-01
2115,2134,4,2017-01-01,2017-03-01
2124,2182,4,2017-01-01,2017-03-01
2158,2173,4,2017-01-01,2017-03-01
2130,2154,4,2017-01-01,2017-03-01
2109,2185,4,2017-01-01,2017-03-01
2181,2185,4,2017-01-01,2017-03-01
2134,2141,4,2017-01-01,2017-03-01
2110,2168,4,2017-01-01,2017-03-01
2206,2261,4,2017-01-01,2017-03-01
126,2068,4,2017-01-01,2017-03-01
2924,2985,4,2017-01-01,2017-03-01
3405,3451,4,2017-01-01,2017-03-01
3504,3593,4,2017-01-01,2017-03-01
3645,3678,4,2017-01-01,2017-03-01
724,3483,4,2017-01-01,2017-03-01
1023,3436,4,2017-01-01,2017-03-01
3801,3887,4,2017-01-01,2017-03-01
3931,3974,4,2017-01-01,2017-03-01
4028,4038,4,2017-01-01,2017-03-01
4059,4078,4,2017-01-01,2017-03-01
2279,3571,4,2017-01-01,2017-03-01
4405,4418,4,2017-01-01,2017-03-01
4418,4496,4,2017-01-01,2017-03-01
126,3624,4,2017-01-01,2017-03-01
4046,4331,4,2017-01-01,2017-03-01
1677,3858,4,2017-01-01,2017-03-01
4640,4685,4,2017-01-01,2017-03-01
1666,2776,4,2017-01-01,2017-03-01
407,2758,4,2017-01-01,2017-03-01
1818,2776,4,2017-01-01,2017-03-01
2511,2758,4,2017-01-01,2017-03-01
2759,4044,4,2017-01-01,2017-03-01
1482,4012,4,2017-01-01,2017-03-01
130,941,4,2017-01-01,2017-03-01
2427,3578,4,2017-01-01,2017-03-01
602,628,4,2017-01-01,2017-03-01
801,850,4,2017-01-01,2017-03-01
813,881,4,2017-01-01,2017-03-01
832,848,4,2017-01-01,2017-03-01
1024,1066,4,2017-01-01,2017-03-01
1084,1100,4,2017-01-01,2017-03-01
381,1056,4,2017-01-01,2017-03-01
1240,1292,4,2017-01-01,2017-03-01
1332,1354,4,2017-01-01,2017-03-01
334,739,4,2017-01-01,2017-03-01
1585,1590,4,2017-01-01,2017-03-01
1652,1662,4,2017-01-01,2017-03-01
1914,1970,4,2017-01-01,2017-03-01
1966,1967,4,2017-01-01,2017-03-01
1945,1974,4,2017-01-01,2017-03-01
1957,1971,4,2017-01-01,2017-03-01
1913,1956,4,2017-01-01,2017-03-01
1903,1942,4,2017-01-01,2017-03-01
2146,2147,4,2017-01-01,2017-03-01
2134,2148,4,2017-01-01,2017-03-01
2202,2203,4,2017-01-01,2017-03-01
2404,2462,4,2017-01-01,2017-03-01
2521,2554,4,2017-01-01,2017-03-01
243,3109,4,2017-01-01,2017-03-01
660,3120,4,2017-01-01,2017-03-01
264,3145,4,2017-01-01,2017-03-01
3413,3439,4,2017-01-01,2017-03-01
3471,3476,4,2017-01-01,2017-03-01
1053,3491,4,2017-01-01,2017-03-01
3914,3966,4,2017-01-01,2017-03-01
2199,3193,4,2017-01-01,2017-03-01
2175,3188,4,2017-01-01,2017-03-01
299,2570,4,2017-01-01,2017-03-01
1693,2568,4,2017-01-01,2017-03-01
1087,3184,4,2017-01-01,2017-03-01
1581,3980,4,2017-01-01,2017-03-01
275,427,4,2017-01-01,2017-03-01
4346,4395,4,2017-01-01,2017-03-01
1367,2941,4,2017-01-01,2017-03-01
1371,2906,4,2017-01-01,2017-03-01
848,3791,4,2017-01-01,2017-03-01
2279,3563,4,2017-01-01,2017-03-01
4449,4474,4,2017-01-01,2017-03-01
4632,4680,4,2017-01-01,2017-03-01
4620,4640,4,2017-01-01,2017-03-01
4617,4674,4,2017-01-01,2017-03-01
1464,2758,4,2017-01-01,2017-03-01
1444,2968,4,2017-01-01,2017-03-01
2969,4016,4,2017-01-01,2017-03-01
920,3675,4,2017-01-01,2017-03-01
1330,3578,4,2017-01-01,2017-03-01
1384,2295,4,2017-01-01,2017-03-01
1313,2910,4,2017-01-01,2017-03-01
203,239,4,2017-01-01,2017-03-01
424,465,4,2017-01-01,2017-03-01
522,550,4,2017-01-01,2017-03-01
657,660,4,2017-01-01,2017-03-01
738,798,4,2017-01-01,2017-03-01
1063,1092,4,2017-01-01,2017-03-01
715,718,4,2017-01-01,2017-03-01
341,1007,4,2017-01-01,2017-03-01
368,706,4,2017-01-01,2017-03-01
709,1057,4,2017-01-01,2017-03-01
328,759,4,2017-01-01,2017-03-01
1673,1692,4,2017-01-01,2017-03-01
1842,1867,4,2017-01-01,2017-03-01
1920,1956,4,2017-01-01,2017-03-01
1974,1991,4,2017-01-01,2017-03-01
1917,1974,4,2017-01-01,2017-03-01
2140,2179,4,2017-01-01,2017-03-01
2133,2195,4,2017-01-01,2017-03-01
2121,2193,4,2017-01-01,2017-03-01
2107,2173,4,2017-01-01,2017-03-01
2247,2276,4,2017-01-01,2017-03-01
2202,2234,4,2017-01-01,2017-03-01
2211,2275,4,2017-01-01,2017-03-01
2306,2328,4,2017-01-01,2017-03-01
2464,2496,4,2017-01-01,2017-03-01
3122,3154,4,2017-01-01,2017-03-01
3159,3172,4,2017-01-01,2017-03-01
283,625,4,2017-01-01,2017-03-01
3436,3451,4,2017-01-01,2017-03-01
3438,3461,4,2017-01-01,2017-03-01
3405,3447,4,2017-01-01,2017-03-01
751,3421,4,2017-01-01,2017-03-01
3908,3914,4,2017-01-01,2017-03-01
4060,4066,4,2017-01-01,2017-03-01
4078,4080,4,2017-01-01,2017-03-01
1508,2689,4,2017-01-01,2017-03-01
1542,3906,4,2017-01-01,2017-03-01
3154,3446,4,2017-01-01,2017-03-01
641,1056,4,2017-01-01,2017-03-01
901,2906,4,2017-01-01,2017-03-01
2293,3577,4,2017-01-01,2017-03-01
4418,4473,4,2017-01-01,2017-03-01
4506,4516,4,2017-01-01,2017-03-01
1248,1432,4,2017-01-01,2017-03-01
1432,2511,4,2017-01-01,2017-03-01
1371,4053,4,2017-01-01,2017-03-01
1464,4042,4,2017-01-01,2017-03-01
930,4353,4,2017-01-01,2017-03-01
2939,4025,4,2017-01-01,2017-03-01
2511,4025,4,2017-01-01,2017-03-01
2554,4418,4,2017-01-01,2017-03-01
5119,5194,4,2017-01-01,2017-03-01
912,2221,4,2017-01-01,2017-03-01
920,1321,4,2017-01-01,2017-03-01
977,3654,4,2017-01-01,2017-03-01
1347,3648,4,2017-01-01,2017-03-01
2273,2334,4,2017-01-01,2017-03-01
1384,3509,4,2017-01-01,2017-03-01
660,682,4,2017-01-01,2017-03-01
717,783,4,2017-01-01,2017-03-01
850,888,4,2017-01-01,2017-03-01
832,845,4,2017-01-01,2017-03-01
378,1051,4,2017-01-01,2017-03-01
1212,1269,4,2017-01-01,2017-03-01
605,606,4,2017-01-01,2017-03-01
607,646,4,2017-01-01,2017-03-01
702,796,4,2017-01-01,2017-03-01
315,1053,4,2017-01-01,2017-03-01
331,1297,4,2017-01-01,2017-03-01
385,795,4,2017-01-01,2017-03-01
354,772,4,2017-01-01,2017-03-01
366,764,4,2017-01-01,2017-03-01
1611,1616,4,2017-01-01,2017-03-01
1707,1727,4,2017-01-01,2017-03-01
1967,1988,4,2017-01-01,2017-03-01
1987,1991,4,2017-01-01,2017-03-01
2144,2179,4,2017-01-01,2017-03-01
2124,2141,4,2017-01-01,2017-03-01
2126,2134,4,2017-01-01,2017-03-01
2201,2238,4,2017-01-01,2017-03-01
2213,2228,4,2017-01-01,2017-03-01
2234,2275,4,2017-01-01,2017-03-01
2281,2288,4,2017-01-01,2017-03-01
2469,2492,4,2017-01-01,2017-03-01
2404,2413,4,2017-01-01,2017-03-01
2963,2977,4,2017-01-01,2017-03-01
3205,3208,4,2017-01-01,2017-03-01
3380,3396,4,2017-01-01,2017-03-01
2181,3161,4,2017-01-01,2017-03-01
724,3475,4,2017-01-01,2017-03-01
3723,3775,4,2017-01-01,2017-03-01
4044,4060,4,2017-01-01,2017-03-01
2178,3182,4,2017-01-01,2017-03-01
281,2153,4,2017-01-01,2017-03-01
221,3122,4,2017-01-01,2017-03-01
1300,2522,4,2017-01-01,2017-03-01
274,443,4,2017-01-01,2017-03-01
1542,3916,4,2017-01-01,2017-03-01
1247,3914,4,2017-01-01,2017-03-01
391,2887,4,2017-01-01,2017-03-01
1394,2941,4,2017-01-01,2017-03-01
2263,3577,4,2017-01-01,2017-03-01
4415,4467,4,2017-01-01,2017-03-01
4022,4361,4,2017-01-01,2017-03-01
4626,4678,4,2017-01-01,2017-03-01
4618,4675,4,2017-01-01,2017-03-01
1315,2802,4,2017-01-01,2017-03-01
2941,4012,4,2017-01-01,2017-03-01
1337,4044,4,2017-01-01,2017-03-01
1371,4044,4,2017-01-01,2017-03-01
930,4309,4,2017-01-01,2017-03-01
930,4009,4,2017-01-01,2017-03-01
5319,5390,4,2017-01-01,2017-03-01
1358,3678,4,2017-01-01,2017-03-01
2222,3635,4,2017-01-01,2017-03-01
941,3639,4,2017-01-01,2017-03-01
988,3547,4,2017-01-01,2017-03-01
130,920,4,2017-01-01,2017-03-01
2935,3509,4,2017-01-01,2017-03-01
210,294,4,2017-01-01,2017-03-01
232,276,4,2017-01-01,2017-03-01
723,779,4,2017-01-01,2017-03-01
878,891,4,2017-01-01,2017-03-01
819,894,4,2017-01-01,2017-03-01
962,967,4,2017-01-01,2017-03-01
1271,1287,4,2017-01-01,2017-03-01
1315,1354,4,2017-01-01,2017-03-01
1405,1479,4,2017-01-01,2017-03-01
603,696,4,2017-01-01,2017-03-01
305,1051,4,2017-01-01,2017-03-01
395,1043,4,2017-01-01,2017-03-01
774,1021,4,2017-01-01,2017-03-01
792,1053,4,2017-01-01,2017-03-01
763,1031,4,2017-01-01,2017-03-01
1805,1821,4,2017-01-01,2017-03-01
1865,1868,4,2017-01-01,2017-03-01
1904,1941,4,2017-01-01,2017-03-01
1954,1984,4,2017-01-01,2017-03-01
1905,1918,4,2017-01-01,2017-03-01
1916,1920,4,2017-01-01,2017-03-01
1945,1962,4,2017-01-01,2017-03-01
1913,1920,4,2017-01-01,2017-03-01
2102,2146,4,2017-01-01,2017-03-01
2159,2193,4,2017-01-01,2017-03-01
2126,2173,4,2017-01-01,2017-03-01
2126,2188,4,2017-01-01,2017-03-01
2122,2141,4,2017-01-01,2017-03-01
2192,2194,4,2017-01-01,2017-03-01
2134,2182,4,2017-01-01,2017-03-01
2147,2159,4,2017-01-01,2017-03-01
2209,2238,4,2017-01-01,2017-03-01
2235,2276,4,2017-01-01,2017-03-01
2249,2300,4,2017-01-01,2017-03-01
2254,2279,4,2017-01-01,2017-03-01
2406,2436,4,2017-01-01,2017-03-01
2429,2460,4,2017-01-01,2017-03-01
2438,2447,4,2017-01-01,2017-03-01
274,611,4,2017-01-01,2017-03-01
3421,3446,4,2017-01-01,2017-03-01
3402,3411,4,2017-01-01,2017-03-01
3411,3490,4,2017-01-01,2017-03-01
2181,3183,4,2017-01-01,2017-03-01
3639,3645,4,2017-01-01,2017-03-01
3645,3671,4,2017-01-01,2017-03-01
3941,3978,4,2017-01-01,2017-03-01
3968,3990,4,2017-01-01,2017-03-01
3902,3988,4,2017-01-01,2017-03-01
4078,4088,4,2017-01-01,2017-03-01
4016,4075,4,2017-01-01,2017-03-01
603,2175,4,2017-01-01,2017-03-01
679,2153,4,2017-01-01,2017-03-01
221,3188,4,2017-01-01,2017-03-01
1853,2728,4,2017-01-01,2017-03-01
1300,2576,4,2017-01-01,2017-03-01
274,2600,4,2017-01-01,2017-03-01
317,1566,4,2017-01-01,2017-03-01
2285,3579,4,2017-01-01,2017-03-01
2243,3600,4,2017-01-01,2017-03-01
2894,3046,4,2017-01-01,2017-03-01
2329,2870,4,2017-01-01,2017-03-01
2123,3447,4,2017-01-01,2017-03-01
4318,4324,4,2017-01-01,2017-03-01
2295,3536,4,2017-01-01,2017-03-01
4466,4496,4,2017-01-01,2017-03-01
4425,4466,4,2017-01-01,2017-03-01
4411,4496,4,2017-01-01,2017-03-01
4405,4499,4,2017-01-01,2017-03-01
4626,4693,4,2017-01-01,2017-03-01
4611,4618,4,2017-01-01,2017-03-01
4608,4685,4,2017-01-01,2017-03-01
437,1074,4,2017-01-01,2017-03-01
1074,2717,4,2017-01-01,2017-03-01
2867,4011,4,2017-01-01,2017-03-01
2759,4016,4,2017-01-01,2017-03-01
975,4353,4,2017-01-01,2017-03-01
930,4399,4,2017-01-01,2017-03-01
2467,2977,4,2017-01-01,2017-03-01
1313,2437,4,2017-01-01,2017-03-01
130,135,4,2017-01-01,2017-03-01
244,290,4,2017-01-01,2017-03-01
234,294,4,2017-01-01,2017-03-01
822,844,4,2017-01-01,2017-03-01
385,1056,4,2017-01-01,2017-03-01
1240,1273,4,2017-01-01,2017-03-01
1016,1096,4,2017-01-01,2017-03-01
309,1045,4,2017-01-01,2017-03-01
362,1021,4,2017-01-01,2017-03-01
382,750,4,2017-01-01,2017-03-01
1558,1562,4,2017-01-01,2017-03-01
1635,1656,4,2017-01-01,2017-03-01
1830,1884,4,2017-01-01,2017-03-01
1830,1891,4,2017-01-01,2017-03-01
2180,2194,4,2017-01-01,2017-03-01
2135,2168,4,2017-01-01,2017-03-01
2413,2462,4,2017-01-01,2017-03-01
2924,2935,4,2017-01-01,2017-03-01
622,3123,4,2017-01-01,2017-03-01
3447,3477,4,2017-01-01,2017-03-01
740,3490,4,2017-01-01,2017-03-01
3941,3974,4,2017-01-01,2017-03-01
3945,3990,4,2017-01-01,2017-03-01
4051,4090,4,2017-01-01,2017-03-01
4069,4083,4,2017-01-01,2017-03-01
4010,4034,4,2017-01-01,2017-03-01
2152,3114,4,2017-01-01,2017-03-01
215,1645,4,2017-01-01,2017-03-01
684,2567,4,2017-01-01,2017-03-01
274,2510,4,2017-01-01,2017-03-01
606,1297,4,2017-01-01,2017-03-01
4330,4394,4,2017-01-01,2017-03-01
1369,2941,4,2017-01-01,2017-03-01
933,2941,4,2017-01-01,2017-03-01
1370,2939,4,2017-01-01,2017-03-01
801,3791,4,2017-01-01,2017-03-01
848,3702,4,2017-01-01,2017-03-01
4411,4452,4,2017-01-01,2017-03-01
4564,4590,4,2017-01-01,2017-03-01
4617,4671,4,2017-01-01,2017-03-01
1248,1696,4,2017-01-01,2017-03-01
204,2867,4,2017-01-01,2017-03-01
1432,1666,4,2017-01-01,2017-03-01
1082,1315,4,2017-01-01,2017-03-01
1837,2988,4,2017-01-01,2017-03-01
2743,2911,4,2017-01-01,2017-03-01
928,4042,4,2017-01-01,2017-03-01
2969,4011,4,2017-01-01,2017-03-01
1482,4025,4,2017-01-01,2017-03-01
2244,4478,4,2017-01-01,2017-03-01
2655,3524,4,2017-01-01,2017-03-01
2458,3571,4,2017-01-01,2017-03-01
977,3639,4,2017-01-01,2017-03-01
3536,3635,4,2017-01-01,2017-03-01
2223,3648,4,2017-01-01,2017-03-01
240,278,4,2017-01-01,2017-03-01
632,697,4,2017-01-01,2017-03-01
895,899,4,2017-01-01,2017-03-01
813,895,4,2017-01-01,2017-03-01
382,1007,4,2017-01-01,2017-03-01
368,1051,4,2017-01-01,2017-03-01
356,1085,4,2017-01-01,2017-03-01
328,751,4,2017-01-01,2017-03-01
797,1029,4,2017-01-01,2017-03-01
701,1057,4,2017-01-01,2017-03-01
1652,1656,4,2017-01-01,2017-03-01
1922,1933,4,2017-01-01,2017-03-01
1920,1966,4,2017-01-01,2017-03-01
1933,1990,4,2017-01-01,2017-03-01
2144,2181,4,2017-01-01,2017-03-01
2115,2160,4,2017-01-01,2017-03-01
2135,2136,4,2017-01-01,2017-03-01
2130,2158,4,2017-01-01,2017-03-01
2111,2185,4,2017-01-01,2017-03-01
2164,2171,4,2017-01-01,2017-03-01
2134,2181,4,2017-01-01,2017-03-01
2116,2137,4,2017-01-01,2017-03-01
2116,2131,4,2017-01-01,2017-03-01
2203,2275,4,2017-01-01,2017-03-01
2435,2482,4,2017-01-01,2017-03-01
3169,3199,4,2017-01-01,2017-03-01
3112,3186,4,2017-01-01,2017-03-01
3301,3349,4,2017-01-01,2017-03-01
299,3157,4,2017-01-01,2017-03-01
215,624,4,2017-01-01,2017-03-01
264,638,4,2017-01-01,2017-03-01
231,682,4,2017-01-01,2017-03-01
3411,3421,4,2017-01-01,2017-03-01
1581,2667,4,2017-01-01,2017-03-01
1053,3410,4,2017-01-01,2017-03-01
364,3461,4,2017-01-01,2017-03-01
4037,4060,4,2017-01-01,2017-03-01
4057,4087,4,2017-01-01,2017-03-01
2153,3167,4,2017-01-01,2017-03-01
4182,4200,4,2017-01-01,2017-03-01
606,2545,4,2017-01-01,2017-03-01
1576,3974,4,2017-01-01,2017-03-01
1297,3180,4,2017-01-01,2017-03-01
2514,3180,4,2017-01-01,2017-03-01
951,1370,4,2017-01-01,2017-03-01
440,1598,4,2017-01-01,2017-03-01
2467,3648,4,2017-01-01,2017-03-01
2315,3698,4,2017-01-01,2017-03-01
4020,4376,4,2017-01-01,2017-03-01
204,1464,4,2017-01-01,2017-03-01
1439,2717,4,2017-01-01,2017-03-01
1082,2912,4,2017-01-01,2017-03-01
2867,4316,4,2017-01-01,2017-03-01
1314,4053,4,2017-01-01,2017-03-01
2959,4017,4,2017-01-01,2017-03-01
2959,4016,4,2017-01-01,2017-03-01
930,4339,4,2017-01-01,2017-03-01
1696,4316,4,2017-01-01,2017-03-01
2233,2655,4,2017-01-01,2017-03-01
3589,3698,4,2017-01-01,2017-03-01
2441,2935,4,2017-01-01,2017-03-01
2441,3554,4,2017-01-01,2017-03-01
1347,3509,4,2017-01-01,2017-03-01
972,2222,4,2017-01-01,2017-03-01
2273,2951,4,2017-01-01,2017-03-01
2255,2335,4,2017-01-01,2017-03-01
2295,3648,4,2017-01-01,2017-03-01
1343,2212,4,2017-01-01,2017-03-01
217,284,4,2017-01-01,2017-03-01
613,657,4,2017-01-01,2017-03-01
812,843,4,2017-01-01,2017-03-01
832,849,4,2017-01-01,2017-03-01
832,894,4,2017-01-01,2017-03-01
910,918,4,2017-01-01,2017-03-01
210,226,4,2017-01-01,2017-03-01
341,1056,4,2017-01-01,2017-03-01
721,1002,4,2017-01-01,2017-03-01
712,1073,4,2017-01-01,2017-03-01
366,730,4,2017-01-01,2017-03-01
355,797,4,2017-01-01,2017-03-01
1722,1778,4,2017-01-01,2017-03-01
1807,1855,4,2017-01-01,2017-03-01
1937,1941,4,2017-01-01,2017-03-01
1923,1976,4,2017-01-01,2017-03-01
2144,2173,4,2017-01-01,2017-03-01
2102,2193,4,2017-01-01,2017-03-01
2126,2160,4,2017-01-01,2017-03-01
2130,2140,4,2017-01-01,2017-03-01
2116,2160,4,2017-01-01,2017-03-01
2406,2496,4,2017-01-01,2017-03-01
2460,2496,4,2017-01-01,2017-03-01
2413,2492,4,2017-01-01,2017-03-01
2425,2478,4,2017-01-01,2017-03-01
2469,2496,4,2017-01-01,2017-03-01
606,3157,4,2017-01-01,2017-03-01
3446,3490,4,2017-01-01,2017-03-01
1228,1576,4,2017-01-01,2017-03-01
3916,3930,4,2017-01-01,2017-03-01
3916,3933,4,2017-01-01,2017-03-01
3902,3911,4,2017-01-01,2017-03-01
4042,4069,4,2017-01-01,2017-03-01
4011,4035,4,2017-01-01,2017-03-01
4035,4044,4,2017-01-01,2017-03-01
4014,4073,4,2017-01-01,2017-03-01
4022,4072,4,2017-01-01,2017-03-01
281,2186,4,2017-01-01,2017-03-01
248,2568,4,2017-01-01,2017-03-01
901,1371,4,2017-01-01,2017-03-01
331,1269,4,2017-01-01,2017-03-01
2284,3537,4,2017-01-01,2017-03-01
141,2427,4,2017-01-01,2017-03-01
141,2407,4,2017-01-01,2017-03-01
4522,4546,4,2017-01-01,2017-03-01
4673,4700,4,2017-01-01,2017-03-01
1432,2789,4,2017-01-01,2017-03-01
446,4675,4,2017-01-01,2017-03-01
1371,4052,4,2017-01-01,2017-03-01
5314,5390,4,2017-01-01,2017-03-01
2951,3648,4,2017-01-01,2017-03-01
2951,3509,4,2017-01-01,2017-03-01
2965,3648,4,2017-01-01,2017-03-01
3536,3639,4,2017-01-01,2017-03-01
1347,3540,4,2017-01-01,2017-03-01
2263,2467,4,2017-01-01,2017-03-01
1384,3648,4,2017-01-01,2017-03-01
2910,3654,4,2017-01-01,2017-03-01
1343,2935,4,2017-01-01,2017-03-01
1343,3537,4,2017-01-01,2017-03-01
335,339,4,2017-01-01,2017-03-01
1154,1165,4,2017-01-01,2017-03-01
1288,1299,4,2017-01-01,2017-03-01
1453,1472,4,2017-01-01,2017-03-01
822,833,4,2017-01-01,2017-03-01
1012,1036,4,2017-01-01,2017-03-01
360,755,4,2017-01-01,2017-03-01
1966,1989,4,2017-01-01,2017-03-01
1989,1990,4,2017-01-01,2017-03-01
2140,2190,4,2017-01-01,2017-03-01
2126,2163,4,2017-01-01,2017-03-01
2111,2188,4,2017-01-01,2017-03-01
2122,2179,4,2017-01-01,2017-03-01
2141,2155,4,2017-01-01,2017-03-01
2232,2275,4,2017-01-01,2017-03-01
2241,2282,4,2017-01-01,2017-03-01
2429,2478,4,2017-01-01,2017-03-01
2546,2571,4,2017-01-01,2017-03-01
3106,3156,4,2017-01-01,2017-03-01
627,3137,4,2017-01-01,2017-03-01
3447,3461,4,2017-01-01,2017-03-01
3401,3455,4,2017-01-01,2017-03-01
3425,3488,4,2017-01-01,2017-03-01
333,1576,4,2017-01-01,2017-03-01
3561,3582,4,2017-01-01,2017-03-01
2187,3153,4,2017-01-01,2017-03-01
368,3490,4,2017-01-01,2017-03-01
716,3461,4,2017-01-01,2017-03-01
3719,3791,4,2017-01-01,2017-03-01
3717,3723,4,2017-01-01,2017-03-01
3775,3787,4,2017-01-01,2017-03-01
3921,3939,4,2017-01-01,2017-03-01
3929,3994,4,2017-01-01,2017-03-01
4025,4090,4,2017-01-01,2017-03-01
4007,4052,4,2017-01-01,2017-03-01
286,2175,4,2017-01-01,2017-03-01
1479,2793,4,2017-01-01,2017-03-01
205,2567,4,2017-01-01,2017-03-01
490,2531,4,2017-01-01,2017-03-01
490,2568,4,2017-01-01,2017-03-01
2600,3180,4,2017-01-01,2017-03-01
1693,2567,4,2017-01-01,2017-03-01
416,2862,4,2017-01-01,2017-03-01
211,1503,4,2017-01-01,2017-03-01
2212,3571,4,2017-01-01,2017-03-01
2284,3510,4,2017-01-01,2017-03-01
2407,3681,4,2017-01-01,2017-03-01
4032,4361,4,2017-01-01,2017-03-01
3858,4516,4,2017-01-01,2017-03-01
204,1484,4,2017-01-01,2017-03-01
2911,3046,4,2017-01-01,2017-03-01
1248,1310,4,2017-01-01,2017-03-01
1314,4399,4,2017-01-01,2017-03-01
975,4066,4,2017-01-01,2017-03-01
2717,4364,4,2017-01-01,2017-03-01
930,4052,4,2017-01-01,2017-03-01
1696,4044,4,2017-01-01,2017-03-01
5319,5333,4,2017-01-01,2017-03-01
2458,2977,4,2017-01-01,2017-03-01
2458,3536,4,2017-01-01,2017-03-01
2221,3675,4,2017-01-01,2017-03-01
2222,2335,4,2017-01-01,2017-03-01
2932,3536,4,2017-01-01,2017-03-01
2223,2965,4,2017-01-01,2017-03-01
2910,3571,4,2017-01-01,2017-03-01
28,53,4,2017-01-01,2017-03-01
431,461,4,2017-01-01,2017-03-01
521,556,4,2017-01-01,2017-03-01
601,622,4,2017-01-01,2017-03-01
813,844,4,2017-01-01,2017-03-01
845,899,4,2017-01-01,2017-03-01
802,878,4,2017-01-01,2017-03-01
1014,1042,4,2017-01-01,2017-03-01
385,1044,4,2017-01-01,2017-03-01
330,1021,4,2017-01-01,2017-03-01
1309,1313,4,2017-01-01,2017-03-01
308,712,4,2017-01-01,2017-03-01
771,1057,4,2017-01-01,2017-03-01
1656,1674,4,2017-01-01,2017-03-01
1603,1606,4,2017-01-01,2017-03-01
1805,1877,4,2017-01-01,2017-03-01
1904,1974,4,2017-01-01,2017-03-01
1916,1967,4,2017-01-01,2017-03-01
2142,2182,4,2017-01-01,2017-03-01
2163,2182,4,2017-01-01,2017-03-01
2154,2163,4,2017-01-01,2017-03-01
2154,2160,4,2017-01-01,2017-03-01
2209,2211,4,2017-01-01,2017-03-01
2235,2272,4,2017-01-01,2017-03-01
2249,2260,4,2017-01-01,2017-03-01
2406,2438,4,2017-01-01,2017-03-01
2514,2563,4,2017-01-01,2017-03-01
2803,2830,4,2017-01-01,2017-03-01
398,430,4,2017-01-01,2017-03-01
3109,3180,4,2017-01-01,2017-03-01
701,3461,4,2017-01-01,2017-03-01
4052,4069,4,2017-01-01,2017-03-01
4007,4059,4,2017-01-01,2017-03-01
244,2183,4,2017-01-01,2017-03-01
246,2153,4,2017-01-01,2017-03-01
215,443,4,2017-01-01,2017-03-01
215,2586,4,2017-01-01,2017-03-01
610,2539,4,2017-01-01,2017-03-01
970,2962,4,2017-01-01,2017-03-01
4336,4399,4,2017-01-01,2017-03-01
4308,4338,4,2017-01-01,2017-03-01
4420,4423,4,2017-01-01,2017-03-01
4466,4469,4,2017-01-01,2017-03-01
4464,4475,4,2017-01-01,2017-03-01
4668,4675,4,2017-01-01,2017-03-01
4633,4670,4,2017-01-01,2017-03-01
1696,1844,4,2017-01-01,2017-03-01
2752,2802,4,2017-01-01,2017-03-01
979,2743,4,2017-01-01,2017-03-01
915,4017,4,2017-01-01,2017-03-01
1482,4309,4,2017-01-01,2017-03-01
1387,2407,4,2017-01-01,2017-03-01
920,2407,4,2017-01-01,2017-03-01
977,2498,4,2017-01-01,2017-03-01
2407,3571,4,2017-01-01,2017-03-01
2910,3675,4,2017-01-01,2017-03-01
510,563,4,2017-01-01,2017-03-01
822,843,4,2017-01-01,2017-03-01
802,891,4,2017-01-01,2017-03-01
1220,1264,4,2017-01-01,2017-03-01
358,1248,4,2017-01-01,2017-03-01
1012,1092,4,2017-01-01,2017-03-01
378,721,4,2017-01-01,2017-03-01
368,791,4,2017-01-01,2017-03-01
746,1031,4,2017-01-01,2017-03-01
727,1073,4,2017-01-01,2017-03-01
1504,1532,4,2017-01-01,2017-03-01
1805,1883,4,2017-01-01,2017-03-01
1947,1986,4,2017-01-01,2017-03-01
2140,2155,4,2017-01-01,2017-03-01
2119,2158,4,2017-01-01,2017-03-01
2137,2163,4,2017-01-01,2017-03-01
2164,2172,4,2017-01-01,2017-03-01
2114,2148,4,2017-01-01,2017-03-01
2114,2187,4,2017-01-01,2017-03-01
2104,2128,4,2017-01-01,2017-03-01
2203,2231,4,2017-01-01,2017-03-01
2272,2282,4,2017-01-01,2017-03-01
2802,2816,4,2017-01-01,2017-03-01
226,3180,4,2017-01-01,2017-03-01
611,3104,4,2017-01-01,2017-03-01
3561,3593,4,2017-01-01,2017-03-01
3529,3579,4,2017-01-01,2017-03-01
760,3477,4,2017-01-01,2017-03-01
3719,3770,4,2017-01-01,2017-03-01
3805,3808,4,2017-01-01,2017-03-01
3929,3959,4,2017-01-01,2017-03-01
4029,4083,4,2017-01-01,2017-03-01
4042,4088,4,2017-01-01,2017-03-01
292,609,4,2017-01-01,2017-03-01
1489,1848,4,2017-01-01,2017-03-01
4308,4350,4,2017-01-01,2017-03-01
930,1367,4,2017-01-01,2017-03-01
901,1391,4,2017-01-01,2017-03-01
2263,3589,4,2017-01-01,2017-03-01
2221,3509,4,2017-01-01,2017-03-01
2458,3671,4,2017-01-01,2017-03-01
2427,3679,4,2017-01-01,2017-03-01
2427,3620,4,2017-01-01,2017-03-01
4551,4575,4,2017-01-01,2017-03-01
4069,4362,4,2017-01-01,2017-03-01
4618,4696,4,2017-01-01,2017-03-01
2509,4628,4,2017-01-01,2017-03-01
5313,5319,4,2017-01-01,2017-03-01
1347,2965,4,2017-01-01,2017-03-01
972,3571,4,2017-01-01,2017-03-01
130,2932,4,2017-01-01,2017-03-01
1321,2498,4,2017-01-01,2017-03-01
211,296,4,2017-01-01,2017-03-01
643,699,4,2017-01-01,2017-03-01
606,615,4,2017-01-01,2017-03-01
782,783,4,2017-01-01,2017-03-01
812,850,4,2017-01-01,2017-03-01
801,832,4,2017-01-01,2017-03-01
381,1053,4,2017-01-01,2017-03-01
1232,1299,4,2017-01-01,2017-03-01
605,698,4,2017-01-01,2017-03-01
725,790,4,2017-01-01,2017-03-01
967,993,4,2017-01-01,2017-03-01
1012,1089,4,2017-01-01,2017-03-01
1821,1848,4,2017-01-01,2017-03-01
1984,1999,4,2017-01-01,2017-03-01
2126,2142,4,2017-01-01,2017-03-01
2109,2124,4,2017-01-01,2017-03-01
2116,2126,4,2017-01-01,2017-03-01
2220,2234,4,2017-01-01,2017-03-01
2204,2211,4,2017-01-01,2017-03-01
2213,2258,4,2017-01-01,2017-03-01
2410,2413,4,2017-01-01,2017-03-01
2924,2963,4,2017-01-01,2017-03-01
2924,2951,4,2017-01-01,2017-03-01
416,1674,4,2017-01-01,2017-03-01
3174,3195,4,2017-01-01,2017-03-01
3225,3230,4,2017-01-01,2017-03-01
3479,3490,4,2017-01-01,2017-03-01
3405,3493,4,2017-01-01,2017-03-01
3461,3476,4,2017-01-01,2017-03-01
746,3413,4,2017-01-01,2017-03-01
3712,3787,4,2017-01-01,2017-03-01
4046,4087,4,2017-01-01,2017-03-01
4028,4089,4,2017-01-01,2017-03-01
295,690,4,2017-01-01,2017-03-01
292,2199,4,2017-01-01,2017-03-01
246,3151,4,2017-01-01,2017-03-01
679,2197,4,2017-01-01,2017-03-01
221,3182,4,2017-01-01,2017-03-01
1864,2705,4,2017-01-01,2017-03-01
1300,2570,4,2017-01-01,2017-03-01
2522,3123,4,2017-01-01,2017-03-01
275,2531,4,2017-01-01,2017-03-01
275,2568,4,2017-01-01,2017-03-01
1652,2801,4,2017-01-01,2017-03-01
673,3439,4,2017-01-01,2017-03-01
628,3411,4,2017-01-01,2017-03-01
1369,2906,4,2017-01-01,2017-03-01
266,2674,4,2017-01-01,2017-03-01
2212,3510,4,2017-01-01,2017-03-01
126,3681,4,2017-01-01,2017-03-01
4040,4359,4,2017-01-01,2017-03-01
4609,4617,4,2017-01-01,2017-03-01
2769,2905,4,2017-01-01,2017-03-01
2867,4009,4,2017-01-01,2017-03-01
2789,4013,4,2017-01-01,2017-03-01
1371,4364,4,2017-01-01,2017-03-01
1818,4016,4,2017-01-01,2017-03-01
407,4373,4,2017-01-01,2017-03-01
1387,2924,4,2017-01-01,2017-03-01
920,2458,4,2017-01-01,2017-03-01
1330,2407,4,2017-01-01,2017-03-01
2263,2437,4,2017-01-01,2017-03-01
1398,2963,4,2017-01-01,2017-03-01
223,280,4,2017-01-01,2017-03-01
624,680,4,2017-01-01,2017-03-01
874,878,4,2017-01-01,2017-03-01
822,881,4,2017-01-01,2017-03-01
1011,1039,4,2017-01-01,2017-03-01
1039,1086,4,2017-01-01,2017-03-01
1066,1092,4,2017-01-01,2017-03-01
1165,1197,4,2017-01-01,2017-03-01
1149,1165,4,2017-01-01,2017-03-01
341,1029,4,2017-01-01,2017-03-01
1221,1238,4,2017-01-01,2017-03-01
1307,1355,4,2017-01-01,2017-03-01
605,624,4,2017-01-01,2017-03-01
392,1045,4,2017-01-01,2017-03-01
395,1007,4,2017-01-01,2017-03-01
719,1002,4,2017-01-01,2017-03-01
797,1001,4,2017-01-01,2017-03-01
395,766,4,2017-01-01,2017-03-01
1637,1682,4,2017-01-01,2017-03-01
1836,1848,4,2017-01-01,2017-03-01
1864,1865,4,2017-01-01,2017-03-01
1962,1990,4,2017-01-01,2017-03-01
1904,1991,4,2017-01-01,2017-03-01
1920,1987,4,2017-01-01,2017-03-01
1920,1967,4,2017-01-01,2017-03-01
2001,2042,4,2017-01-01,2017-03-01
2122,2189,4,2017-01-01,2017-03-01
2410,2478,4,2017-01-01,2017-03-01
2769,2784,4,2017-01-01,2017-03-01
3141,3171,4,2017-01-01,2017-03-01
3446,3483,4,2017-01-01,2017-03-01
1269,1542,4,2017-01-01,2017-03-01
3921,3988,4,2017-01-01,2017-03-01
4085,4089,4,2017-01-01,2017-03-01
690,3182,4,2017-01-01,2017-03-01
609,2153,4,2017-01-01,2017-03-01
1108,1859,4,2017-01-01,2017-03-01
2570,3180,4,2017-01-01,2017-03-01
610,2567,4,2017-01-01,2017-03-01
2252,3582,4,2017-01-01,2017-03-01
2240,3556,4,2017-01-01,2017-03-01
416,2329,4,2017-01-01,2017-03-01
4080,4362,4,2017-01-01,2017-03-01
4032,4359,4,2017-01-01,2017-03-01
4632,4685,4,2017-01-01,2017-03-01
4617,4646,4,2017-01-01,2017-03-01
1082,1332,4,2017-01-01,2017-03-01
1377,1813,4,2017-01-01,2017-03-01
1813,2972,4,2017-01-01,2017-03-01
5310,5314,4,2017-01-01,2017-03-01
912,2427,4,2017-01-01,2017-03-01
1347,3603,4,2017-01-01,2017-03-01
923,1347,4,2017-01-01,2017-03-01
3540,3681,4,2017-01-01,2017-03-01
2910,3635,4,2017-01-01,2017-03-01
2334,3509,4,2017-01-01,2017-03-01
550,578,4,2017-01-01,2017-03-01
563,568,4,2017-01-01,2017-03-01
673,679,4,2017-01-01,2017-03-01
845,894,4,2017-01-01,2017-03-01
341,1002,4,2017-01-01,2017-03-01
328,1025,4,2017-01-01,2017-03-01
759,1031,4,2017-01-01,2017-03-01
774,1002,4,2017-01-01,2017-03-01
1956,1962,4,2017-01-01,2017-03-01
1956,1967,4,2017-01-01,2017-03-01
1941,1989,4,2017-01-01,2017-03-01
2179,2189,4,2017-01-01,2017-03-01
2130,2185,4,2017-01-01,2017-03-01
2109,2110,4,2017-01-01,2017-03-01
2114,2142,4,2017-01-01,2017-03-01
2231,2250,4,2017-01-01,2017-03-01
2260,2281,4,2017-01-01,2017-03-01
2254,2263,4,2017-01-01,2017-03-01
2425,2436,4,2017-01-01,2017-03-01
2515,2571,4,2017-01-01,2017-03-01
2951,2977,4,2017-01-01,2017-03-01
266,3137,4,2017-01-01,2017-03-01
625,3141,4,2017-01-01,2017-03-01
3447,3471,4,2017-01-01,2017-03-01
1066,2697,4,2017-01-01,2017-03-01
369,1587,4,2017-01-01,2017-03-01
1287,2667,4,2017-01-01,2017-03-01
3529,3593,4,2017-01-01,2017-03-01
3537,3567,4,2017-01-01,2017-03-01
1053,3405,4,2017-01-01,2017-03-01
760,3410,4,2017-01-01,2017-03-01
760,3483,4,2017-01-01,2017-03-01
3940,3974,4,2017-01-01,2017-03-01
3959,3968,4,2017-01-01,2017-03-01
289,3114,4,2017-01-01,2017-03-01
2199,3167,4,2017-01-01,2017-03-01
2197,3198,4,2017-01-01,2017-03-01
244,679,4,2017-01-01,2017-03-01
1458,2781,4,2017-01-01,2017-03-01
2510,3123,4,2017-01-01,2017-03-01
673,3479,4,2017-01-01,2017-03-01
154,1220,4,2017-01-01,2017-03-01
994,2959,4,2017-01-01,2017-03-01
1576,2570,4,2017-01-01,2017-03-01
2263,3540,4,2017-01-01,2017-03-01
4420,4449,4,2017-01-01,2017-03-01
4665,4673,4,2017-01-01,2017-03-01
1288,2752,4,2017-01-01,2017-03-01
407,2816,4,2017-01-01,2017-03-01
1074,1465,4,2017-01-01,2017-03-01
1666,4399,4,2017-01-01,2017-03-01
2759,4053,4,2017-01-01,2017-03-01
2783,4053,4,2017-01-01,2017-03-01
2279,3679,4,2017-01-01,2017-03-01
2279,2951,4,2017-01-01,2017-03-01
977,1387,4,2017-01-01,2017-03-01
2263,3675,4,2017-01-01,2017-03-01
2977,3639,4,2017-01-01,2017-03-01
240,250,4,2017-01-01,2017-03-01
385,1029,4,2017-01-01,2017-03-01
731,1021,4,2017-01-01,2017-03-01
766,1023,4,2017-01-01,2017-03-01
1922,1997,4,2017-01-01,2017-03-01
1918,1961,4,2017-01-01,2017-03-01
2140,2182,4,2017-01-01,2017-03-01
2126,2144,4,2017-01-01,2017-03-01
2156,2196,4,2017-01-01,2017-03-01
2201,2211,4,2017-01-01,2017-03-01
2247,2261,4,2017-01-01,2017-03-01
2209,2232,4,2017-01-01,2017-03-01
2282,2300,4,2017-01-01,2017-03-01
2241,2272,4,2017-01-01,2017-03-01
2515,2534,4,2017-01-01,2017-03-01
658,3199,4,2017-01-01,2017-03-01
613,3152,4,2017-01-01,2017-03-01
3436,3479,4,2017-01-01,2017-03-01
314,1544,4,2017-01-01,2017-03-01
314,1598,4,2017-01-01,2017-03-01
3723,3794,4,2017-01-01,2017-03-01
3729,3791,4,2017-01-01,2017-03-01
3933,3940,4,2017-01-01,2017-03-01
3974,3989,4,2017-01-01,2017-03-01
2197,3195,4,2017-01-01,2017-03-01
292,603,4,2017-01-01,2017-03-01
4157,4195,4,2017-01-01,2017-03-01
443,1645,4,2017-01-01,2017-03-01
1544,3941,4,2017-01-01,2017-03-01
1674,2897,4,2017-01-01,2017-03-01
759,3155,4,2017-01-01,2017-03-01
4318,4379,4,2017-01-01,2017-03-01
211,1598,4,2017-01-01,2017-03-01
4449,4464,4,2017-01-01,2017-03-01
4551,4583,4,2017-01-01,2017-03-01
4032,4384,4,2017-01-01,2017-03-01
3815,4575,4,2017-01-01,2017-03-01
4608,4686,4,2017-01-01,2017-03-01
1444,2759,4,2017-01-01,2017-03-01
1465,2857,4,2017-01-01,2017-03-01
1482,2758,4,2017-01-01,2017-03-01
446,4614,4,2017-01-01,2017-03-01
1464,4044,4,2017-01-01,2017-03-01
920,2910,4,2017-01-01,2017-03-01
977,1358,4,2017-01-01,2017-03-01
972,1321,4,2017-01-01,2017-03-01
972,2263,4,2017-01-01,2017-03-01
2255,2325,4,2017-01-01,2017-03-01
1384,3537,4,2017-01-01,2017-03-01
1343,2405,4,2017-01-01,2017-03-01
1343,3603,4,2017-01-01,2017-03-01
20,56,4,2017-01-01,2017-03-01
317,350,4,2017-01-01,2017-03-01
884,895,4,2017-01-01,2017-03-01
1089,1092,4,2017-01-01,2017-03-01
1236,1274,4,2017-01-01,2017-03-01
1233,1249,4,2017-01-01,2017-03-01
1443,1456,4,2017-01-01,2017-03-01
1214,1294,4,2017-01-01,2017-03-01
704,1053,4,2017-01-01,2017-03-01
360,792,4,2017-01-01,2017-03-01
355,751,4,2017-01-01,2017-03-01
1877,1897,4,2017-01-01,2017-03-01
1947,1975,4,2017-01-01,2017-03-01
1938,1991,4,2017-01-01,2017-03-01
2110,2111,4,2017-01-01,2017-03-01
2241,2271,4,2017-01-01,2017-03-01
2425,2500,4,2017-01-01,2017-03-01
2809,2887,4,2017-01-01,2017-03-01
401,1299,4,2017-01-01,2017-03-01
3146,3192,4,2017-01-01,2017-03-01
3154,3174,4,2017-01-01,2017-03-01
3285,3295,4,2017-01-01,2017-03-01
333,1598,4,2017-01-01,2017-03-01
740,3440,4,2017-01-01,2017-03-01
4051,4088,4,2017-01-01,2017-03-01
4016,4069,4,2017-01-01,2017-03-01
609,2175,4,2017-01-01,2017-03-01
1489,1827,4,2017-01-01,2017-03-01
443,684,4,2017-01-01,2017-03-01
467,1670,4,2017-01-01,2017-03-01
416,3039,4,2017-01-01,2017-03-01
4336,4339,4,2017-01-01,2017-03-01
801,3787,4,2017-01-01,2017-03-01
811,3779,4,2017-01-01,2017-03-01
4415,4478,4,2017-01-01,2017-03-01
2458,3681,4,2017-01-01,2017-03-01
437,1439,4,2017-01-01,2017-03-01
928,4053,4,2017-01-01,2017-03-01
2969,4013,4,2017-01-01,2017-03-01
1337,4053,4,2017-01-01,2017-03-01
2789,4044,4,2017-01-01,2017-03-01
2717,4044,4,2017-01-01,2017-03-01
5126,5157,4,2017-01-01,2017-03-01
5161,5171,4,2017-01-01,2017-03-01
5152,5154,4,2017-01-01,2017-03-01
2441,3540,4,2017-01-01,2017-03-01
941,3536,4,2017-01-01,2017-03-01
2223,3679,4,2017-01-01,2017-03-01
2407,2924,4,2017-01-01,2017-03-01
205,243,4,2017-01-01,2017-03-01
226,266,4,2017-01-01,2017-03-01
813,884,4,2017-01-01,2017-03-01
849,888,4,2017-01-01,2017-03-01
510,536,4,2017-01-01,2017-03-01
315,1073,4,2017-01-01,2017-03-01
315,1035,4,2017-01-01,2017-03-01
305,1026,4,2017-01-01,2017-03-01
374,1035,4,2017-01-01,2017-03-01
704,1057,4,2017-01-01,2017-03-01
763,1013,4,2017-01-01,2017-03-01
1969,1975,4,2017-01-01,2017-03-01
1913,1916,4,2017-01-01,2017-03-01
1902,1956,4,2017-01-01,2017-03-01
2101,2196,4,2017-01-01,2017-03-01
2135,2142,4,2017-01-01,2017-03-01
2133,2174,4,2017-01-01,2017-03-01
2122,2137,4,2017-01-01,2017-03-01
2202,2250,4,2017-01-01,2017-03-01
2264,2268,4,2017-01-01,2017-03-01
2216,2258,4,2017-01-01,2017-03-01
2406,2464,4,2017-01-01,2017-03-01
2514,2567,4,2017-01-01,2017-03-01
2534,2538,4,2017-01-01,2017-03-01
2709,2773,4,2017-01-01,2017-03-01
3204,3279,4,2017-01-01,2017-03-01
205,3157,4,2017-01-01,2017-03-01
3467,3488,4,2017-01-01,2017-03-01
1561,2699,4,2017-01-01,2017-03-01
4032,4072,4,2017-01-01,2017-03-01
2199,3182,4,2017-01-01,2017-03-01
218,2197,4,2017-01-01,2017-03-01
2186,3188,4,2017-01-01,2017-03-01
1865,2773,4,2017-01-01,2017-03-01
1479,2767,4,2017-01-01,2017-03-01
215,2600,4,2017-01-01,2017-03-01
490,3104,4,2017-01-01,2017-03-01
1542,3955,4,2017-01-01,2017-03-01
2667,3974,4,2017-01-01,2017-03-01
493,2017,4,2017-01-01,2017-03-01
4316,4380,4,2017-01-01,2017-03-01
4309,4332,4,2017-01-01,2017-03-01
2335,3679,4,2017-01-01,2017-03-01
4587,4590,4,2017-01-01,2017-03-01
4633,4643,4,2017-01-01,2017-03-01
437,1422,4,2017-01-01,2017-03-01
1367,1444,4,2017-01-01,2017-03-01
1314,4309,4,2017-01-01,2017-03-01
1371,4016,4,2017-01-01,2017-03-01
2783,4052,4,2017-01-01,2017-03-01
2924,3675,4,2017-01-01,2017-03-01
2255,2427,4,2017-01-01,2017-03-01
3571,3635,4,2017-01-01,2017-03-01
126,1313,4,2017-01-01,2017-03-01
126,2932,4,2017-01-01,2017-03-01
335,393,4,2017-01-01,2017-03-01
416,459,4,2017-01-01,2017-03-01
684,698,4,2017-01-01,2017-03-01
848,850,4,2017-01-01,2017-03-01
822,845,4,2017-01-01,2017-03-01
812,813,4,2017-01-01,2017-03-01
804,805,4,2017-01-01,2017-03-01
907,967,4,2017-01-01,2017-03-01
1048,1086,4,2017-01-01,2017-03-01
355,1051,4,2017-01-01,2017-03-01
1207,1252,4,2017-01-01,2017-03-01
1405,1458,4,2017-01-01,2017-03-01
215,294,4,2017-01-01,2017-03-01
309,1038,4,2017-01-01,2017-03-01
1401,1447,4,2017-01-01,2017-03-01
724,1057,4,2017-01-01,2017-03-01
712,1002,4,2017-01-01,2017-03-01
366,766,4,2017-01-01,2017-03-01
366,797,4,2017-01-01,2017-03-01
334,716,4,2017-01-01,2017-03-01
1692,1693,4,2017-01-01,2017-03-01
1962,1974,4,2017-01-01,2017-03-01
1945,1967,4,2017-01-01,2017-03-01
1933,1979,4,2017-01-01,2017-03-01
2144,2165,4,2017-01-01,2017-03-01
2131,2173,4,2017-01-01,2017-03-01
2126,2190,4,2017-01-01,2017-03-01
2168,2188,4,2017-01-01,2017-03-01
2122,2168,4,2017-01-01,2017-03-01
2125,2159,4,2017-01-01,2017-03-01
2134,2188,4,2017-01-01,2017-03-01
2169,2188,4,2017-01-01,2017-03-01
2209,2292,4,2017-01-01,2017-03-01
2207,2281,4,2017-01-01,2017-03-01
2425,2469,4,2017-01-01,2017-03-01
2539,2554,4,2017-01-01,2017-03-01
2648,2666,4,2017-01-01,2017-03-01
3077,3093,4,2017-01-01,2017-03-01
3438,3439,4,2017-01-01,2017-03-01
3444,3476,4,2017-01-01,2017-03-01
701,3475,4,2017-01-01,2017-03-01
772,3444,4,2017-01-01,2017-03-01
3756,3776,4,2017-01-01,2017-03-01
3881,3887,4,2017-01-01,2017-03-01
3901,3913,4,2017-01-01,2017-03-01
3916,3924,4,2017-01-01,2017-03-01
4025,4051,4,2017-01-01,2017-03-01
4019,4072,4,2017-01-01,2017-03-01
4019,4087,4,2017-01-01,2017-03-01
272,679,4,2017-01-01,2017-03-01
2183,3159,4,2017-01-01,2017-03-01
2175,3193,4,2017-01-01,2017-03-01
522,1445,4,2017-01-01,2017-03-01
1842,2773,4,2017-01-01,2017-03-01
248,490,4,2017-01-01,2017-03-01
684,2539,4,2017-01-01,2017-03-01
1693,2563,4,2017-01-01,2017-03-01
274,2568,4,2017-01-01,2017-03-01
314,3906,4,2017-01-01,2017-03-01
2240,3600,4,2017-01-01,2017-03-01
4308,4370,4,2017-01-01,2017-03-01
2236,3510,4,2017-01-01,2017-03-01
2295,3547,4,2017-01-01,2017-03-01
2405,3675,4,2017-01-01,2017-03-01
2315,3678,4,2017-01-01,2017-03-01
4615,4657,4,2017-01-01,2017-03-01
4661,4680,4,2017-01-01,2017-03-01
940,1082,4,2017-01-01,2017-03-01
1696,4080,4,2017-01-01,2017-03-01
2655,4415,4,2017-01-01,2017-03-01
912,2977,4,2017-01-01,2017-03-01
3554,3679,4,2017-01-01,2017-03-01
2221,2467,4,2017-01-01,2017-03-01
2221,2335,4,2017-01-01,2017-03-01
972,3675,4,2017-01-01,2017-03-01
2223,3681,4,2017-01-01,2017-03-01
130,912,4,2017-01-01,2017-03-01
3578,3678,4,2017-01-01,2017-03-01
2427,2928,4,2017-01-01,2017-03-01
281,290,4,2017-01-01,2017-03-01
204,271,4,2017-01-01,2017-03-01
615,684,4,2017-01-01,2017-03-01
805,868,4,2017-01-01,2017-03-01
845,881,4,2017-01-01,2017-03-01
211,212,4,2017-01-01,2017-03-01
341,1053,4,2017-01-01,2017-03-01
313,1007,4,2017-01-01,2017-03-01
760,1013,4,2017-01-01,2017-03-01
366,792,4,2017-01-01,2017-03-01
362,797,4,2017-01-01,2017-03-01
1507,1539,4,2017-01-01,2017-03-01
1808,1891,4,2017-01-01,2017-03-01
1967,1989,4,2017-01-01,2017-03-01
2122,2124,4,2017-01-01,2017-03-01
2122,2131,4,2017-01-01,2017-03-01
2201,2220,4,2017-01-01,2017-03-01
2206,2288,4,2017-01-01,2017-03-01
2447,2452,4,2017-01-01,2017-03-01
2413,2438,4,2017-01-01,2017-03-01
2604,2612,4,2017-01-01,2017-03-01
3135,3183,4,2017-01-01,2017-03-01
215,670,4,2017-01-01,2017-03-01
3425,3467,4,2017-01-01,2017-03-01
1014,1569,4,2017-01-01,2017-03-01
1544,2655,4,2017-01-01,2017-03-01
1095,3405,4,2017-01-01,2017-03-01
3911,3994,4,2017-01-01,2017-03-01
4052,4075,4,2017-01-01,2017-03-01
2178,3151,4,2017-01-01,2017-03-01
2576,3180,4,2017-01-01,2017-03-01
299,1693,4,2017-01-01,2017-03-01
1645,3123,4,2017-01-01,2017-03-01
2123,3451,4,2017-01-01,2017-03-01
628,3439,4,2017-01-01,2017-03-01
4379,4394,4,2017-01-01,2017-03-01
4319,4378,4,2017-01-01,2017-03-01
4396,4398,4,2017-01-01,2017-03-01
4332,4387,4,2017-01-01,2017-03-01
1314,2906,4,2017-01-01,2017-03-01
961,1322,4,2017-01-01,2017-03-01
1323,2939,4,2017-01-01,2017-03-01
2315,2405,4,2017-01-01,2017-03-01
1074,3152,4,2017-01-01,2017-03-01
1074,2783,4,2017-01-01,2017-03-01
1288,2988,4,2017-01-01,2017-03-01
1666,4353,4,2017-01-01,2017-03-01
2783,4042,4,2017-01-01,2017-03-01
1347,3554,4,2017-01-01,2017-03-01
941,2977,4,2017-01-01,2017-03-01
2427,2977,4,2017-01-01,2017-03-01
2334,2965,4,2017-01-01,2017-03-01
536,574,4,2017-01-01,2017-03-01
833,894,4,2017-01-01,2017-03-01
831,891,4,2017-01-01,2017-03-01
1019,1039,4,2017-01-01,2017-03-01
382,1038,4,2017-01-01,2017-03-01
215,232,4,2017-01-01,2017-03-01
822,832,4,2017-01-01,2017-03-01
374,1021,4,2017-01-01,2017-03-01
1414,1415,4,2017-01-01,2017-03-01
385,786,4,2017-01-01,2017-03-01
751,1013,4,2017-01-01,2017-03-01
392,751,4,2017-01-01,2017-03-01
761,1056,4,2017-01-01,2017-03-01
772,1057,4,2017-01-01,2017-03-01
1893,1897,4,2017-01-01,2017-03-01
1830,1878,4,2017-01-01,2017-03-01
1951,1992,4,2017-01-01,2017-03-01
1911,1969,4,2017-01-01,2017-03-01
1923,1947,4,2017-01-01,2017-03-01
2131,2185,4,2017-01-01,2017-03-01
2181,2189,4,2017-01-01,2017-03-01
2145,2160,4,2017-01-01,2017-03-01
2107,2131,4,2017-01-01,2017-03-01
2264,2282,4,2017-01-01,2017-03-01
2925,2992,4,2017-01-01,2017-03-01
3024,3049,4,2017-01-01,2017-03-01
3119,3135,4,2017-01-01,2017-03-01
254,607,4,2017-01-01,2017-03-01
226,622,4,2017-01-01,2017-03-01
3411,3436,4,2017-01-01,2017-03-01
3552,3556,4,2017-01-01,2017-03-01
3932,3967,4,2017-01-01,2017-03-01
3914,3933,4,2017-01-01,2017-03-01
4032,4087,4,2017-01-01,2017-03-01
4035,4042,4,2017-01-01,2017-03-01
295,2153,4,2017-01-01,2017-03-01
272,3193,4,2017-01-01,2017-03-01
2153,3195,4,2017-01-01,2017-03-01
2153,3193,4,2017-01-01,2017-03-01
221,2197,4,2017-01-01,2017-03-01
622,2528,4,2017-01-01,2017-03-01
205,2560,4,2017-01-01,2017-03-01
293,2531,4,2017-01-01,2017-03-01
4370,4397,4,2017-01-01,2017-03-01
994,2939,4,2017-01-01,2017-03-01
2263,3537,4,2017-01-01,2017-03-01
2284,3571,4,2017-01-01,2017-03-01
4071,4376,4,2017-01-01,2017-03-01
4069,4371,4,2017-01-01,2017-03-01
4615,4667,4,2017-01-01,2017-03-01
4615,4670,4,2017-01-01,2017-03-01
4620,4657,4,2017-01-01,2017-03-01
1377,2802,4,2017-01-01,2017-03-01
1837,2972,4,2017-01-01,2017-03-01
975,4395,4,2017-01-01,2017-03-01
5313,5314,4,2017-01-01,2017-03-01
1358,2498,4,2017-01-01,2017-03-01
2335,2924,4,2017-01-01,2017-03-01
977,3536,4,2017-01-01,2017-03-01
977,2325,4,2017-01-01,2017-03-01
1330,3639,4,2017-01-01,2017-03-01
2223,2951,4,2017-01-01,2017-03-01
2295,3698,4,2017-01-01,2017-03-01
442,448,4,2017-01-01,2017-03-01
440,490,4,2017-01-01,2017-03-01
606,659,4,2017-01-01,2017-03-01
722,769,4,2017-01-01,2017-03-01
847,891,4,2017-01-01,2017-03-01
802,897,4,2017-01-01,2017-03-01
1047,1066,4,2017-01-01,2017-03-01
1154,1157,4,2017-01-01,2017-03-01
1321,1347,4,2017-01-01,2017-03-01
508,518,4,2017-01-01,2017-03-01
832,837,4,2017-01-01,2017-03-01
305,1095,4,2017-01-01,2017-03-01
330,1073,4,2017-01-01,2017-03-01
360,1035,4,2017-01-01,2017-03-01
709,1001,4,2017-01-01,2017-03-01
759,1029,4,2017-01-01,2017-03-01
313,712,4,2017-01-01,2017-03-01
797,1023,4,2017-01-01,2017-03-01
376,795,4,2017-01-01,2017-03-01
1859,1882,4,2017-01-01,2017-03-01
1960,1974,4,2017-01-01,2017-03-01
1920,1974,4,2017-01-01,2017-03-01
2156,2161,4,2017-01-01,2017-03-01
2262,2290,4,2017-01-01,2017-03-01
2211,2234,4,2017-01-01,2017-03-01
2514,2531,4,2017-01-01,2017-03-01
2910,2996,4,2017-01-01,2017-03-01
1263,1607,4,2017-01-01,2017-03-01
3132,3157,4,2017-01-01,2017-03-01
3225,3295,4,2017-01-01,2017-03-01
208,604,4,2017-01-01,2017-03-01
293,622,4,2017-01-01,2017-03-01
1066,2667,4,2017-01-01,2017-03-01
1247,2655,4,2017-01-01,2017-03-01
3620,3645,4,2017-01-01,2017-03-01
746,3483,4,2017-01-01,2017-03-01
772,3491,4,2017-01-01,2017-03-01
3706,3770,4,2017-01-01,2017-03-01
3719,3775,4,2017-01-01,2017-03-01
3911,3945,4,2017-01-01,2017-03-01
3939,3990,4,2017-01-01,2017-03-01
292,3114,4,2017-01-01,2017-03-01
247,3114,4,2017-01-01,2017-03-01
244,2175,4,2017-01-01,2017-03-01
4125,4182,4,2017-01-01,2017-03-01
1300,3123,4,2017-01-01,2017-03-01
1693,2600,4,2017-01-01,2017-03-01
317,2643,4,2017-01-01,2017-03-01
2243,3556,4,2017-01-01,2017-03-01
2567,3162,4,2017-01-01,2017-03-01
427,606,4,2017-01-01,2017-03-01
4373,4380,4,2017-01-01,2017-03-01
4307,4345,4,2017-01-01,2017-03-01
4305,4339,4,2017-01-01,2017-03-01
2212,3547,4,2017-01-01,2017-03-01
4417,4474,4,2017-01-01,2017-03-01
4417,4488,4,2017-01-01,2017-03-01
4405,4496,4,2017-01-01,2017-03-01
2427,3648,4,2017-01-01,2017-03-01
4010,4377,4,2017-01-01,2017-03-01
3871,4575,4,2017-01-01,2017-03-01
1314,4364,4,2017-01-01,2017-03-01
1598,4478,4,2017-01-01,2017-03-01
5138,5145,4,2017-01-01,2017-03-01
2467,2910,4,2017-01-01,2017-03-01
912,2255,4,2017-01-01,2017-03-01
1321,2924,4,2017-01-01,2017-03-01
401,459,4,2017-01-01,2017-03-01
658,688,4,2017-01-01,2017-03-01
638,657,4,2017-01-01,2017-03-01
645,698,4,2017-01-01,2017-03-01
775,782,4,2017-01-01,2017-03-01
804,822,4,2017-01-01,2017-03-01
859,894,4,2017-01-01,2017-03-01
355,1043,4,2017-01-01,2017-03-01
381,1031,4,2017-01-01,2017-03-01
381,1044,4,2017-01-01,2017-03-01
305,1057,4,2017-01-01,2017-03-01
328,740,4,2017-01-01,2017-03-01
334,762,4,2017-01-01,2017-03-01
1606,1626,4,2017-01-01,2017-03-01
1923,1957,4,2017-01-01,2017-03-01
2001,2062,4,2017-01-01,2017-03-01
2172,2180,4,2017-01-01,2017-03-01
2109,2168,4,2017-01-01,2017-03-01
2119,2144,4,2017-01-01,2017-03-01
2116,2158,4,2017-01-01,2017-03-01
2141,2142,4,2017-01-01,2017-03-01
2136,2145,4,2017-01-01,2017-03-01
2136,2163,4,2017-01-01,2017-03-01
2206,2268,4,2017-01-01,2017-03-01
2207,2288,4,2017-01-01,2017-03-01
2272,2291,4,2017-01-01,2017-03-01
141,2068,4,2017-01-01,2017-03-01
2867,2894,4,2017-01-01,2017-03-01
3039,3049,4,2017-01-01,2017-03-01
3123,3199,4,2017-01-01,2017-03-01
3153,3161,4,2017-01-01,2017-03-01
3104,3112,4,2017-01-01,2017-03-01
3208,3230,4,2017-01-01,2017-03-01
226,670,4,2017-01-01,2017-03-01
3405,3463,4,2017-01-01,2017-03-01
1569,2655,4,2017-01-01,2017-03-01
1506,2699,4,2017-01-01,2017-03-01
1506,2674,4,2017-01-01,2017-03-01
3529,3598,4,2017-01-01,2017-03-01
3837,3881,4,2017-01-01,2017-03-01
3849,3881,4,2017-01-01,2017-03-01
3858,3865,4,2017-01-01,2017-03-01
3906,3966,4,2017-01-01,2017-03-01
4043,4089,4,2017-01-01,2017-03-01
690,3198,4,2017-01-01,2017-03-01
255,1300,4,2017-01-01,2017-03-01
2248,3582,4,2017-01-01,2017-03-01
1662,2803,4,2017-01-01,2017-03-01
3154,3411,4,2017-01-01,2017-03-01
2600,3162,4,2017-01-01,2017-03-01
975,1310,4,2017-01-01,2017-03-01
4460,4474,4,2017-01-01,2017-03-01
2498,3624,4,2017-01-01,2017-03-01
4084,4340,4,2017-01-01,2017-03-01
4609,4645,4,2017-01-01,2017-03-01
4646,4671,4,2017-01-01,2017-03-01
1310,2758,4,2017-01-01,2017-03-01
1384,2223,4,2017-01-01,2017-03-01
449,489,4,2017-01-01,2017-03-01
811,874,4,2017-01-01,2017-03-01
378,1053,4,2017-01-01,2017-03-01
1015,1097,4,2017-01-01,2017-03-01
308,1038,4,2017-01-01,2017-03-01
374,704,4,2017-01-01,2017-03-01
324,716,4,2017-01-01,2017-03-01
360,701,4,2017-01-01,2017-03-01
1602,1625,4,2017-01-01,2017-03-01
1970,1986,4,2017-01-01,2017-03-01
1937,1974,4,2017-01-01,2017-03-01
1937,1962,4,2017-01-01,2017-03-01
1971,1975,4,2017-01-01,2017-03-01
1918,1986,4,2017-01-01,2017-03-01
2109,2173,4,2017-01-01,2017-03-01
2119,2190,4,2017-01-01,2017-03-01
2173,2189,4,2017-01-01,2017-03-01
2116,2135,4,2017-01-01,2017-03-01
2110,2160,4,2017-01-01,2017-03-01
2247,2300,4,2017-01-01,2017-03-01
2225,2260,4,2017-01-01,2017-03-01
2281,2291,4,2017-01-01,2017-03-01
2406,2413,4,2017-01-01,2017-03-01
2428,2435,4,2017-01-01,2017-03-01
3116,3173,4,2017-01-01,2017-03-01
1542,2681,4,2017-01-01,2017-03-01
620,3177,4,2017-01-01,2017-03-01
1023,3405,4,2017-01-01,2017-03-01
3809,3822,4,2017-01-01,2017-03-01
4002,4066,4,2017-01-01,2017-03-01
246,609,4,2017-01-01,2017-03-01
218,2186,4,2017-01-01,2017-03-01
218,2153,4,2017-01-01,2017-03-01
263,3167,4,2017-01-01,2017-03-01
601,2560,4,2017-01-01,2017-03-01
4347,4397,4,2017-01-01,2017-03-01
4338,4370,4,2017-01-01,2017-03-01
915,1310,4,2017-01-01,2017-03-01
1337,2968,4,2017-01-01,2017-03-01
2284,3547,4,2017-01-01,2017-03-01
4032,4377,4,2017-01-01,2017-03-01
4618,4690,4,2017-01-01,2017-03-01
4645,4700,4,2017-01-01,2017-03-01
1351,2802,4,2017-01-01,2017-03-01
979,1837,4,2017-01-01,2017-03-01
2941,4017,4,2017-01-01,2017-03-01
2759,4009,4,2017-01-01,2017-03-01
2783,4309,4,2017-01-01,2017-03-01
5333,5370,4,2017-01-01,2017-03-01
1347,2295,4,2017-01-01,2017-03-01
2212,2441,4,2017-01-01,2017-03-01
1321,3578,4,2017-01-01,2017-03-01
2334,3540,4,2017-01-01,2017-03-01
28,95,4,2017-01-01,2017-03-01
147,169,4,2017-01-01,2017-03-01
254,266,4,2017-01-01,2017-03-01
351,358,4,2017-01-01,2017-03-01
425,444,4,2017-01-01,2017-03-01
658,681,4,2017-01-01,2017-03-01
715,782,4,2017-01-01,2017-03-01
722,723,4,2017-01-01,2017-03-01
822,888,4,2017-01-01,2017-03-01
965,970,4,2017-01-01,2017-03-01
385,1007,4,2017-01-01,2017-03-01
395,1026,4,2017-01-01,2017-03-01
351,1034,4,2017-01-01,2017-03-01
354,740,4,2017-01-01,2017-03-01
354,724,4,2017-01-01,2017-03-01
1808,1868,4,2017-01-01,2017-03-01
1805,1807,4,2017-01-01,2017-03-01
1966,1973,4,2017-01-01,2017-03-01
1920,1990,4,2017-01-01,2017-03-01
1913,1979,4,2017-01-01,2017-03-01
2051,2074,4,2017-01-01,2017-03-01
2436,2438,4,2017-01-01,2017-03-01
2429,2500,4,2017-01-01,2017-03-01
2935,2977,4,2017-01-01,2017-03-01
3119,3153,4,2017-01-01,2017-03-01
276,624,4,2017-01-01,2017-03-01
3414,3493,4,2017-01-01,2017-03-01
3504,3579,4,2017-01-01,2017-03-01
364,3421,4,2017-01-01,2017-03-01
3932,3945,4,2017-01-01,2017-03-01
4056,4081,4,2017-01-01,2017-03-01
4034,4057,4,2017-01-01,2017-03-01
603,3188,4,2017-01-01,2017-03-01
684,1300,4,2017-01-01,2017-03-01
968,1378,4,2017-01-01,2017-03-01
4305,4364,4,2017-01-01,2017-03-01
4332,4339,4,2017-01-01,2017-03-01
4423,4493,4,2017-01-01,2017-03-01
4403,4469,4,2017-01-01,2017-03-01
4645,4674,4,2017-01-01,2017-03-01
994,1444,4,2017-01-01,2017-03-01
905,3046,4,2017-01-01,2017-03-01
2509,4696,4,2017-01-01,2017-03-01
928,4373,4,2017-01-01,2017-03-01
2959,4364,4,2017-01-01,2017-03-01
5120,5182,4,2017-01-01,2017-03-01
5182,5198,4,2017-01-01,2017-03-01
2965,3554,4,2017-01-01,2017-03-01
3536,3654,4,2017-01-01,2017-03-01
1330,2221,4,2017-01-01,2017-03-01
988,2335,4,2017-01-01,2017-03-01
243,248,4,2017-01-01,2017-03-01
365,383,4,2017-01-01,2017-03-01
888,894,4,2017-01-01,2017-03-01
381,1057,4,2017-01-01,2017-03-01
378,719,4,2017-01-01,2017-03-01
368,704,4,2017-01-01,2017-03-01
762,1023,4,2017-01-01,2017-03-01
308,749,4,2017-01-01,2017-03-01
324,733,4,2017-01-01,2017-03-01
1827,1897,4,2017-01-01,2017-03-01
1945,1979,4,2017-01-01,2017-03-01
2171,2192,4,2017-01-01,2017-03-01
2114,2116,4,2017-01-01,2017-03-01
2141,2189,4,2017-01-01,2017-03-01
2110,2115,4,2017-01-01,2017-03-01
2226,2264,4,2017-01-01,2017-03-01
2207,2225,4,2017-01-01,2017-03-01
2207,2276,4,2017-01-01,2017-03-01
2406,2425,4,2017-01-01,2017-03-01
2410,2462,4,2017-01-01,2017-03-01
3180,3186,4,2017-01-01,2017-03-01
3112,3180,4,2017-01-01,2017-03-01
264,3141,4,2017-01-01,2017-03-01
3408,3482,4,2017-01-01,2017-03-01
1553,2663,4,2017-01-01,2017-03-01
1269,1544,4,2017-01-01,2017-03-01
1503,2681,4,2017-01-01,2017-03-01
369,2699,4,2017-01-01,2017-03-01
1001,3461,4,2017-01-01,2017-03-01
3908,3924,4,2017-01-01,2017-03-01
3931,3955,4,2017-01-01,2017-03-01
4066,4088,4,2017-01-01,2017-03-01
289,2183,4,2017-01-01,2017-03-01
1842,2793,4,2017-01-01,2017-03-01
1300,2600,4,2017-01-01,2017-03-01
606,2573,4,2017-01-01,2017-03-01
314,3904,4,2017-01-01,2017-03-01
1014,3974,4,2017-01-01,2017-03-01
933,2939,4,2017-01-01,2017-03-01
961,1367,4,2017-01-01,2017-03-01
1310,2939,4,2017-01-01,2017-03-01
2255,3537,4,2017-01-01,2017-03-01
4407,4411,4,2017-01-01,2017-03-01
3839,4556,4,2017-01-01,2017-03-01
1315,3046,4,2017-01-01,2017-03-01
928,4083,4,2017-01-01,2017-03-01
2959,4011,4,2017-01-01,2017-03-01
920,2255,4,2017-01-01,2017-03-01
1330,2932,4,2017-01-01,2017-03-01
2928,3571,4,2017-01-01,2017-03-01
45,86,4,2017-01-01,2017-03-01
274,294,4,2017-01-01,2017-03-01
556,574,4,2017-01-01,2017-03-01
650,698,4,2017-01-01,2017-03-01
844,881,4,2017-01-01,2017-03-01
827,878,4,2017-01-01,2017-03-01
822,849,4,2017-01-01,2017-03-01
1211,1238,4,2017-01-01,2017-03-01
1247,1300,4,2017-01-01,2017-03-01
315,1025,4,2017-01-01,2017-03-01
330,1029,4,2017-01-01,2017-03-01
395,1045,4,2017-01-01,2017-03-01
364,797,4,2017-01-01,2017-03-01
712,1021,4,2017-01-01,2017-03-01
395,730,4,2017-01-01,2017-03-01
1501,1562,4,2017-01-01,2017-03-01
1905,1971,4,2017-01-01,2017-03-01
2120,2124,4,2017-01-01,2017-03-01
2130,2169,4,2017-01-01,2017-03-01
2162,2185,4,2017-01-01,2017-03-01
2181,2188,4,2017-01-01,2017-03-01
2110,2179,4,2017-01-01,2017-03-01
2136,2181,4,2017-01-01,2017-03-01
2204,2292,4,2017-01-01,2017-03-01
2239,2287,4,2017-01-01,2017-03-01
2403,2477,4,2017-01-01,2017-03-01
2435,2477,4,2017-01-01,2017-03-01
2404,2410,4,2017-01-01,2017-03-01
2709,2792,4,2017-01-01,2017-03-01
3317,3329,4,2017-01-01,2017-03-01
294,607,4,2017-01-01,2017-03-01
611,3180,4,2017-01-01,2017-03-01
3401,3423,4,2017-01-01,2017-03-01
1066,2681,4,2017-01-01,2017-03-01
1269,1587,4,2017-01-01,2017-03-01
763,3402,4,2017-01-01,2017-03-01
3921,3929,4,2017-01-01,2017-03-01
3908,3913,4,2017-01-01,2017-03-01
2186,3195,4,2017-01-01,2017-03-01
609,3198,4,2017-01-01,2017-03-01
205,2545,4,2017-01-01,2017-03-01
1693,2586,4,2017-01-01,2017-03-01
2248,3552,4,2017-01-01,2017-03-01
1056,3155,4,2017-01-01,2017-03-01
2801,3184,4,2017-01-01,2017-03-01
4336,4395,4,2017-01-01,2017-03-01
1322,2969,4,2017-01-01,2017-03-01
4414,4465,4,2017-01-01,2017-03-01
2334,3620,4,2017-01-01,2017-03-01
2405,3678,4,2017-01-01,2017-03-01
126,3620,4,2017-01-01,2017-03-01
2437,3603,4,2017-01-01,2017-03-01
4620,4670,4,2017-01-01,2017-03-01
4650,4680,4,2017-01-01,2017-03-01
4673,4682,4,2017-01-01,2017-03-01
1439,1818,4,2017-01-01,2017-03-01
1074,1818,4,2017-01-01,2017-03-01
1288,1315,4,2017-01-01,2017-03-01
2867,4083,4,2017-01-01,2017-03-01
2969,4009,4,2017-01-01,2017-03-01
2570,3529,4,2017-01-01,2017-03-01
977,2910,4,2017-01-01,2017-03-01
972,3639,4,2017-01-01,2017-03-01
1330,3675,4,2017-01-01,2017-03-01
941,2335,4,2017-01-01,2017-03-01
243,296,4,2017-01-01,2017-03-01
212,243,4,2017-01-01,2017-03-01
839,845,4,2017-01-01,2017-03-01
378,1007,4,2017-01-01,2017-03-01
395,1072,4,2017-01-01,2017-03-01
374,1007,4,2017-01-01,2017-03-01
704,1095,4,2017-01-01,2017-03-01
766,1013,4,2017-01-01,2017-03-01
392,792,4,2017-01-01,2017-03-01
792,1001,4,2017-01-01,2017-03-01
1945,1987,4,2017-01-01,2017-03-01
2131,2160,4,2017-01-01,2017-03-01
2131,2144,4,2017-01-01,2017-03-01
2102,2147,4,2017-01-01,2017-03-01
2120,2162,4,2017-01-01,2017-03-01
2111,2116,4,2017-01-01,2017-03-01
2119,2185,4,2017-01-01,2017-03-01
2163,2188,4,2017-01-01,2017-03-01
2129,2189,4,2017-01-01,2017-03-01
2147,2193,4,2017-01-01,2017-03-01
2110,2114,4,2017-01-01,2017-03-01
2447,2478,4,2017-01-01,2017-03-01
2425,2429,4,2017-01-01,2017-03-01
3141,3173,4,2017-01-01,2017-03-01
3208,3286,4,2017-01-01,2017-03-01
231,3145,4,2017-01-01,2017-03-01
3463,3483,4,2017-01-01,2017-03-01
1581,2655,4,2017-01-01,2017-03-01
1544,2674,4,2017-01-01,2017-03-01
740,3402,4,2017-01-01,2017-03-01
4030,4097,4,2017-01-01,2017-03-01
218,3159,4,2017-01-01,2017-03-01
2175,3167,4,2017-01-01,2017-03-01
2252,3565,4,2017-01-01,2017-03-01
4358,4370,4,2017-01-01,2017-03-01
4308,4366,4,2017-01-01,2017-03-01
1503,2573,4,2017-01-01,2017-03-01
4401,4451,4,2017-01-01,2017-03-01
4429,4499,4,2017-01-01,2017-03-01
4411,4415,4,2017-01-01,2017-03-01
4002,4346,4,2017-01-01,2017-03-01
4007,4346,4,2017-01-01,2017-03-01
4668,4696,4,2017-01-01,2017-03-01
1888,2537,4,2017-01-01,2017-03-01
1465,2789,4,2017-01-01,2017-03-01
2769,2988,4,2017-01-01,2017-03-01
1314,4017,4,2017-01-01,2017-03-01
1371,4059,4,2017-01-01,2017-03-01
2959,4080,4,2017-01-01,2017-03-01
2717,4399,4,2017-01-01,2017-03-01
2277,4441,4,2017-01-01,2017-03-01
977,2221,4,2017-01-01,2017-03-01
977,3675,4,2017-01-01,2017-03-01
2222,2901,4,2017-01-01,2017-03-01
1398,2236,4,2017-01-01,2017-03-01
606,658,4,2017-01-01,2017-03-01
603,655,4,2017-01-01,2017-03-01
918,940,4,2017-01-01,2017-03-01
341,1031,4,2017-01-01,2017-03-01
385,1013,4,2017-01-01,2017-03-01
708,783,4,2017-01-01,2017-03-01
395,771,4,2017-01-01,2017-03-01
324,766,4,2017-01-01,2017-03-01
792,1023,4,2017-01-01,2017-03-01
1602,1607,4,2017-01-01,2017-03-01
1988,1991,4,2017-01-01,2017-03-01
1904,1988,4,2017-01-01,2017-03-01
1976,1992,4,2017-01-01,2017-03-01
1913,1960,4,2017-01-01,2017-03-01
2102,2125,4,2017-01-01,2017-03-01
2182,2190,4,2017-01-01,2017-03-01
2137,2140,4,2017-01-01,2017-03-01
2107,2144,4,2017-01-01,2017-03-01
2110,2190,4,2017-01-01,2017-03-01
2136,2168,4,2017-01-01,2017-03-01
2242,2277,4,2017-01-01,2017-03-01
2241,2291,4,2017-01-01,2017-03-01
2406,2430,4,2017-01-01,2017-03-01
2842,2848,4,2017-01-01,2017-03-01
226,3192,4,2017-01-01,2017-03-01
3463,3491,4,2017-01-01,2017-03-01
3410,3476,4,2017-01-01,2017-03-01
1247,1587,4,2017-01-01,2017-03-01
3548,3565,4,2017-01-01,2017-03-01
716,3483,4,2017-01-01,2017-03-01
3939,3959,4,2017-01-01,2017-03-01
4037,4075,4,2017-01-01,2017-03-01
4083,4088,4,2017-01-01,2017-03-01
4011,4037,4,2017-01-01,2017-03-01
4007,4078,4,2017-01-01,2017-03-01
2197,3188,4,2017-01-01,2017-03-01
292,3151,4,2017-01-01,2017-03-01
679,2183,4,2017-01-01,2017-03-01
286,3188,4,2017-01-01,2017-03-01
609,2186,4,2017-01-01,2017-03-01
1300,2531,4,2017-01-01,2017-03-01
293,2545,4,2017-01-01,2017-03-01
2531,3180,4,2017-01-01,2017-03-01
255,2568,4,2017-01-01,2017-03-01
1220,3039,4,2017-01-01,2017-03-01
4318,4361,4,2017-01-01,2017-03-01
4332,4362,4,2017-01-01,2017-03-01
901,1369,4,2017-01-01,2017-03-01
2222,3509,4,2017-01-01,2017-03-01
2221,3540,4,2017-01-01,2017-03-01
2221,3589,4,2017-01-01,2017-03-01
2273,3536,4,2017-01-01,2017-03-01
4401,4420,4,2017-01-01,2017-03-01
4403,4452,4,2017-01-01,2017-03-01
2335,3698,4,2017-01-01,2017-03-01
4010,4376,4,2017-01-01,2017-03-01
4614,4617,4,2017-01-01,2017-03-01
204,1432,4,2017-01-01,2017-03-01
437,2968,4,2017-01-01,2017-03-01
933,2758,4,2017-01-01,2017-03-01
2789,4012,4,2017-01-01,2017-03-01
2783,4364,4,2017-01-01,2017-03-01
1818,4399,4,2017-01-01,2017-03-01
407,4017,4,2017-01-01,2017-03-01
5333,5390,4,2017-01-01,2017-03-01
920,2437,4,2017-01-01,2017-03-01
972,1313,4,2017-01-01,2017-03-01
2977,3675,4,2017-01-01,2017-03-01
2334,2935,4,2017-01-01,2017-03-01
416,493,4,2017-01-01,2017-03-01
629,636,4,2017-01-01,2017-03-01
604,645,4,2017-01-01,2017-03-01
827,891,4,2017-01-01,2017-03-01
1039,1098,4,2017-01-01,2017-03-01
360,1002,4,2017-01-01,2017-03-01
368,1072,4,2017-01-01,2017-03-01
603,673,4,2017-01-01,2017-03-01
1020,1097,4,2017-01-01,2017-03-01
392,1038,4,2017-01-01,2017-03-01
328,766,4,2017-01-01,2017-03-01
786,1002,4,2017-01-01,2017-03-01
731,1026,4,2017-01-01,2017-03-01
395,772,4,2017-01-01,2017-03-01
392,771,4,2017-01-01,2017-03-01
324,768,4,2017-01-01,2017-03-01
334,740,4,2017-01-01,2017-03-01
1973,1987,4,2017-01-01,2017-03-01
1956,1974,4,2017-01-01,2017-03-01
2124,2136,4,2017-01-01,2017-03-01
2114,2126,4,2017-01-01,2017-03-01
2129,2142,4,2017-01-01,2017-03-01
2110,2136,4,2017-01-01,2017-03-01
2110,2188,4,2017-01-01,2017-03-01
2231,2292,4,2017-01-01,2017-03-01
2203,2292,4,2017-01-01,2017-03-01
2527,2584,4,2017-01-01,2017-03-01
243,3178,4,2017-01-01,2017-03-01
255,611,4,2017-01-01,2017-03-01
3446,3476,4,2017-01-01,2017-03-01
3504,3548,4,2017-01-01,2017-03-01
3645,3654,4,2017-01-01,2017-03-01
3904,3924,4,2017-01-01,2017-03-01
3901,3908,4,2017-01-01,2017-03-01
3916,3966,4,2017-01-01,2017-03-01
4037,4078,4,2017-01-01,2017-03-01
2186,3114,4,2017-01-01,2017-03-01
1479,1842,4,2017-01-01,2017-03-01
248,2531,4,2017-01-01,2017-03-01
264,1087,4,2017-01-01,2017-03-01
271,2561,4,2017-01-01,2017-03-01
2123,3411,4,2017-01-01,2017-03-01
4380,4399,4,2017-01-01,2017-03-01
913,2941,4,2017-01-01,2017-03-01
1298,1503,4,2017-01-01,2017-03-01
4407,4425,4,2017-01-01,2017-03-01
4415,4473,4,2017-01-01,2017-03-01
4411,4418,4,2017-01-01,2017-03-01
4504,4540,4,2017-01-01,2017-03-01
4071,4384,4,2017-01-01,2017-03-01
4614,4655,4,2017-01-01,2017-03-01
437,2783,4,2017-01-01,2017-03-01
2969,4012,4,2017-01-01,2017-03-01
1696,4009,4,2017-01-01,2017-03-01
407,4025,4,2017-01-01,2017-03-01
5112,5124,4,2017-01-01,2017-03-01
2221,2427,4,2017-01-01,2017-03-01
1347,3679,4,2017-01-01,2017-03-01
130,1321,4,2017-01-01,2017-03-01
130,3536,4,2017-01-01,2017-03-01
2498,2928,4,2017-01-01,2017-03-01
850,851,4,2017-01-01,2017-03-01
862,895,4,2017-01-01,2017-03-01
378,1044,4,2017-01-01,2017-03-01
1211,1221,4,2017-01-01,2017-03-01
1387,1398,4,2017-01-01,2017-03-01
1039,1048,4,2017-01-01,2017-03-01
719,1026,4,2017-01-01,2017-03-01
324,759,4,2017-01-01,2017-03-01
1904,1913,4,2017-01-01,2017-03-01
1946,1975,4,2017-01-01,2017-03-01
2140,2185,4,2017-01-01,2017-03-01
2124,2173,4,2017-01-01,2017-03-01
2109,2119,4,2017-01-01,2017-03-01
2134,2160,4,2017-01-01,2017-03-01
2129,2188,4,2017-01-01,2017-03-01
2107,2136,4,2017-01-01,2017-03-01
2268,2272,4,2017-01-01,2017-03-01
2303,2328,4,2017-01-01,2017-03-01
2460,2500,4,2017-01-01,2017-03-01
2413,2452,4,2017-01-01,2017-03-01
2545,2554,4,2017-01-01,2017-03-01
2522,2554,4,2017-01-01,2017-03-01
2935,2985,4,2017-01-01,2017-03-01
3071,3093,4,2017-01-01,2017-03-01
3174,3193,4,2017-01-01,2017-03-01
3132,3186,4,2017-01-01,2017-03-01
3463,3471,4,2017-01-01,2017-03-01
3439,3461,4,2017-01-01,2017-03-01
1066,1542,4,2017-01-01,2017-03-01
1503,2608,4,2017-01-01,2017-03-01
1223,1598,4,2017-01-01,2017-03-01
4035,4078,4,2017-01-01,2017-03-01
4010,4072,4,2017-01-01,2017-03-01
4016,4037,4,2017-01-01,2017-03-01
292,3195,4,2017-01-01,2017-03-01
247,2183,4,2017-01-01,2017-03-01
1300,2568,4,2017-01-01,2017-03-01
2229,3582,4,2017-01-01,2017-03-01
4330,4396,4,2017-01-01,2017-03-01
4364,4371,4,2017-01-01,2017-03-01
1369,2959,4,2017-01-01,2017-03-01
1371,2968,4,2017-01-01,2017-03-01
1370,2959,4,2017-01-01,2017-03-01
266,1269,4,2017-01-01,2017-03-01
2222,3554,4,2017-01-01,2017-03-01
2236,3578,4,2017-01-01,2017-03-01
4409,4473,4,2017-01-01,2017-03-01
4444,4478,4,2017-01-01,2017-03-01
4405,4429,4,2017-01-01,2017-03-01
4534,4587,4,2017-01-01,2017-03-01
4010,4331,4,2017-01-01,2017-03-01
4678,4693,4,2017-01-01,2017-03-01
4655,4696,4,2017-01-01,2017-03-01
1422,2511,4,2017-01-01,2017-03-01
407,1844,4,2017-01-01,2017-03-01
2754,2912,4,2017-01-01,2017-03-01
979,2754,4,2017-01-01,2017-03-01
928,4012,4,2017-01-01,2017-03-01
1464,4009,4,2017-01-01,2017-03-01
2759,4309,4,2017-01-01,2017-03-01
1358,2458,4,2017-01-01,2017-03-01
977,2467,4,2017-01-01,2017-03-01
2263,2924,4,2017-01-01,2017-03-01
3537,3681,4,2017-01-01,2017-03-01
2935,3648,4,2017-01-01,2017-03-01
625,660,4,2017-01-01,2017-03-01
738,777,4,2017-01-01,2017-03-01
832,868,4,2017-01-01,2017-03-01
1274,1295,4,2017-01-01,2017-03-01
1252,1295,4,2017-01-01,2017-03-01
1303,1388,4,2017-01-01,2017-03-01
811,897,4,2017-01-01,2017-03-01
324,1002,4,2017-01-01,2017-03-01
354,1007,4,2017-01-01,2017-03-01
378,1029,4,2017-01-01,2017-03-01
374,706,4,2017-01-01,2017-03-01
709,1095,4,2017-01-01,2017-03-01
1902,1922,4,2017-01-01,2017-03-01
2036,2051,4,2017-01-01,2017-03-01
2115,2188,4,2017-01-01,2017-03-01
2120,2182,4,2017-01-01,2017-03-01
2128,2151,4,2017-01-01,2017-03-01
2232,2238,4,2017-01-01,2017-03-01
2238,2250,4,2017-01-01,2017-03-01
2462,2500,4,2017-01-01,2017-03-01
2425,2452,4,2017-01-01,2017-03-01
3019,3024,4,2017-01-01,2017-03-01
3172,3195,4,2017-01-01,2017-03-01
3154,3167,4,2017-01-01,2017-03-01
622,3192,4,2017-01-01,2017-03-01
607,3137,4,2017-01-01,2017-03-01
3412,3441,4,2017-01-01,2017-03-01
3451,3476,4,2017-01-01,2017-03-01
3439,3444,4,2017-01-01,2017-03-01
3423,3428,4,2017-01-01,2017-03-01
3472,3482,4,2017-01-01,2017-03-01
3414,3446,4,2017-01-01,2017-03-01
333,1542,4,2017-01-01,2017-03-01
1561,2681,4,2017-01-01,2017-03-01
3504,3524,4,2017-01-01,2017-03-01
3537,3586,4,2017-01-01,2017-03-01
3719,3787,4,2017-01-01,2017-03-01
3913,3966,4,2017-01-01,2017-03-01
2199,3122,4,2017-01-01,2017-03-01
603,3159,4,2017-01-01,2017-03-01
244,2152,4,2017-01-01,2017-03-01
263,2153,4,2017-01-01,2017-03-01
609,2197,4,2017-01-01,2017-03-01
2278,3504,4,2017-01-01,2017-03-01
2870,3039,4,2017-01-01,2017-03-01
673,3411,4,2017-01-01,2017-03-01
951,2968,4,2017-01-01,2017-03-01
951,2939,4,2017-01-01,2017-03-01
331,3913,4,2017-01-01,2017-03-01
4409,4429,4,2017-01-01,2017-03-01
4411,4466,4,2017-01-01,2017-03-01
2325,3698,4,2017-01-01,2017-03-01
4029,4362,4,2017-01-01,2017-03-01
4611,4645,4,2017-01-01,2017-03-01
4656,4673,4,2017-01-01,2017-03-01
1248,2717,4,2017-01-01,2017-03-01
1465,2816,4,2017-01-01,2017-03-01
1659,4643,4,2017-01-01,2017-03-01
1464,4017,4,2017-01-01,2017-03-01
3561,4418,4,2017-01-01,2017-03-01
920,2427,4,2017-01-01,2017-03-01
126,920,4,2017-01-01,2017-03-01
646,698,4,2017-01-01,2017-03-01
610,659,4,2017-01-01,2017-03-01
805,888,4,2017-01-01,2017-03-01
850,894,4,2017-01-01,2017-03-01
850,862,4,2017-01-01,2017-03-01
822,868,4,2017-01-01,2017-03-01
1024,1036,4,2017-01-01,2017-03-01
325,377,4,2017-01-01,2017-03-01
1558,1563,4,2017-01-01,2017-03-01
1923,1951,4,2017-01-01,2017-03-01
2115,2124,4,2017-01-01,2017-03-01
2140,2173,4,2017-01-01,2017-03-01
2107,2140,4,2017-01-01,2017-03-01
2207,2226,4,2017-01-01,2017-03-01
2425,2484,4,2017-01-01,2017-03-01
2833,2840,4,2017-01-01,2017-03-01
414,1273,4,2017-01-01,2017-03-01
3117,3146,4,2017-01-01,2017-03-01
231,3171,4,2017-01-01,2017-03-01
3802,3822,4,2017-01-01,2017-03-01
4046,4079,4,2017-01-01,2017-03-01
4044,4078,4,2017-01-01,2017-03-01
286,609,4,2017-01-01,2017-03-01
286,2152,4,2017-01-01,2017-03-01
1223,3933,4,2017-01-01,2017-03-01
4316,4336,4,2017-01-01,2017-03-01
901,1310,4,2017-01-01,2017-03-01
266,1576,4,2017-01-01,2017-03-01
2554,3924,4,2017-01-01,2017-03-01
4452,4491,4,2017-01-01,2017-03-01
4506,4556,4,2017-01-01,2017-03-01
1248,2759,4,2017-01-01,2017-03-01
1082,2992,4,2017-01-01,2017-03-01
2717,4395,4,2017-01-01,2017-03-01
2511,4316,4,2017-01-01,2017-03-01
5154,5161,4,2017-01-01,2017-03-01
2325,3578,4,2017-01-01,2017-03-01
2212,3648,4,2017-01-01,2017-03-01
3571,3654,4,2017-01-01,2017-03-01
263,290,4,2017-01-01,2017-03-01
738,745,4,2017-01-01,2017-03-01
850,895,4,2017-01-01,2017-03-01
1003,1011,4,2017-01-01,2017-03-01
382,1029,4,2017-01-01,2017-03-01
360,1044,4,2017-01-01,2017-03-01
1356,1393,4,2017-01-01,2017-03-01
355,1026,4,2017-01-01,2017-03-01
382,719,4,2017-01-01,2017-03-01
309,758,4,2017-01-01,2017-03-01
762,1029,4,2017-01-01,2017-03-01
395,760,4,2017-01-01,2017-03-01
1853,1878,4,2017-01-01,2017-03-01
1913,1933,4,2017-01-01,2017-03-01
2038,2075,4,2017-01-01,2017-03-01
2119,2141,4,2017-01-01,2017-03-01
2134,2155,4,2017-01-01,2017-03-01
2107,2130,4,2017-01-01,2017-03-01
2226,2262,4,2017-01-01,2017-03-01
2610,2612,4,2017-01-01,2017-03-01
2705,2728,4,2017-01-01,2017-03-01
2928,2996,4,2017-01-01,2017-03-01
3172,3182,4,2017-01-01,2017-03-01
229,665,4,2017-01-01,2017-03-01
3414,3447,4,2017-01-01,2017-03-01
1066,2655,4,2017-01-01,2017-03-01
1544,2699,4,2017-01-01,2017-03-01
3529,3600,4,2017-01-01,2017-03-01
648,3177,4,2017-01-01,2017-03-01
760,3440,4,2017-01-01,2017-03-01
3806,3808,4,2017-01-01,2017-03-01
3906,3989,4,2017-01-01,2017-03-01
4002,4017,4,2017-01-01,2017-03-01
2197,3167,4,2017-01-01,2017-03-01
443,2586,4,2017-01-01,2017-03-01
1300,3180,4,2017-01-01,2017-03-01
293,2510,4,2017-01-01,2017-03-01
274,2563,4,2017-01-01,2017-03-01
2252,3598,4,2017-01-01,2017-03-01
4307,4322,4,2017-01-01,2017-03-01
4387,4388,4,2017-01-01,2017-03-01
4305,4332,4,2017-01-01,2017-03-01
4305,4353,4,2017-01-01,2017-03-01
930,1394,4,2017-01-01,2017-03-01
961,1314,4,2017-01-01,2017-03-01
901,1314,4,2017-01-01,2017-03-01
4522,4595,4,2017-01-01,2017-03-01
4040,4377,4,2017-01-01,2017-03-01
4610,4678,4,2017-01-01,2017-03-01
4608,4640,4,2017-01-01,2017-03-01
1484,2857,4,2017-01-01,2017-03-01
1370,1444,4,2017-01-01,2017-03-01
2783,4009,4,2017-01-01,2017-03-01
1696,4042,4,2017-01-01,2017-03-01
1696,4388,4,2017-01-01,2017-03-01
1696,4016,4,2017-01-01,2017-03-01
5122,5138,4,2017-01-01,2017-03-01
912,2498,4,2017-01-01,2017-03-01
977,2427,4,2017-01-01,2017-03-01
1398,3698,4,2017-01-01,2017-03-01
822,899,4,2017-01-01,2017-03-01
822,839,4,2017-01-01,2017-03-01
845,851,4,2017-01-01,2017-03-01
1111,1154,4,2017-01-01,2017-03-01
1458,1481,4,2017-01-01,2017-03-01
395,716,4,2017-01-01,2017-03-01
1878,1891,4,2017-01-01,2017-03-01
1920,1922,4,2017-01-01,2017-03-01
1938,1973,4,2017-01-01,2017-03-01
2144,2155,4,2017-01-01,2017-03-01
2124,2181,4,2017-01-01,2017-03-01
2173,2188,4,2017-01-01,2017-03-01
2262,2282,4,2017-01-01,2017-03-01
2226,2288,4,2017-01-01,2017-03-01
2241,2260,4,2017-01-01,2017-03-01
2429,2447,4,2017-01-01,2017-03-01
3071,3087,4,2017-01-01,2017-03-01
398,431,4,2017-01-01,2017-03-01
264,3116,4,2017-01-01,2017-03-01
3455,3495,4,2017-01-01,2017-03-01
3940,3989,4,2017-01-01,2017-03-01
3929,3967,4,2017-01-01,2017-03-01
4013,4060,4,2017-01-01,2017-03-01
4019,4020,4,2017-01-01,2017-03-01
690,2152,4,2017-01-01,2017-03-01
299,2531,4,2017-01-01,2017-03-01
606,2560,4,2017-01-01,2017-03-01
610,2510,4,2017-01-01,2017-03-01
317,2650,4,2017-01-01,2017-03-01
1674,2801,4,2017-01-01,2017-03-01
275,2514,4,2017-01-01,2017-03-01
2573,3913,4,2017-01-01,2017-03-01
130,3671,4,2017-01-01,2017-03-01
126,3603,4,2017-01-01,2017-03-01
4071,4321,4,2017-01-01,2017-03-01
1677,4575,4,2017-01-01,2017-03-01
4632,4661,4,2017-01-01,2017-03-01
1248,1818,4,2017-01-01,2017-03-01
1248,2857,4,2017-01-01,2017-03-01
204,2776,4,2017-01-01,2017-03-01
1818,2758,4,2017-01-01,2017-03-01
979,2769,4,2017-01-01,2017-03-01
1464,4083,4,2017-01-01,2017-03-01
2511,4309,4,2017-01-01,2017-03-01
946,2441,4,2017-01-01,2017-03-01
923,2295,4,2017-01-01,2017-03-01
1313,3654,4,2017-01-01,2017-03-01
1343,3589,4,2017-01-01,2017-03-01
141,2273,4,2017-01-01,2017-03-01
655,690,4,2017-01-01,2017-03-01
723,784,4,2017-01-01,2017-03-01
844,894,4,2017-01-01,2017-03-01
912,923,4,2017-01-01,2017-03-01
355,1044,4,2017-01-01,2017-03-01
1232,1289,4,2017-01-01,2017-03-01
1236,1290,4,2017-01-01,2017-03-01
622,680,4,2017-01-01,2017-03-01
837,862,4,2017-01-01,2017-03-01
355,772,4,2017-01-01,2017-03-01
1904,1956,4,2017-01-01,2017-03-01
1954,1971,4,2017-01-01,2017-03-01
2115,2173,4,2017-01-01,2017-03-01
2160,2185,4,2017-01-01,2017-03-01
2187,2190,4,2017-01-01,2017-03-01
2124,2187,4,2017-01-01,2017-03-01
2111,2126,4,2017-01-01,2017-03-01
2162,2182,4,2017-01-01,2017-03-01
2165,2168,4,2017-01-01,2017-03-01
2271,2272,4,2017-01-01,2017-03-01
2260,2291,4,2017-01-01,2017-03-01
2410,2469,4,2017-01-01,2017-03-01
2438,2496,4,2017-01-01,2017-03-01
3024,3039,4,2017-01-01,2017-03-01
3134,3155,4,2017-01-01,2017-03-01
620,2181,4,2017-01-01,2017-03-01
620,3183,4,2017-01-01,2017-03-01
716,3440,4,2017-01-01,2017-03-01
3911,3932,4,2017-01-01,2017-03-01
4013,4051,4,2017-01-01,2017-03-01
4007,4011,4,2017-01-01,2017-03-01
247,2199,4,2017-01-01,2017-03-01
218,2178,4,2017-01-01,2017-03-01
1828,2781,4,2017-01-01,2017-03-01
467,1082,4,2017-01-01,2017-03-01
1544,3980,4,2017-01-01,2017-03-01
1561,3906,4,2017-01-01,2017-03-01
266,3924,4,2017-01-01,2017-03-01
2293,3537,4,2017-01-01,2017-03-01
4401,4449,4,2017-01-01,2017-03-01
2315,3671,4,2017-01-01,2017-03-01
130,3624,4,2017-01-01,2017-03-01
4022,4329,4,2017-01-01,2017-03-01
4010,4344,4,2017-01-01,2017-03-01
4615,4686,4,2017-01-01,2017-03-01
4645,4696,4,2017-01-01,2017-03-01
1422,3152,4,2017-01-01,2017-03-01
940,1813,4,2017-01-01,2017-03-01
1722,4200,4,2017-01-01,2017-03-01
2867,4013,4,2017-01-01,2017-03-01
1314,4395,4,2017-01-01,2017-03-01
1666,4364,4,2017-01-01,2017-03-01
5358,5370,4,2017-01-01,2017-03-01
972,3536,4,2017-01-01,2017-03-01
2427,2924,4,2017-01-01,2017-03-01
340,350,4,2017-01-01,2017-03-01
521,536,4,2017-01-01,2017-03-01
670,677,4,2017-01-01,2017-03-01
670,688,4,2017-01-01,2017-03-01
812,899,4,2017-01-01,2017-03-01
884,894,4,2017-01-01,2017-03-01
968,970,4,2017-01-01,2017-03-01
330,1044,4,2017-01-01,2017-03-01
1226,1274,4,2017-01-01,2017-03-01
837,850,4,2017-01-01,2017-03-01
315,1095,4,2017-01-01,2017-03-01
354,768,4,2017-01-01,2017-03-01
1874,1879,4,2017-01-01,2017-03-01
1904,1920,4,2017-01-01,2017-03-01
2172,2194,4,2017-01-01,2017-03-01
2124,2168,4,2017-01-01,2017-03-01
2119,2120,4,2017-01-01,2017-03-01
2155,2165,4,2017-01-01,2017-03-01
2110,2124,4,2017-01-01,2017-03-01
2213,2237,4,2017-01-01,2017-03-01
2268,2290,4,2017-01-01,2017-03-01
2801,2870,4,2017-01-01,2017-03-01
3311,3396,4,2017-01-01,2017-03-01
234,693,4,2017-01-01,2017-03-01
3464,3488,4,2017-01-01,2017-03-01
1271,2663,4,2017-01-01,2017-03-01
1223,2655,4,2017-01-01,2017-03-01
1053,3483,4,2017-01-01,2017-03-01
716,3444,4,2017-01-01,2017-03-01
3978,3989,4,2017-01-01,2017-03-01
3902,3971,4,2017-01-01,2017-03-01
690,3193,4,2017-01-01,2017-03-01
281,3182,4,2017-01-01,2017-03-01
1884,2781,4,2017-01-01,2017-03-01
4165,4197,4,2017-01-01,2017-03-01
1300,3104,4,2017-01-01,2017-03-01
1569,3916,4,2017-01-01,2017-03-01
2802,3077,4,2017-01-01,2017-03-01
4346,4353,4,2017-01-01,2017-03-01
4332,4371,4,2017-01-01,2017-03-01
2531,3913,4,2017-01-01,2017-03-01
868,3770,4,2017-01-01,2017-03-01
4063,4316,4,2017-01-01,2017-03-01
4409,4469,4,2017-01-01,2017-03-01
4484,4488,4,2017-01-01,2017-03-01
2325,3620,4,2017-01-01,2017-03-01
4032,4376,4,2017-01-01,2017-03-01
1844,2857,4,2017-01-01,2017-03-01
1432,2717,4,2017-01-01,2017-03-01
2789,4373,4,2017-01-01,2017-03-01
2222,3639,4,2017-01-01,2017-03-01
2932,3571,4,2017-01-01,2017-03-01
1330,3654,4,2017-01-01,2017-03-01
2437,3547,4,2017-01-01,2017-03-01
641,696,4,2017-01-01,2017-03-01
805,837,4,2017-01-01,2017-03-01
805,813,4,2017-01-01,2017-03-01
867,897,4,2017-01-01,2017-03-01
1111,1157,4,2017-01-01,2017-03-01
1263,1288,4,2017-01-01,2017-03-01
1303,1356,4,2017-01-01,2017-03-01
308,1095,4,2017-01-01,2017-03-01
382,1053,4,2017-01-01,2017-03-01
1823,1855,4,2017-01-01,2017-03-01
1813,1888,4,2017-01-01,2017-03-01
1966,1979,4,2017-01-01,2017-03-01
2124,2131,4,2017-01-01,2017-03-01
2155,2163,4,2017-01-01,2017-03-01
2155,2162,4,2017-01-01,2017-03-01
2155,2182,4,2017-01-01,2017-03-01
2110,2135,4,2017-01-01,2017-03-01
2225,2272,4,2017-01-01,2017-03-01
2260,2262,4,2017-01-01,2017-03-01
2413,2496,4,2017-01-01,2017-03-01
3360,3396,4,2017-01-01,2017-03-01
3504,3518,4,2017-01-01,2017-03-01
1424,1803,4,2017-01-01,2017-03-01
751,3477,4,2017-01-01,2017-03-01
3913,3931,4,2017-01-01,2017-03-01
4012,4051,4,2017-01-01,2017-03-01
4044,4075,4,2017-01-01,2017-03-01
4010,4087,4,2017-01-01,2017-03-01
244,2197,4,2017-01-01,2017-03-01
684,2576,4,2017-01-01,2017-03-01
1056,3172,4,2017-01-01,2017-03-01
231,1240,4,2017-01-01,2017-03-01
4305,4336,4,2017-01-01,2017-03-01
901,1370,4,2017-01-01,2017-03-01
4403,4409,4,2017-01-01,2017-03-01
4643,4661,4,2017-01-01,2017-03-01
4646,4700,4,2017-01-01,2017-03-01
1422,2816,4,2017-01-01,2017-03-01
437,2867,4,2017-01-01,2017-03-01
2783,2857,4,2017-01-01,2017-03-01
407,1439,4,2017-01-01,2017-03-01
962,1837,4,2017-01-01,2017-03-01
1484,4044,4,2017-01-01,2017-03-01
1371,4011,4,2017-01-01,2017-03-01
2783,4316,4,2017-01-01,2017-03-01
2511,4395,4,2017-01-01,2017-03-01
3524,4415,4,2017-01-01,2017-03-01
2222,2407,4,2017-01-01,2017-03-01
972,2498,4,2017-01-01,2017-03-01
377,388,4,2017-01-01,2017-03-01
813,839,4,2017-01-01,2017-03-01
1019,1098,4,2017-01-01,2017-03-01
381,1072,4,2017-01-01,2017-03-01
315,1002,4,2017-01-01,2017-03-01
313,1072,4,2017-01-01,2017-03-01
1234,1238,4,2017-01-01,2017-03-01
706,1056,4,2017-01-01,2017-03-01
750,1073,4,2017-01-01,2017-03-01
751,1057,4,2017-01-01,2017-03-01
1864,1878,4,2017-01-01,2017-03-01
1916,1990,4,2017-01-01,2017-03-01
1902,1967,4,2017-01-01,2017-03-01
2115,2154,4,2017-01-01,2017-03-01
2120,2155,4,2017-01-01,2017-03-01
2120,2179,4,2017-01-01,2017-03-01
2162,2165,4,2017-01-01,2017-03-01
2165,2188,4,2017-01-01,2017-03-01
2148,2154,4,2017-01-01,2017-03-01
2145,2154,4,2017-01-01,2017-03-01
2110,2140,4,2017-01-01,2017-03-01
2261,2291,4,2017-01-01,2017-03-01
2206,2260,4,2017-01-01,2017-03-01
2492,2500,4,2017-01-01,2017-03-01
2514,2568,4,2017-01-01,2017-03-01
2527,2538,4,2017-01-01,2017-03-01
2951,2985,4,2017-01-01,2017-03-01
398,401,4,2017-01-01,2017-03-01
3162,3192,4,2017-01-01,2017-03-01
3225,3286,4,2017-01-01,2017-03-01
3332,3396,4,2017-01-01,2017-03-01
212,658,4,2017-01-01,2017-03-01
1576,2608,4,2017-01-01,2017-03-01
3567,3586,4,2017-01-01,2017-03-01
3536,3586,4,2017-01-01,2017-03-01
3911,3959,4,2017-01-01,2017-03-01
3939,3968,4,2017-01-01,2017-03-01
272,3114,4,2017-01-01,2017-03-01
263,3159,4,2017-01-01,2017-03-01
1498,1865,4,2017-01-01,2017-03-01
215,2563,4,2017-01-01,2017-03-01
1645,2539,4,2017-01-01,2017-03-01
4324,4345,4,2017-01-01,2017-03-01
915,1394,4,2017-01-01,2017-03-01
4464,4465,4,2017-01-01,2017-03-01
2441,3624,4,2017-01-01,2017-03-01
2427,3671,4,2017-01-01,2017-03-01
4010,4384,4,2017-01-01,2017-03-01
1288,2912,4,2017-01-01,2017-03-01
2789,4059,4,2017-01-01,2017-03-01
2325,3536,4,2017-01-01,2017-03-01
941,2221,4,2017-01-01,2017-03-01
2924,3678,4,2017-01-01,2017-03-01
130,3571,4,2017-01-01,2017-03-01
1384,2951,4,2017-01-01,2017-03-01
1398,2212,4,2017-01-01,2017-03-01
256,296,4,2017-01-01,2017-03-01
790,798,4,2017-01-01,2017-03-01
805,845,4,2017-01-01,2017-03-01
945,967,4,2017-01-01,2017-03-01
907,910,4,2017-01-01,2017-03-01
360,1038,4,2017-01-01,2017-03-01
204,230,4,2017-01-01,2017-03-01
360,1026,4,2017-01-01,2017-03-01
395,1051,4,2017-01-01,2017-03-01
1309,1330,4,2017-01-01,2017-03-01
364,704,4,2017-01-01,2017-03-01
392,704,4,2017-01-01,2017-03-01
324,763,4,2017-01-01,2017-03-01
1816,1864,4,2017-01-01,2017-03-01
1973,1988,4,2017-01-01,2017-03-01
1903,1914,4,2017-01-01,2017-03-01
2171,2194,4,2017-01-01,2017-03-01
2109,2169,4,2017-01-01,2017-03-01
2137,2155,4,2017-01-01,2017-03-01
2137,2165,4,2017-01-01,2017-03-01
2137,2179,4,2017-01-01,2017-03-01
2148,2179,4,2017-01-01,2017-03-01
2145,2190,4,2017-01-01,2017-03-01
2169,2181,4,2017-01-01,2017-03-01
2201,2209,4,2017-01-01,2017-03-01
2276,2291,4,2017-01-01,2017-03-01
2428,2482,4,2017-01-01,2017-03-01
3019,3049,4,2017-01-01,2017-03-01
3123,3178,4,2017-01-01,2017-03-01
296,3112,4,2017-01-01,2017-03-01
299,611,4,2017-01-01,2017-03-01
3436,3463,4,2017-01-01,2017-03-01
3410,3463,4,2017-01-01,2017-03-01
1269,1581,4,2017-01-01,2017-03-01
369,1542,4,2017-01-01,2017-03-01
740,3477,4,2017-01-01,2017-03-01
724,3414,4,2017-01-01,2017-03-01
701,3471,4,2017-01-01,2017-03-01
4060,4075,4,2017-01-01,2017-03-01
4011,4060,4,2017-01-01,2017-03-01
4002,4075,4,2017-01-01,2017-03-01
247,3198,4,2017-01-01,2017-03-01
221,603,4,2017-01-01,2017-03-01
490,610,4,2017-01-01,2017-03-01
275,2570,4,2017-01-01,2017-03-01
369,3941,4,2017-01-01,2017-03-01
4370,4383,4,2017-01-01,2017-03-01
994,2906,4,2017-01-01,2017-03-01
4016,4362,4,2017-01-01,2017-03-01
2221,3577,4,2017-01-01,2017-03-01
4401,4460,4,2017-01-01,2017-03-01
4071,4398,4,2017-01-01,2017-03-01
4046,4384,4,2017-01-01,2017-03-01
4060,4346,4,2017-01-01,2017-03-01
4007,4387,4,2017-01-01,2017-03-01
4668,4700,4,2017-01-01,2017-03-01
4668,4682,4,2017-01-01,2017-03-01
4618,4655,4,2017-01-01,2017-03-01
4646,4682,4,2017-01-01,2017-03-01
1465,3152,4,2017-01-01,2017-03-01
1432,1818,4,2017-01-01,2017-03-01
940,3046,4,2017-01-01,2017-03-01
962,2802,4,2017-01-01,2017-03-01
930,4316,4,2017-01-01,2017-03-01
1818,4080,4,2017-01-01,2017-03-01
2405,3554,4,2017-01-01,2017-03-01
130,2222,4,2017-01-01,2017-03-01
923,3698,4,2017-01-01,2017-03-01
2935,3681,4,2017-01-01,2017-03-01
223,254,4,2017-01-01,2017-03-01
291,298,4,2017-01-01,2017-03-01
232,275,4,2017-01-01,2017-03-01
613,638,4,2017-01-01,2017-03-01
610,615,4,2017-01-01,2017-03-01
822,850,4,2017-01-01,2017-03-01
813,822,4,2017-01-01,2017-03-01
309,1057,4,2017-01-01,2017-03-01
791,1095,4,2017-01-01,2017-03-01
328,746,4,2017-01-01,2017-03-01
1625,1674,4,2017-01-01,2017-03-01
1836,1883,4,2017-01-01,2017-03-01
1823,1893,4,2017-01-01,2017-03-01
1955,1972,4,2017-01-01,2017-03-01
1937,1945,4,2017-01-01,2017-03-01
2062,2075,4,2017-01-01,2017-03-01
2062,2072,4,2017-01-01,2017-03-01
2131,2140,4,2017-01-01,2017-03-01
2120,2140,4,2017-01-01,2017-03-01
2182,2189,4,2017-01-01,2017-03-01
2124,2190,4,2017-01-01,2017-03-01
2111,2115,4,2017-01-01,2017-03-01
2129,2140,4,2017-01-01,2017-03-01
2136,2173,4,2017-01-01,2017-03-01
2204,2275,4,2017-01-01,2017-03-01
2288,2291,4,2017-01-01,2017-03-01
3134,3172,4,2017-01-01,2017-03-01
3112,3157,4,2017-01-01,2017-03-01
3205,3230,4,2017-01-01,2017-03-01
3208,3295,4,2017-01-01,2017-03-01
3405,3411,4,2017-01-01,2017-03-01
3477,3479,4,2017-01-01,2017-03-01
3598,3600,4,2017-01-01,2017-03-01
746,3421,4,2017-01-01,2017-03-01
3712,3794,4,2017-01-01,2017-03-01
3775,3776,4,2017-01-01,2017-03-01
3805,3867,4,2017-01-01,2017-03-01
3901,3933,4,2017-01-01,2017-03-01
3949,3967,4,2017-01-01,2017-03-01
4017,4088,4,2017-01-01,2017-03-01
4011,4075,4,2017-01-01,2017-03-01
295,603,4,2017-01-01,2017-03-01
2197,3159,4,2017-01-01,2017-03-01
2152,3122,4,2017-01-01,2017-03-01
230,1087,4,2017-01-01,2017-03-01
4324,4329,4,2017-01-01,2017-03-01
951,2969,4,2017-01-01,2017-03-01
1243,3913,4,2017-01-01,2017-03-01
4414,4484,4,2017-01-01,2017-03-01
4414,4420,4,2017-01-01,2017-03-01
130,3679,4,2017-01-01,2017-03-01
126,3671,4,2017-01-01,2017-03-01
4531,4540,4,2017-01-01,2017-03-01
4615,4672,4,2017-01-01,2017-03-01
4620,4661,4,2017-01-01,2017-03-01
4657,4672,4,2017-01-01,2017-03-01
2509,4656,4,2017-01-01,2017-03-01
1371,4080,4,2017-01-01,2017-03-01
1666,4395,4,2017-01-01,2017-03-01
1482,4009,4,2017-01-01,2017-03-01
1818,4017,4,2017-01-01,2017-03-01
5310,5313,4,2017-01-01,2017-03-01
1358,2335,4,2017-01-01,2017-03-01
3578,3639,4,2017-01-01,2017-03-01
923,3603,4,2017-01-01,2017-03-01
1313,3678,4,2017-01-01,2017-03-01
210,255,4,2017-01-01,2017-03-01
339,347,4,2017-01-01,2017-03-01
407,467,4,2017-01-01,2017-03-01
812,822,4,2017-01-01,2017-03-01
811,847,4,2017-01-01,2017-03-01
223,243,4,2017-01-01,2017-03-01
804,881,4,2017-01-01,2017-03-01
305,1035,4,2017-01-01,2017-03-01
364,764,4,2017-01-01,2017-03-01
392,716,4,2017-01-01,2017-03-01
701,1031,4,2017-01-01,2017-03-01
1805,1836,4,2017-01-01,2017-03-01
1945,1966,4,2017-01-01,2017-03-01
2131,2181,4,2017-01-01,2017-03-01
2129,2135,4,2017-01-01,2017-03-01
2201,2203,4,2017-01-01,2017-03-01
2429,2452,4,2017-01-01,2017-03-01
2464,2492,4,2017-01-01,2017-03-01
2510,2514,4,2017-01-01,2017-03-01
2802,2867,4,2017-01-01,2017-03-01
3137,3192,4,2017-01-01,2017-03-01
205,670,4,2017-01-01,2017-03-01
625,3145,4,2017-01-01,2017-03-01
3476,3479,4,2017-01-01,2017-03-01
1023,3477,4,2017-01-01,2017-03-01
1095,3471,4,2017-01-01,2017-03-01
3831,3865,4,2017-01-01,2017-03-01
3911,3967,4,2017-01-01,2017-03-01
3967,3988,4,2017-01-01,2017-03-01
4052,4078,4,2017-01-01,2017-03-01
4007,4080,4,2017-01-01,2017-03-01
289,2186,4,2017-01-01,2017-03-01
244,2186,4,2017-01-01,2017-03-01
606,2600,4,2017-01-01,2017-03-01
293,2576,4,2017-01-01,2017-03-01
1569,3901,4,2017-01-01,2017-03-01
2245,3561,4,2017-01-01,2017-03-01
1376,2960,4,2017-01-01,2017-03-01
4316,4332,4,2017-01-01,2017-03-01
4305,4371,4,2017-01-01,2017-03-01
915,1323,4,2017-01-01,2017-03-01
2236,3502,4,2017-01-01,2017-03-01
4401,4474,4,2017-01-01,2017-03-01
130,3698,4,2017-01-01,2017-03-01
4029,4346,4,2017-01-01,2017-03-01
4057,4377,4,2017-01-01,2017-03-01
1677,3871,4,2017-01-01,2017-03-01
1444,2776,4,2017-01-01,2017-03-01
204,1844,4,2017-01-01,2017-03-01
1837,2911,4,2017-01-01,2017-03-01
2867,4059,4,2017-01-01,2017-03-01
2969,4339,4,2017-01-01,2017-03-01
2717,4316,4,2017-01-01,2017-03-01
407,4013,4,2017-01-01,2017-03-01
245,278,4,2017-01-01,2017-03-01
833,837,4,2017-01-01,2017-03-01
874,897,4,2017-01-01,2017-03-01
819,843,4,2017-01-01,2017-03-01
843,844,4,2017-01-01,2017-03-01
366,1026,4,2017-01-01,2017-03-01
381,1051,4,2017-01-01,2017-03-01
218,290,4,2017-01-01,2017-03-01
305,1007,4,2017-01-01,2017-03-01
381,719,4,2017-01-01,2017-03-01
758,1002,4,2017-01-01,2017-03-01
392,701,4,2017-01-01,2017-03-01
360,762,4,2017-01-01,2017-03-01
362,746,4,2017-01-01,2017-03-01
1613,1651,4,2017-01-01,2017-03-01
1922,1956,4,2017-01-01,2017-03-01
1902,1966,4,2017-01-01,2017-03-01
2160,2188,4,2017-01-01,2017-03-01
2109,2116,4,2017-01-01,2017-03-01
2116,2134,4,2017-01-01,2017-03-01
2110,2141,4,2017-01-01,2017-03-01
2404,2478,4,2017-01-01,2017-03-01
2830,2877,4,2017-01-01,2017-03-01
3126,3131,4,2017-01-01,2017-03-01
3463,3479,4,2017-01-01,2017-03-01
1271,2627,4,2017-01-01,2017-03-01
1576,2681,4,2017-01-01,2017-03-01
3567,3577,4,2017-01-01,2017-03-01
3645,3681,4,2017-01-01,2017-03-01
740,3436,4,2017-01-01,2017-03-01
1023,3483,4,2017-01-01,2017-03-01
3729,3776,4,2017-01-01,2017-03-01
272,3151,4,2017-01-01,2017-03-01
2539,3180,4,2017-01-01,2017-03-01
3155,3447,4,2017-01-01,2017-03-01
4466,4499,4,2017-01-01,2017-03-01
4469,4499,4,2017-01-01,2017-03-01
4531,4587,4,2017-01-01,2017-03-01
4618,4674,4,2017-01-01,2017-03-01
915,4044,4,2017-01-01,2017-03-01
1484,4025,4,2017-01-01,2017-03-01
928,4388,4,2017-01-01,2017-03-01
928,4309,4,2017-01-01,2017-03-01
1314,4083,4,2017-01-01,2017-03-01
1666,4052,4,2017-01-01,2017-03-01
1666,4080,4,2017-01-01,2017-03-01
1464,4353,4,2017-01-01,2017-03-01
1482,4042,4,2017-01-01,2017-03-01
3524,4418,4,2017-01-01,2017-03-01
941,2498,4,2017-01-01,2017-03-01
988,3578,4,2017-01-01,2017-03-01
2935,3540,4,2017-01-01,2017-03-01
1313,3571,4,2017-01-01,2017-03-01
260,278,4,2017-01-01,2017-03-01
266,276,4,2017-01-01,2017-03-01
624,688,4,2017-01-01,2017-03-01
510,521,4,2017-01-01,2017-03-01
607,693,4,2017-01-01,2017-03-01
308,1013,4,2017-01-01,2017-03-01
341,1057,4,2017-01-01,2017-03-01
374,762,4,2017-01-01,2017-03-01
324,740,4,2017-01-01,2017-03-01
360,716,4,2017-01-01,2017-03-01
764,1095,4,2017-01-01,2017-03-01
1855,1893,4,2017-01-01,2017-03-01
1951,1993,4,2017-01-01,2017-03-01
2036,2093,4,2017-01-01,2017-03-01
2001,2072,4,2017-01-01,2017-03-01
2160,2189,4,2017-01-01,2017-03-01
2160,2179,4,2017-01-01,2017-03-01
2122,2173,4,2017-01-01,2017-03-01
2145,2158,4,2017-01-01,2017-03-01
2225,2281,4,2017-01-01,2017-03-01
2235,2288,4,2017-01-01,2017-03-01
2404,2484,4,2017-01-01,2017-03-01
682,3141,4,2017-01-01,2017-03-01
658,3117,4,2017-01-01,2017-03-01
256,607,4,2017-01-01,2017-03-01
212,3104,4,2017-01-01,2017-03-01
1014,1542,4,2017-01-01,2017-03-01
1287,1561,4,2017-01-01,2017-03-01
3712,3776,4,2017-01-01,2017-03-01
4051,4069,4,2017-01-01,2017-03-01
4029,4042,4,2017-01-01,2017-03-01
4037,4044,4,2017-01-01,2017-03-01
289,2175,4,2017-01-01,2017-03-01
247,2186,4,2017-01-01,2017-03-01
218,609,4,2017-01-01,2017-03-01
263,3188,4,2017-01-01,2017-03-01
490,2510,4,2017-01-01,2017-03-01
1693,2531,4,2017-01-01,2017-03-01
913,1322,4,2017-01-01,2017-03-01
4013,4362,4,2017-01-01,2017-03-01
4474,4475,4,2017-01-01,2017-03-01
2467,3679,4,2017-01-01,2017-03-01
4575,4595,4,2017-01-01,2017-03-01
1482,3152,4,2017-01-01,2017-03-01
1315,2754,4,2017-01-01,2017-03-01
993,1837,4,2017-01-01,2017-03-01
2867,4388,4,2017-01-01,2017-03-01
2959,4395,4,2017-01-01,2017-03-01
930,4012,4,2017-01-01,2017-03-01
5136,5186,4,2017-01-01,2017-03-01
2951,3698,4,2017-01-01,2017-03-01
1358,3675,4,2017-01-01,2017-03-01
2325,2928,4,2017-01-01,2017-03-01
2222,2467,4,2017-01-01,2017-03-01
923,2441,4,2017-01-01,2017-03-01
923,2951,4,2017-01-01,2017-03-01
416,456,4,2017-01-01,2017-03-01
848,849,4,2017-01-01,2017-03-01
884,899,4,2017-01-01,2017-03-01
1011,1019,4,2017-01-01,2017-03-01
330,1038,4,2017-01-01,2017-03-01
315,1043,4,2017-01-01,2017-03-01
392,1007,4,2017-01-01,2017-03-01
762,1095,4,2017-01-01,2017-03-01
762,1001,4,2017-01-01,2017-03-01
795,1021,4,2017-01-01,2017-03-01
1823,1877,4,2017-01-01,2017-03-01
1842,1891,4,2017-01-01,2017-03-01
1830,1864,4,2017-01-01,2017-03-01
1904,1997,4,2017-01-01,2017-03-01
1951,1954,4,2017-01-01,2017-03-01
1951,1961,4,2017-01-01,2017-03-01
2142,2185,4,2017-01-01,2017-03-01
2130,2155,4,2017-01-01,2017-03-01
2116,2165,4,2017-01-01,2017-03-01
2145,2179,4,2017-01-01,2017-03-01
2225,2247,4,2017-01-01,2017-03-01
3015,3046,4,2017-01-01,2017-03-01
3011,3039,4,2017-01-01,2017-03-01
3413,3493,4,2017-01-01,2017-03-01
1598,2608,4,2017-01-01,2017-03-01
3532,3593,4,2017-01-01,2017-03-01
3567,3571,4,2017-01-01,2017-03-01
648,3119,4,2017-01-01,2017-03-01
751,3436,4,2017-01-01,2017-03-01
3791,3794,4,2017-01-01,2017-03-01
3933,3989,4,2017-01-01,2017-03-01
3921,3932,4,2017-01-01,2017-03-01
4019,4040,4,2017-01-01,2017-03-01
4007,4066,4,2017-01-01,2017-03-01
289,3193,4,2017-01-01,2017-03-01
292,3198,4,2017-01-01,2017-03-01
4366,4397,4,2017-01-01,2017-03-01
1503,3104,4,2017-01-01,2017-03-01
4460,4464,4,2017-01-01,2017-03-01
4665,4695,4,2017-01-01,2017-03-01
4672,4685,4,2017-01-01,2017-03-01
4645,4695,4,2017-01-01,2017-03-01
4650,4657,4,2017-01-01,2017-03-01
4661,4686,4,2017-01-01,2017-03-01
437,1482,4,2017-01-01,2017-03-01
1464,2776,4,2017-01-01,2017-03-01
915,4373,4,2017-01-01,2017-03-01
2717,4080,4,2017-01-01,2017-03-01
2783,4399,4,2017-01-01,2017-03-01
1482,4373,4,2017-01-01,2017-03-01
920,2498,4,2017-01-01,2017-03-01
1330,2901,4,2017-01-01,2017-03-01
941,1330,4,2017-01-01,2017-03-01
130,2263,4,2017-01-01,2017-03-01
126,1330,4,2017-01-01,2017-03-01
618,631,4,2017-01-01,2017-03-01
618,666,4,2017-01-01,2017-03-01
790,796,4,2017-01-01,2017-03-01
801,845,4,2017-01-01,2017-03-01
385,1038,4,2017-01-01,2017-03-01
378,1072,4,2017-01-01,2017-03-01
1292,1299,4,2017-01-01,2017-03-01
364,791,4,2017-01-01,2017-03-01
381,774,4,2017-01-01,2017-03-01
766,1056,4,2017-01-01,2017-03-01
730,1001,4,2017-01-01,2017-03-01
355,740,4,2017-01-01,2017-03-01
1807,1827,4,2017-01-01,2017-03-01
2179,2181,4,2017-01-01,2017-03-01
2120,2187,4,2017-01-01,2017-03-01
2158,2165,4,2017-01-01,2017-03-01
2271,2276,4,2017-01-01,2017-03-01
2235,2247,4,2017-01-01,2017-03-01
2447,2496,4,2017-01-01,2017-03-01
3120,3141,4,2017-01-01,2017-03-01
208,607,4,2017-01-01,2017-03-01
3439,3440,4,2017-01-01,2017-03-01
1066,1587,4,2017-01-01,2017-03-01
1228,2674,4,2017-01-01,2017-03-01
763,3471,4,2017-01-01,2017-03-01
3809,3881,4,2017-01-01,2017-03-01
4066,4075,4,2017-01-01,2017-03-01
247,3193,4,2017-01-01,2017-03-01
247,3159,4,2017-01-01,2017-03-01
650,2600,4,2017-01-01,2017-03-01
1645,2573,4,2017-01-01,2017-03-01
2531,3123,4,2017-01-01,2017-03-01
1223,3941,4,2017-01-01,2017-03-01
1228,3930,4,2017-01-01,2017-03-01
1269,3974,4,2017-01-01,2017-03-01
1293,2576,4,2017-01-01,2017-03-01
4332,4380,4,2017-01-01,2017-03-01
2279,3536,4,2017-01-01,2017-03-01
4420,4465,4,2017-01-01,2017-03-01
4546,4551,4,2017-01-01,2017-03-01
4607,4618,4,2017-01-01,2017-03-01
1464,4080,4,2017-01-01,2017-03-01
1818,4395,4,2017-01-01,2017-03-01
5119,5146,4,2017-01-01,2017-03-01
3589,3681,4,2017-01-01,2017-03-01
1358,2977,4,2017-01-01,2017-03-01
912,2932,4,2017-01-01,2017-03-01
2437,2977,4,2017-01-01,2017-03-01
1343,3648,4,2017-01-01,2017-03-01
126,135,4,2017-01-01,2017-03-01
234,269,4,2017-01-01,2017-03-01
337,352,4,2017-01-01,2017-03-01
723,769,4,2017-01-01,2017-03-01
844,899,4,2017-01-01,2017-03-01
801,899,4,2017-01-01,2017-03-01
381,1013,4,2017-01-01,2017-03-01
1236,1252,4,2017-01-01,2017-03-01
1347,1387,4,2017-01-01,2017-03-01
316,1085,4,2017-01-01,2017-03-01
305,1029,4,2017-01-01,2017-03-01
334,1073,4,2017-01-01,2017-03-01
376,1023,4,2017-01-01,2017-03-01
354,701,4,2017-01-01,2017-03-01
1855,1883,4,2017-01-01,2017-03-01
1873,1886,4,2017-01-01,2017-03-01
2144,2163,4,2017-01-01,2017-03-01
2172,2192,4,2017-01-01,2017-03-01
2168,2182,4,2017-01-01,2017-03-01
2104,2132,4,2017-01-01,2017-03-01
2156,2174,4,2017-01-01,2017-03-01
2154,2190,4,2017-01-01,2017-03-01
2110,2185,4,2017-01-01,2017-03-01
2206,2300,4,2017-01-01,2017-03-01
2203,2238,4,2017-01-01,2017-03-01
3178,3192,4,2017-01-01,2017-03-01
215,3192,4,2017-01-01,2017-03-01
1236,1509,4,2017-01-01,2017-03-01
3532,3552,4,2017-01-01,2017-03-01
760,3414,4,2017-01-01,2017-03-01
3806,3858,4,2017-01-01,2017-03-01
3932,3990,4,2017-01-01,2017-03-01
3914,3941,4,2017-01-01,2017-03-01
286,690,4,2017-01-01,2017-03-01
1828,2767,4,2017-01-01,2017-03-01
1828,2728,4,2017-01-01,2017-03-01
684,2531,4,2017-01-01,2017-03-01
1508,2685,4,2017-01-01,2017-03-01
1066,3931,4,2017-01-01,2017-03-01
913,1391,4,2017-01-01,2017-03-01
4092,4359,4,2017-01-01,2017-03-01
4084,4361,4,2017-01-01,2017-03-01
4040,4321,4,2017-01-01,2017-03-01
4657,4686,4,2017-01-01,2017-03-01
1422,2717,4,2017-01-01,2017-03-01
993,1082,4,2017-01-01,2017-03-01
1659,4670,4,2017-01-01,2017-03-01
975,4053,4,2017-01-01,2017-03-01
2717,4011,4,2017-01-01,2017-03-01
2783,4017,4,2017-01-01,2017-03-01
2511,4339,4,2017-01-01,2017-03-01
3561,4415,4,2017-01-01,2017-03-01
1387,3536,4,2017-01-01,2017-03-01
2221,3635,4,2017-01-01,2017-03-01
920,2222,4,2017-01-01,2017-03-01
2924,3536,4,2017-01-01,2017-03-01
2263,2458,4,2017-01-01,2017-03-01
1384,2273,4,2017-01-01,2017-03-01
2901,3654,4,2017-01-01,2017-03-01
1398,3537,4,2017-01-01,2017-03-01
167,199,4,2017-01-01,2017-03-01
776,777,4,2017-01-01,2017-03-01
852,897,4,2017-01-01,2017-03-01
905,907,4,2017-01-01,2017-03-01
315,1021,4,2017-01-01,2017-03-01
309,1053,4,2017-01-01,2017-03-01
1848,1897,4,2017-01-01,2017-03-01
1853,1864,4,2017-01-01,2017-03-01
1973,1991,4,2017-01-01,2017-03-01
1946,1957,4,2017-01-01,2017-03-01
1984,1986,4,2017-01-01,2017-03-01
1957,1976,4,2017-01-01,2017-03-01
1917,1966,4,2017-01-01,2017-03-01
2038,2062,4,2017-01-01,2017-03-01
2124,2189,4,2017-01-01,2017-03-01
2109,2154,4,2017-01-01,2017-03-01
2104,2151,4,2017-01-01,2017-03-01
2204,2250,4,2017-01-01,2017-03-01
2264,2300,4,2017-01-01,2017-03-01
2404,2460,4,2017-01-01,2017-03-01
2901,2996,4,2017-01-01,2017-03-01
3011,3076,4,2017-01-01,2017-03-01
3167,3172,4,2017-01-01,2017-03-01
3157,3162,4,2017-01-01,2017-03-01
226,650,4,2017-01-01,2017-03-01
280,607,4,2017-01-01,2017-03-01
1092,2627,4,2017-01-01,2017-03-01
364,3477,4,2017-01-01,2017-03-01
763,3491,4,2017-01-01,2017-03-01
3787,3794,4,2017-01-01,2017-03-01
3911,3990,4,2017-01-01,2017-03-01
3929,3990,4,2017-01-01,2017-03-01
3959,3971,4,2017-01-01,2017-03-01
247,2152,4,2017-01-01,2017-03-01
244,3182,4,2017-01-01,2017-03-01
263,2186,4,2017-01-01,2017-03-01
1884,2773,4,2017-01-01,2017-03-01
610,2560,4,2017-01-01,2017-03-01
1693,2570,4,2017-01-01,2017-03-01
2285,3582,4,2017-01-01,2017-03-01
1263,2842,4,2017-01-01,2017-03-01
4320,4329,4,2017-01-01,2017-03-01
4305,4388,4,2017-01-01,2017-03-01
951,1314,4,2017-01-01,2017-03-01
933,1371,4,2017-01-01,2017-03-01
211,1014,4,2017-01-01,2017-03-01
2284,3502,4,2017-01-01,2017-03-01
4020,4321,4,2017-01-01,2017-03-01
4084,4384,4,2017-01-01,2017-03-01
3815,4516,4,2017-01-01,2017-03-01
4615,4650,4,2017-01-01,2017-03-01
4630,4673,4,2017-01-01,2017-03-01
4618,4628,4,2017-01-01,2017-03-01
4667,4686,4,2017-01-01,2017-03-01
1696,2776,4,2017-01-01,2017-03-01
1337,4012,4,2017-01-01,2017-03-01
1666,4066,4,2017-01-01,2017-03-01
1818,4339,4,2017-01-01,2017-03-01
2233,4415,4,2017-01-01,2017-03-01
5146,5152,4,2017-01-01,2017-03-01
5358,5390,4,2017-01-01,2017-03-01
2951,3679,4,2017-01-01,2017-03-01
2273,3648,4,2017-01-01,2017-03-01
2212,3698,4,2017-01-01,2017-03-01
1134,1197,4,2017-01-01,2017-03-01
605,670,4,2017-01-01,2017-03-01
607,645,4,2017-01-01,2017-03-01
354,766,4,2017-01-01,2017-03-01
309,786,4,2017-01-01,2017-03-01
706,1023,4,2017-01-01,2017-03-01
324,772,4,2017-01-01,2017-03-01
1842,1868,4,2017-01-01,2017-03-01
1962,1997,4,2017-01-01,2017-03-01
1973,1989,4,2017-01-01,2017-03-01
1956,1991,4,2017-01-01,2017-03-01
1945,1960,4,2017-01-01,2017-03-01
1902,1989,4,2017-01-01,2017-03-01
2140,2168,4,2017-01-01,2017-03-01
2158,2190,4,2017-01-01,2017-03-01
2111,2162,4,2017-01-01,2017-03-01
2109,2129,4,2017-01-01,2017-03-01
2133,2196,4,2017-01-01,2017-03-01
2148,2188,4,2017-01-01,2017-03-01
2141,2158,4,2017-01-01,2017-03-01
2107,2158,4,2017-01-01,2017-03-01
2262,2276,4,2017-01-01,2017-03-01
2290,2300,4,2017-01-01,2017-03-01
2460,2469,4,2017-01-01,2017-03-01
2462,2478,4,2017-01-01,2017-03-01
3015,3077,4,2017-01-01,2017-03-01
430,1625,4,2017-01-01,2017-03-01
646,3112,4,2017-01-01,2017-03-01
3475,3476,4,2017-01-01,2017-03-01
3438,3451,4,2017-01-01,2017-03-01
3439,3490,4,2017-01-01,2017-03-01
1228,2699,4,2017-01-01,2017-03-01
1228,1503,4,2017-01-01,2017-03-01
3561,3579,4,2017-01-01,2017-03-01
694,2187,4,2017-01-01,2017-03-01
1023,3490,4,2017-01-01,2017-03-01
3717,3776,4,2017-01-01,2017-03-01
3801,3849,4,2017-01-01,2017-03-01
4013,4069,4,2017-01-01,2017-03-01
4002,4078,4,2017-01-01,2017-03-01
4035,4088,4,2017-01-01,2017-03-01
263,3193,4,2017-01-01,2017-03-01
650,2522,4,2017-01-01,2017-03-01
274,2522,4,2017-01-01,2017-03-01
358,467,4,2017-01-01,2017-03-01
264,1677,4,2017-01-01,2017-03-01
1587,3908,4,2017-01-01,2017-03-01
1561,3916,4,2017-01-01,2017-03-01
2240,3548,4,2017-01-01,2017-03-01
4335,4397,4,2017-01-01,2017-03-01
4320,4359,4,2017-01-01,2017-03-01
4305,4309,4,2017-01-01,2017-03-01
1243,2699,4,2017-01-01,2017-03-01
4429,4452,4,2017-01-01,2017-03-01
4429,4496,4,2017-01-01,2017-03-01
2498,3679,4,2017-01-01,2017-03-01
130,2405,4,2017-01-01,2017-03-01
4583,4595,4,2017-01-01,2017-03-01
4534,4569,4,2017-01-01,2017-03-01
4029,4371,4,2017-01-01,2017-03-01
4618,4630,4,2017-01-01,2017-03-01
1248,2867,4,2017-01-01,2017-03-01
437,2717,4,2017-01-01,2017-03-01
2509,4665,4,2017-01-01,2017-03-01
1484,4395,4,2017-01-01,2017-03-01
2959,4399,4,2017-01-01,2017-03-01
2939,4080,4,2017-01-01,2017-03-01
2951,3537,4,2017-01-01,2017-03-01
3589,3603,4,2017-01-01,2017-03-01
2467,3536,4,2017-01-01,2017-03-01
130,1387,4,2017-01-01,2017-03-01
2901,3639,4,2017-01-01,2017-03-01
177,187,4,2017-01-01,2017-03-01
625,657,4,2017-01-01,2017-03-01
822,895,4,2017-01-01,2017-03-01
366,1044,4,2017-01-01,2017-03-01
385,1023,4,2017-01-01,2017-03-01
378,1056,4,2017-01-01,2017-03-01
1236,1295,4,2017-01-01,2017-03-01
1427,1498,4,2017-01-01,2017-03-01
308,1031,4,2017-01-01,2017-03-01
1205,1273,4,2017-01-01,2017-03-01
368,709,4,2017-01-01,2017-03-01
709,1031,4,2017-01-01,2017-03-01
773,1002,4,2017-01-01,2017-03-01
1602,1635,4,2017-01-01,2017-03-01
1848,1877,4,2017-01-01,2017-03-01
1967,1987,4,2017-01-01,2017-03-01
1913,1989,4,2017-01-01,2017-03-01
2131,2189,4,2017-01-01,2017-03-01
2142,2144,4,2017-01-01,2017-03-01
2162,2163,4,2017-01-01,2017-03-01
2114,2120,4,2017-01-01,2017-03-01
2129,2158,4,2017-01-01,2017-03-01
2129,2179,4,2017-01-01,2017-03-01
2169,2173,4,2017-01-01,2017-03-01
2213,2274,4,2017-01-01,2017-03-01
2728,2742,4,2017-01-01,2017-03-01
2809,2822,4,2017-01-01,2017-03-01
3153,3183,4,2017-01-01,2017-03-01
226,3157,4,2017-01-01,2017-03-01
3463,3493,4,2017-01-01,2017-03-01
3439,3471,4,2017-01-01,2017-03-01
2181,3108,4,2017-01-01,2017-03-01
3908,3980,4,2017-01-01,2017-03-01
4042,4051,4,2017-01-01,2017-03-01
4009,4075,4,2017-01-01,2017-03-01
221,2199,4,2017-01-01,2017-03-01
4332,4346,4,2017-01-01,2017-03-01
2263,3563,4,2017-01-01,2017-03-01
4414,4493,4,2017-01-01,2017-03-01
2441,3675,4,2017-01-01,2017-03-01
4534,4590,4,2017-01-01,2017-03-01
4022,4384,4,2017-01-01,2017-03-01
4645,4665,4,2017-01-01,2017-03-01
4655,4665,4,2017-01-01,2017-03-01
915,4399,4,2017-01-01,2017-03-01
928,4353,4,2017-01-01,2017-03-01
1696,4011,4,2017-01-01,2017-03-01
407,4364,4,2017-01-01,2017-03-01
912,3547,4,2017-01-01,2017-03-01
1347,2273,4,2017-01-01,2017-03-01
126,2255,4,2017-01-01,2017-03-01
923,2223,4,2017-01-01,2017-03-01
219,239,4,2017-01-01,2017-03-01
217,239,4,2017-01-01,2017-03-01
609,649,4,2017-01-01,2017-03-01
804,845,4,2017-01-01,2017-03-01
376,1001,4,2017-01-01,2017-03-01
727,1002,4,2017-01-01,2017-03-01
334,763,4,2017-01-01,2017-03-01
1962,1966,4,2017-01-01,2017-03-01
1951,1986,4,2017-01-01,2017-03-01
1974,1987,4,2017-01-01,2017-03-01
1918,1999,4,2017-01-01,2017-03-01
2119,2181,4,2017-01-01,2017-03-01
2107,2134,4,2017-01-01,2017-03-01
2136,2188,4,2017-01-01,2017-03-01
2241,2261,4,2017-01-01,2017-03-01
2436,2478,4,2017-01-01,2017-03-01
3021,3063,4,2017-01-01,2017-03-01
398,1625,4,2017-01-01,2017-03-01
274,3192,4,2017-01-01,2017-03-01
254,3137,4,2017-01-01,2017-03-01
3463,3476,4,2017-01-01,2017-03-01
3428,3486,4,2017-01-01,2017-03-01
724,3490,4,2017-01-01,2017-03-01
701,3410,4,2017-01-01,2017-03-01
1023,3471,4,2017-01-01,2017-03-01
772,3461,4,2017-01-01,2017-03-01
3756,3775,4,2017-01-01,2017-03-01
3929,3939,4,2017-01-01,2017-03-01
4035,4090,4,2017-01-01,2017-03-01
690,3167,4,2017-01-01,2017-03-01
221,2152,4,2017-01-01,2017-03-01
1498,1884,4,2017-01-01,2017-03-01
443,3180,4,2017-01-01,2017-03-01
1693,2560,4,2017-01-01,2017-03-01
1645,2531,4,2017-01-01,2017-03-01
1561,3904,4,2017-01-01,2017-03-01
1322,2959,4,2017-01-01,2017-03-01
951,1323,4,2017-01-01,2017-03-01
901,2941,4,2017-01-01,2017-03-01
4473,4496,4,2017-01-01,2017-03-01
2405,3654,4,2017-01-01,2017-03-01
4531,4564,4,2017-01-01,2017-03-01
3839,4516,4,2017-01-01,2017-03-01
4630,4646,4,2017-01-01,2017-03-01
4667,4680,4,2017-01-01,2017-03-01
915,4083,4,2017-01-01,2017-03-01
920,1330,4,2017-01-01,2017-03-01
2965,3509,4,2017-01-01,2017-03-01
2928,3536,4,2017-01-01,2017-03-01
670,680,4,2017-01-01,2017-03-01
645,670,4,2017-01-01,2017-03-01
843,862,4,2017-01-01,2017-03-01
1063,1066,4,2017-01-01,2017-03-01
823,891,4,2017-01-01,2017-03-01
1212,1228,4,2017-01-01,2017-03-01
721,1073,4,2017-01-01,2017-03-01
768,1001,4,2017-01-01,2017-03-01
360,763,4,2017-01-01,2017-03-01
1904,1945,4,2017-01-01,2017-03-01
1946,1961,4,2017-01-01,2017-03-01
1933,1962,4,2017-01-01,2017-03-01
2119,2130,4,2017-01-01,2017-03-01
2137,2189,4,2017-01-01,2017-03-01
2129,2131,4,2017-01-01,2017-03-01
2209,2220,4,2017-01-01,2017-03-01
2249,2264,4,2017-01-01,2017-03-01
2328,2378,4,2017-01-01,2017-03-01
2460,2462,4,2017-01-01,2017-03-01
2464,2469,4,2017-01-01,2017-03-01
2430,2436,4,2017-01-01,2017-03-01
2754,2784,4,2017-01-01,2017-03-01
435,1250,4,2017-01-01,2017-03-01
3155,3167,4,2017-01-01,2017-03-01
276,650,4,2017-01-01,2017-03-01
3924,3980,4,2017-01-01,2017-03-01
3949,3968,4,2017-01-01,2017-03-01
3990,3994,4,2017-01-01,2017-03-01
4002,4051,4,2017-01-01,2017-03-01
295,3198,4,2017-01-01,2017-03-01
289,2178,4,2017-01-01,2017-03-01
2197,3193,4,2017-01-01,2017-03-01
244,690,4,2017-01-01,2017-03-01
218,3182,4,2017-01-01,2017-03-01
443,2600,4,2017-01-01,2017-03-01
2567,3180,4,2017-01-01,2017-03-01
2550,3173,4,2017-01-01,2017-03-01
926,1307,4,2017-01-01,2017-03-01
4338,4350,4,2017-01-01,2017-03-01
4088,4362,4,2017-01-01,2017-03-01
4611,4695,4,2017-01-01,2017-03-01
4667,4677,4,2017-01-01,2017-03-01
2783,4016,4,2017-01-01,2017-03-01
2511,4017,4,2017-01-01,2017-03-01
2221,2977,4,2017-01-01,2017-03-01
130,2255,4,2017-01-01,2017-03-01
1384,2334,4,2017-01-01,2017-03-01
2910,3578,4,2017-01-01,2017-03-01
409,442,4,2017-01-01,2017-03-01
629,633,4,2017-01-01,2017-03-01
611,680,4,2017-01-01,2017-03-01
677,684,4,2017-01-01,2017-03-01
849,851,4,2017-01-01,2017-03-01
918,962,4,2017-01-01,2017-03-01
1149,1197,4,2017-01-01,2017-03-01
605,622,4,2017-01-01,2017-03-01
334,1038,4,2017-01-01,2017-03-01
1401,1472,4,2017-01-01,2017-03-01
328,760,4,2017-01-01,2017-03-01
334,751,4,2017-01-01,2017-03-01
1805,1823,4,2017-01-01,2017-03-01
1966,1991,4,2017-01-01,2017-03-01
1969,1984,4,2017-01-01,2017-03-01
1946,1954,4,2017-01-01,2017-03-01
1903,1961,4,2017-01-01,2017-03-01
2126,2154,4,2017-01-01,2017-03-01
2135,2173,4,2017-01-01,2017-03-01
2135,2189,4,2017-01-01,2017-03-01
2122,2134,4,2017-01-01,2017-03-01
2155,2160,4,2017-01-01,2017-03-01
2137,2181,4,2017-01-01,2017-03-01
2261,2276,4,2017-01-01,2017-03-01
2202,2209,4,2017-01-01,2017-03-01
2204,2238,4,2017-01-01,2017-03-01
2207,2268,4,2017-01-01,2017-03-01
2438,2492,4,2017-01-01,2017-03-01
2514,2539,4,2017-01-01,2017-03-01
2554,2576,4,2017-01-01,2017-03-01
3005,3024,4,2017-01-01,2017-03-01
3116,3120,4,2017-01-01,2017-03-01
3157,3186,4,2017-01-01,2017-03-01
638,3141,4,2017-01-01,2017-03-01
3438,3476,4,2017-01-01,2017-03-01
3411,3491,4,2017-01-01,2017-03-01
1506,2697,4,2017-01-01,2017-03-01
3553,3598,4,2017-01-01,2017-03-01
3959,3994,4,2017-01-01,2017-03-01
4012,4060,4,2017-01-01,2017-03-01
4011,4051,4,2017-01-01,2017-03-01
4058,4068,4,2017-01-01,2017-03-01
4016,4035,4,2017-01-01,2017-03-01
2178,3195,4,2017-01-01,2017-03-01
247,3167,4,2017-01-01,2017-03-01
609,3114,4,2017-01-01,2017-03-01
1498,2773,4,2017-01-01,2017-03-01
2285,3518,4,2017-01-01,2017-03-01
4347,4350,4,2017-01-01,2017-03-01
4309,4336,4,2017-01-01,2017-03-01
4338,4397,4,2017-01-01,2017-03-01
4387,4395,4,2017-01-01,2017-03-01
913,1369,4,2017-01-01,2017-03-01
951,1369,4,2017-01-01,2017-03-01
2279,3502,4,2017-01-01,2017-03-01
2293,3571,4,2017-01-01,2017-03-01
4449,4465,4,2017-01-01,2017-03-01
4420,4484,4,2017-01-01,2017-03-01
4474,4488,4,2017-01-01,2017-03-01
141,2467,4,2017-01-01,2017-03-01
2458,3648,4,2017-01-01,2017-03-01
994,2758,4,2017-01-01,2017-03-01
1813,2905,4,2017-01-01,2017-03-01
1659,4640,4,2017-01-01,2017-03-01
1484,4083,4,2017-01-01,2017-03-01
1314,4044,4,2017-01-01,2017-03-01
1387,2437,4,2017-01-01,2017-03-01
941,3547,4,2017-01-01,2017-03-01
1384,2279,4,2017-01-01,2017-03-01
2935,3603,4,2017-01-01,2017-03-01
2910,3678,4,2017-01-01,2017-03-01
1398,3540,4,2017-01-01,2017-03-01
2295,2951,4,2017-01-01,2017-03-01
118,169,4,2017-01-01,2017-03-01
210,293,4,2017-01-01,2017-03-01
812,888,4,2017-01-01,2017-03-01
837,888,4,2017-01-01,2017-03-01
324,1051,4,2017-01-01,2017-03-01
797,1095,4,2017-01-01,2017-03-01
355,752,4,2017-01-01,2017-03-01
1904,1966,4,2017-01-01,2017-03-01
1922,1966,4,2017-01-01,2017-03-01
2131,2142,4,2017-01-01,2017-03-01
2115,2189,4,2017-01-01,2017-03-01
2115,2158,4,2017-01-01,2017-03-01
2146,2159,4,2017-01-01,2017-03-01
2130,2136,4,2017-01-01,2017-03-01
2114,2160,4,2017-01-01,2017-03-01
2134,2173,4,2017-01-01,2017-03-01
2129,2168,4,2017-01-01,2017-03-01
2204,2232,4,2017-01-01,2017-03-01
2268,2291,4,2017-01-01,2017-03-01
3065,3089,4,2017-01-01,2017-03-01
226,3123,4,2017-01-01,2017-03-01
248,670,4,2017-01-01,2017-03-01
3436,3476,4,2017-01-01,2017-03-01
3438,3493,4,2017-01-01,2017-03-01
3405,3476,4,2017-01-01,2017-03-01
3410,3446,4,2017-01-01,2017-03-01
4007,4013,4,2017-01-01,2017-03-01
4053,4063,4,2017-01-01,2017-03-01
272,3195,4,2017-01-01,2017-03-01
244,2199,4,2017-01-01,2017-03-01
246,3193,4,2017-01-01,2017-03-01
255,2586,4,2017-01-01,2017-03-01
1598,3974,4,2017-01-01,2017-03-01
1581,3966,4,2017-01-01,2017-03-01
2233,3600,4,2017-01-01,2017-03-01
2299,3524,4,2017-01-01,2017-03-01
4318,4320,4,2017-01-01,2017-03-01
4320,4396,4,2017-01-01,2017-03-01
975,1367,4,2017-01-01,2017-03-01
2212,3536,4,2017-01-01,2017-03-01
2223,3577,4,2017-01-01,2017-03-01
2295,3571,4,2017-01-01,2017-03-01
4420,4451,4,2017-01-01,2017-03-01
4451,4464,4,2017-01-01,2017-03-01
4650,4667,4,2017-01-01,2017-03-01
1432,2758,4,2017-01-01,2017-03-01
1332,1837,4,2017-01-01,2017-03-01
2789,4080,4,2017-01-01,2017-03-01
2959,4316,4,2017-01-01,2017-03-01
1696,4373,4,2017-01-01,2017-03-01
2511,4399,4,2017-01-01,2017-03-01
5154,5193,4,2017-01-01,2017-03-01
2221,2325,4,2017-01-01,2017-03-01
2279,2334,4,2017-01-01,2017-03-01
988,1321,4,2017-01-01,2017-03-01
2437,2924,4,2017-01-01,2017-03-01
923,2935,4,2017-01-01,2017-03-01
1398,3509,4,2017-01-01,2017-03-01
286,290,4,2017-01-01,2017-03-01
650,680,4,2017-01-01,2017-03-01
634,687,4,2017-01-01,2017-03-01
822,859,4,2017-01-01,2017-03-01
802,867,4,2017-01-01,2017-03-01
888,899,4,2017-01-01,2017-03-01
1205,1250,4,2017-01-01,2017-03-01
1210,1233,4,2017-01-01,2017-03-01
381,731,4,2017-01-01,2017-03-01
1867,1891,4,2017-01-01,2017-03-01
1961,1971,4,2017-01-01,2017-03-01
1941,1945,4,2017-01-01,2017-03-01
1913,1937,4,2017-01-01,2017-03-01
2226,2300,4,2017-01-01,2017-03-01
2206,2225,4,2017-01-01,2017-03-01
2225,2300,4,2017-01-01,2017-03-01
2203,2209,4,2017-01-01,2017-03-01
2484,2492,4,2017-01-01,2017-03-01
2965,2977,4,2017-01-01,2017-03-01
391,401,4,2017-01-01,2017-03-01
3155,3174,4,2017-01-01,2017-03-01
3117,3123,4,2017-01-01,2017-03-01
3204,3249,4,2017-01-01,2017-03-01
299,624,4,2017-01-01,2017-03-01
622,3180,4,2017-01-01,2017-03-01
234,3109,4,2017-01-01,2017-03-01
3412,3468,4,2017-01-01,2017-03-01
620,3161,4,2017-01-01,2017-03-01
716,3477,4,2017-01-01,2017-03-01
3702,3719,4,2017-01-01,2017-03-01
3968,3988,4,2017-01-01,2017-03-01
4020,4087,4,2017-01-01,2017-03-01
4012,4037,4,2017-01-01,2017-03-01
4009,4063,4,2017-01-01,2017-03-01
679,2178,4,2017-01-01,2017-03-01
293,2600,4,2017-01-01,2017-03-01
3172,3447,4,2017-01-01,2017-03-01
4305,4387,4,2017-01-01,2017-03-01
1322,2906,4,2017-01-01,2017-03-01
1243,2674,4,2017-01-01,2017-03-01
868,3702,4,2017-01-01,2017-03-01
4469,4473,4,2017-01-01,2017-03-01
4092,4377,4,2017-01-01,2017-03-01
4010,4321,4,2017-01-01,2017-03-01
4657,4680,4,2017-01-01,2017-03-01
945,3046,4,2017-01-01,2017-03-01
910,2769,4,2017-01-01,2017-03-01
1371,4316,4,2017-01-01,2017-03-01
1696,4309,4,2017-01-01,2017-03-01
3561,4407,4,2017-01-01,2017-03-01
2458,3547,4,2017-01-01,2017-03-01
946,2405,4,2017-01-01,2017-03-01
2221,2924,4,2017-01-01,2017-03-01
1347,2223,4,2017-01-01,2017-03-01
2223,3698,4,2017-01-01,2017-03-01
2223,2441,4,2017-01-01,2017-03-01
988,2901,4,2017-01-01,2017-03-01
1343,2273,4,2017-01-01,2017-03-01
141,2279,4,2017-01-01,2017-03-01
568,574,4,2017-01-01,2017-03-01
650,688,4,2017-01-01,2017-03-01
843,845,4,2017-01-01,2017-03-01
382,1001,4,2017-01-01,2017-03-01
833,899,4,2017-01-01,2017-03-01
837,848,4,2017-01-01,2017-03-01
341,1038,4,2017-01-01,2017-03-01
334,1072,4,2017-01-01,2017-03-01
1827,1883,4,2017-01-01,2017-03-01
1805,1848,4,2017-01-01,2017-03-01
1960,1989,4,2017-01-01,2017-03-01
1904,1937,4,2017-01-01,2017-03-01
1905,1976,4,2017-01-01,2017-03-01
2001,2038,4,2017-01-01,2017-03-01
2131,2163,4,2017-01-01,2017-03-01
2179,2190,4,2017-01-01,2017-03-01
2140,2162,4,2017-01-01,2017-03-01
2135,2144,4,2017-01-01,2017-03-01
2162,2173,4,2017-01-01,2017-03-01
2109,2120,4,2017-01-01,2017-03-01
2119,2163,4,2017-01-01,2017-03-01
2107,2114,4,2017-01-01,2017-03-01
2225,2226,4,2017-01-01,2017-03-01
2478,2496,4,2017-01-01,2017-03-01
2628,2666,4,2017-01-01,2017-03-01
2610,2624,4,2017-01-01,2017-03-01
2910,2951,4,2017-01-01,2017-03-01
3112,3192,4,2017-01-01,2017-03-01
3167,3174,4,2017-01-01,2017-03-01
248,622,4,2017-01-01,2017-03-01
3446,3477,4,2017-01-01,2017-03-01
3451,3471,4,2017-01-01,2017-03-01
1236,2663,4,2017-01-01,2017-03-01
333,2674,4,2017-01-01,2017-03-01
3518,3532,4,2017-01-01,2017-03-01
724,3402,4,2017-01-01,2017-03-01
3805,3815,4,2017-01-01,2017-03-01
3921,3990,4,2017-01-01,2017-03-01
4046,4072,4,2017-01-01,2017-03-01
4083,4090,4,2017-01-01,2017-03-01
4084,4087,4,2017-01-01,2017-03-01
4031,4043,4,2017-01-01,2017-03-01
4007,4083,4,2017-01-01,2017-03-01
2178,3167,4,2017-01-01,2017-03-01
286,3114,4,2017-01-01,2017-03-01
443,650,4,2017-01-01,2017-03-01
1645,2568,4,2017-01-01,2017-03-01
1569,3978,4,2017-01-01,2017-03-01
951,1391,4,2017-01-01,2017-03-01
4449,4488,4,2017-01-01,2017-03-01
4464,4488,4,2017-01-01,2017-03-01
4405,4473,4,2017-01-01,2017-03-01
2441,3635,4,2017-01-01,2017-03-01
4091,4400,4,2017-01-01,2017-03-01
4046,4376,4,2017-01-01,2017-03-01
4069,4387,4,2017-01-01,2017-03-01
905,1082,4,2017-01-01,2017-03-01
2717,4388,4,2017-01-01,2017-03-01
266,3553,4,2017-01-01,2017-03-01
5154,5194,4,2017-01-01,2017-03-01
2263,2977,4,2017-01-01,2017-03-01
2977,3578,4,2017-01-01,2017-03-01
2498,2932,4,2017-01-01,2017-03-01
2334,2951,4,2017-01-01,2017-03-01
444,471,4,2017-01-01,2017-03-01
812,849,4,2017-01-01,2017-03-01
813,833,4,2017-01-01,2017-03-01
823,867,4,2017-01-01,2017-03-01
1019,1048,4,2017-01-01,2017-03-01
364,1007,4,2017-01-01,2017-03-01
1273,1299,4,2017-01-01,2017-03-01
508,515,4,2017-01-01,2017-03-01
811,876,4,2017-01-01,2017-03-01
315,1001,4,2017-01-01,2017-03-01
305,1025,4,2017-01-01,2017-03-01
328,709,4,2017-01-01,2017-03-01
764,1001,4,2017-01-01,2017-03-01
1645,1673,4,2017-01-01,2017-03-01
1702,1707,4,2017-01-01,2017-03-01
1937,1991,4,2017-01-01,2017-03-01
2101,2195,4,2017-01-01,2017-03-01
2131,2136,4,2017-01-01,2017-03-01
2140,2189,4,2017-01-01,2017-03-01
2160,2190,4,2017-01-01,2017-03-01
2135,2141,4,2017-01-01,2017-03-01
2240,2277,4,2017-01-01,2017-03-01
2203,2232,4,2017-01-01,2017-03-01
2235,2260,4,2017-01-01,2017-03-01
2425,2447,4,2017-01-01,2017-03-01
2410,2429,4,2017-01-01,2017-03-01
2879,2886,4,2017-01-01,2017-03-01
646,3132,4,2017-01-01,2017-03-01
665,3173,4,2017-01-01,2017-03-01
3479,3483,4,2017-01-01,2017-03-01
1223,2674,4,2017-01-01,2017-03-01
3702,3729,4,2017-01-01,2017-03-01
3717,3729,4,2017-01-01,2017-03-01
3914,3931,4,2017-01-01,2017-03-01
3914,3980,4,2017-01-01,2017-03-01
4029,4044,4,2017-01-01,2017-03-01
272,3167,4,2017-01-01,2017-03-01
246,3122,4,2017-01-01,2017-03-01
218,2199,4,2017-01-01,2017-03-01
679,3167,4,2017-01-01,2017-03-01
1458,1808,4,2017-01-01,2017-03-01
215,2568,4,2017-01-01,2017-03-01
1670,2537,4,2017-01-01,2017-03-01
2242,3529,4,2017-01-01,2017-03-01
1288,3071,4,2017-01-01,2017-03-01
4335,4370,4,2017-01-01,2017-03-01
1391,2969,4,2017-01-01,2017-03-01
951,1371,4,2017-01-01,2017-03-01
4409,4499,4,2017-01-01,2017-03-01
4486,4490,4,2017-01-01,2017-03-01
4617,4695,4,2017-01-01,2017-03-01
1288,2905,4,2017-01-01,2017-03-01
979,1288,4,2017-01-01,2017-03-01
1337,4388,4,2017-01-01,2017-03-01
1337,4309,4,2017-01-01,2017-03-01
2759,4364,4,2017-01-01,2017-03-01
1818,4011,4,2017-01-01,2017-03-01
2236,3603,4,2017-01-01,2017-03-01
1358,3654,4,2017-01-01,2017-03-01
1358,2928,4,2017-01-01,2017-03-01
2467,3571,4,2017-01-01,2017-03-01
2965,3679,4,2017-01-01,2017-03-01
1330,2928,4,2017-01-01,2017-03-01
941,1387,4,2017-01-01,2017-03-01
1313,3635,4,2017-01-01,2017-03-01
1313,2932,4,2017-01-01,2017-03-01
141,946,4,2017-01-01,2017-03-01
1288,1292,4,2017-01-01,2017-03-01
1415,1443,4,2017-01-01,2017-03-01
837,899,4,2017-01-01,2017-03-01
315,1013,4,2017-01-01,2017-03-01
746,1013,4,2017-01-01,2017-03-01
758,1073,4,2017-01-01,2017-03-01
1904,1917,4,2017-01-01,2017-03-01
1951,1999,4,2017-01-01,2017-03-01
1933,1945,4,2017-01-01,2017-03-01
2162,2187,4,2017-01-01,2017-03-01
2163,2179,4,2017-01-01,2017-03-01
2116,2168,4,2017-01-01,2017-03-01
2141,2173,4,2017-01-01,2017-03-01
2107,2148,4,2017-01-01,2017-03-01
2248,2277,4,2017-01-01,2017-03-01
2262,2281,4,2017-01-01,2017-03-01
2209,2250,4,2017-01-01,2017-03-01
2206,2272,4,2017-01-01,2017-03-01
2235,2300,4,2017-01-01,2017-03-01
3151,3154,4,2017-01-01,2017-03-01
3349,3367,4,2017-01-01,2017-03-01
274,624,4,2017-01-01,2017-03-01
1066,1569,4,2017-01-01,2017-03-01
1594,2663,4,2017-01-01,2017-03-01
3586,3589,4,2017-01-01,2017-03-01
3529,3582,4,2017-01-01,2017-03-01
3548,3579,4,2017-01-01,2017-03-01
620,3108,4,2017-01-01,2017-03-01
368,3471,4,2017-01-01,2017-03-01
3712,3770,4,2017-01-01,2017-03-01
4020,4079,4,2017-01-01,2017-03-01
4025,4029,4,2017-01-01,2017-03-01
299,2586,4,2017-01-01,2017-03-01
490,2576,4,2017-01-01,2017-03-01
275,2560,4,2017-01-01,2017-03-01
369,3931,4,2017-01-01,2017-03-01
2870,3019,4,2017-01-01,2017-03-01
1692,2521,4,2017-01-01,2017-03-01
255,1298,4,2017-01-01,2017-03-01
4324,4398,4,2017-01-01,2017-03-01
1298,3913,4,2017-01-01,2017-03-01
888,3787,4,2017-01-01,2017-03-01
141,3654,4,2017-01-01,2017-03-01
2335,3620,4,2017-01-01,2017-03-01
4007,4371,4,2017-01-01,2017-03-01
2789,4083,4,2017-01-01,2017-03-01
2511,4053,4,2017-01-01,2017-03-01
5124,5186,4,2017-01-01,2017-03-01
5314,5370,4,2017-01-01,2017-03-01
977,3547,4,2017-01-01,2017-03-01
977,2335,4,2017-01-01,2017-03-01
1330,2222,4,2017-01-01,2017-03-01
2437,3571,4,2017-01-01,2017-03-01
126,2977,4,2017-01-01,2017-03-01
1313,2924,4,2017-01-01,2017-03-01
2295,2405,4,2017-01-01,2017-03-01
738,796,4,2017-01-01,2017-03-01
801,843,4,2017-01-01,2017-03-01
801,895,4,2017-01-01,2017-03-01
849,894,4,2017-01-01,2017-03-01
1351,1354,4,2017-01-01,2017-03-01
633,699,4,2017-01-01,2017-03-01
721,1026,4,2017-01-01,2017-03-01
721,1025,4,2017-01-01,2017-03-01
759,1013,4,2017-01-01,2017-03-01
730,1013,4,2017-01-01,2017-03-01
1639,1682,4,2017-01-01,2017-03-01
1904,1960,4,2017-01-01,2017-03-01
1957,1986,4,2017-01-01,2017-03-01
2136,2142,4,2017-01-01,2017-03-01
2425,2460,4,2017-01-01,2017-03-01
3134,3154,4,2017-01-01,2017-03-01
3120,3184,4,2017-01-01,2017-03-01
3436,3446,4,2017-01-01,2017-03-01
1553,2668,4,2017-01-01,2017-03-01
1287,2655,4,2017-01-01,2017-03-01
3504,3582,4,2017-01-01,2017-03-01
1023,3410,4,2017-01-01,2017-03-01
3901,3930,4,2017-01-01,2017-03-01
603,2152,4,2017-01-01,2017-03-01
292,3167,4,2017-01-01,2017-03-01
281,3114,4,2017-01-01,2017-03-01
609,2183,4,2017-01-01,2017-03-01
1808,2773,4,2017-01-01,2017-03-01
610,2576,4,2017-01-01,2017-03-01
2240,3524,4,2017-01-01,2017-03-01
759,3172,4,2017-01-01,2017-03-01
628,3447,4,2017-01-01,2017-03-01
4335,4350,4,2017-01-01,2017-03-01
804,3787,4,2017-01-01,2017-03-01
2222,3537,4,2017-01-01,2017-03-01
2273,3577,4,2017-01-01,2017-03-01
2315,2467,4,2017-01-01,2017-03-01
130,2441,4,2017-01-01,2017-03-01
4640,4661,4,2017-01-01,2017-03-01
4670,4685,4,2017-01-01,2017-03-01
1444,3152,4,2017-01-01,2017-03-01
915,4388,4,2017-01-01,2017-03-01
975,4011,4,2017-01-01,2017-03-01
1482,4066,4,2017-01-01,2017-03-01
1387,3654,4,2017-01-01,2017-03-01
2222,3654,4,2017-01-01,2017-03-01
941,2924,4,2017-01-01,2017-03-01
2405,3509,4,2017-01-01,2017-03-01
243,299,4,2017-01-01,2017-03-01
602,655,4,2017-01-01,2017-03-01
946,984,4,2017-01-01,2017-03-01
376,1072,4,2017-01-01,2017-03-01
708,718,4,2017-01-01,2017-03-01
385,712,4,2017-01-01,2017-03-01
354,716,4,2017-01-01,2017-03-01
752,1031,4,2017-01-01,2017-03-01
1807,1821,4,2017-01-01,2017-03-01
1927,1972,4,2017-01-01,2017-03-01
1933,1991,4,2017-01-01,2017-03-01
1917,1990,4,2017-01-01,2017-03-01
2135,2158,4,2017-01-01,2017-03-01
2162,2179,4,2017-01-01,2017-03-01
2109,2140,4,2017-01-01,2017-03-01
2245,2277,4,2017-01-01,2017-03-01
2275,2292,4,2017-01-01,2017-03-01
2430,2500,4,2017-01-01,2017-03-01
2901,2965,4,2017-01-01,2017-03-01
682,3149,4,2017-01-01,2017-03-01
256,3137,4,2017-01-01,2017-03-01
3446,3471,4,2017-01-01,2017-03-01
3438,3490,4,2017-01-01,2017-03-01
1561,2697,4,2017-01-01,2017-03-01
1223,1587,4,2017-01-01,2017-03-01
3504,3598,4,2017-01-01,2017-03-01
3509,3586,4,2017-01-01,2017-03-01
3524,3593,4,2017-01-01,2017-03-01
2109,3135,4,2017-01-01,2017-03-01
3805,3871,4,2017-01-01,2017-03-01
3924,3955,4,2017-01-01,2017-03-01
3955,3966,4,2017-01-01,2017-03-01
3955,3980,4,2017-01-01,2017-03-01
3902,3968,4,2017-01-01,2017-03-01
4019,4032,4,2017-01-01,2017-03-01
4061,4084,4,2017-01-01,2017-03-01
218,3195,4,2017-01-01,2017-03-01
215,2570,4,2017-01-01,2017-03-01
2568,3180,4,2017-01-01,2017-03-01
490,3180,4,2017-01-01,2017-03-01
1310,2969,4,2017-01-01,2017-03-01
211,1576,4,2017-01-01,2017-03-01
888,3791,4,2017-01-01,2017-03-01
2236,3563,4,2017-01-01,2017-03-01
4449,4460,4,2017-01-01,2017-03-01
4092,4376,4,2017-01-01,2017-03-01
4608,4633,4,2017-01-01,2017-03-01
4643,4657,4,2017-01-01,2017-03-01
979,1813,4,2017-01-01,2017-03-01
2789,4052,4,2017-01-01,2017-03-01
1371,4395,4,2017-01-01,2017-03-01
975,4044,4,2017-01-01,2017-03-01
1482,4013,4,2017-01-01,2017-03-01
2325,2924,4,2017-01-01,2017-03-01
941,3675,4,2017-01-01,2017-03-01
988,2458,4,2017-01-01,2017-03-01
1321,2928,4,2017-01-01,2017-03-01
22,47,4,2017-01-01,2017-03-01
805,884,4,2017-01-01,2017-03-01
916,917,4,2017-01-01,2017-03-01
1149,1180,4,2017-01-01,2017-03-01
341,1026,4,2017-01-01,2017-03-01
355,1045,4,2017-01-01,2017-03-01
1271,1295,4,2017-01-01,2017-03-01
315,1007,4,2017-01-01,2017-03-01
334,1051,4,2017-01-01,2017-03-01
1223,1230,4,2017-01-01,2017-03-01
313,773,4,2017-01-01,2017-03-01
758,1043,4,2017-01-01,2017-03-01
360,759,4,2017-01-01,2017-03-01
376,750,4,2017-01-01,2017-03-01
701,1013,4,2017-01-01,2017-03-01
1867,1878,4,2017-01-01,2017-03-01
1865,1867,4,2017-01-01,2017-03-01
1942,1969,4,2017-01-01,2017-03-01
1937,1990,4,2017-01-01,2017-03-01
1902,1990,4,2017-01-01,2017-03-01
2111,2129,4,2017-01-01,2017-03-01
2181,2190,4,2017-01-01,2017-03-01
2119,2131,4,2017-01-01,2017-03-01
2137,2187,4,2017-01-01,2017-03-01
2173,2181,4,2017-01-01,2017-03-01
2161,2196,4,2017-01-01,2017-03-01
2129,2165,4,2017-01-01,2017-03-01
2136,2190,4,2017-01-01,2017-03-01
2201,2275,4,2017-01-01,2017-03-01
2211,2220,4,2017-01-01,2017-03-01
2204,2234,4,2017-01-01,2017-03-01
2452,2500,4,2017-01-01,2017-03-01
2460,2478,4,2017-01-01,2017-03-01
2413,2500,4,2017-01-01,2017-03-01
2912,2925,4,2017-01-01,2017-03-01
3157,3199,4,2017-01-01,2017-03-01
369,2667,4,2017-01-01,2017-03-01
3529,3552,4,2017-01-01,2017-03-01
3548,3598,4,2017-01-01,2017-03-01
746,3402,4,2017-01-01,2017-03-01
763,3440,4,2017-01-01,2017-03-01
3770,3794,4,2017-01-01,2017-03-01
3901,3941,4,2017-01-01,2017-03-01
3902,3945,4,2017-01-01,2017-03-01
3929,3971,4,2017-01-01,2017-03-01
4002,4035,4,2017-01-01,2017-03-01
4040,4061,4,2017-01-01,2017-03-01
295,3167,4,2017-01-01,2017-03-01
2183,3195,4,2017-01-01,2017-03-01
1828,2792,4,2017-01-01,2017-03-01
443,3123,4,2017-01-01,2017-03-01
248,2600,4,2017-01-01,2017-03-01
490,2567,4,2017-01-01,2017-03-01
490,2570,4,2017-01-01,2017-03-01
274,2573,4,2017-01-01,2017-03-01
2521,3123,4,2017-01-01,2017-03-01
1228,3908,4,2017-01-01,2017-03-01
369,3966,4,2017-01-01,2017-03-01
1561,3955,4,2017-01-01,2017-03-01
2246,3532,4,2017-01-01,2017-03-01
4370,4386,4,2017-01-01,2017-03-01
4460,4493,4,2017-01-01,2017-03-01
4040,4384,4,2017-01-01,2017-03-01
4617,4665,4,2017-01-01,2017-03-01
1464,2816,4,2017-01-01,2017-03-01
446,4682,4,2017-01-01,2017-03-01
2969,4042,4,2017-01-01,2017-03-01
1371,4388,4,2017-01-01,2017-03-01
2759,4395,4,2017-01-01,2017-03-01
1696,4395,4,2017-01-01,2017-03-01
5146,5171,4,2017-01-01,2017-03-01
941,2407,4,2017-01-01,2017-03-01
988,3536,4,2017-01-01,2017-03-01
2498,2924,4,2017-01-01,2017-03-01
670,698,4,2017-01-01,2017-03-01
605,611,4,2017-01-01,2017-03-01
837,868,4,2017-01-01,2017-03-01
354,1035,4,2017-01-01,2017-03-01
354,733,4,2017-01-01,2017-03-01
368,764,4,2017-01-01,2017-03-01
1961,1976,4,2017-01-01,2017-03-01
1922,1945,4,2017-01-01,2017-03-01
1922,1962,4,2017-01-01,2017-03-01
1989,1991,4,2017-01-01,2017-03-01
2158,2160,4,2017-01-01,2017-03-01
2136,2141,4,2017-01-01,2017-03-01
2136,2158,4,2017-01-01,2017-03-01
2226,2271,4,2017-01-01,2017-03-01
2235,2241,4,2017-01-01,2017-03-01
2460,2492,4,2017-01-01,2017-03-01
2410,2430,4,2017-01-01,2017-03-01
2742,2767,4,2017-01-01,2017-03-01
3122,3172,4,2017-01-01,2017-03-01
3149,3152,4,2017-01-01,2017-03-01
3471,3493,4,2017-01-01,2017-03-01
3563,3586,4,2017-01-01,2017-03-01
716,3490,4,2017-01-01,2017-03-01
4025,4035,4,2017-01-01,2017-03-01
4037,4083,4,2017-01-01,2017-03-01
4075,4078,4,2017-01-01,2017-03-01
2199,3188,4,2017-01-01,2017-03-01
292,3159,4,2017-01-01,2017-03-01
606,2539,4,2017-01-01,2017-03-01
293,1693,4,2017-01-01,2017-03-01
4309,4380,4,2017-01-01,2017-03-01
928,2906,4,2017-01-01,2017-03-01
211,2655,4,2017-01-01,2017-03-01
4466,4491,4,2017-01-01,2017-03-01
4090,4346,4,2017-01-01,2017-03-01
4645,4690,4,2017-01-01,2017-03-01
1074,1439,4,2017-01-01,2017-03-01
915,4025,4,2017-01-01,2017-03-01
1337,4042,4,2017-01-01,2017-03-01
2759,4339,4,2017-01-01,2017-03-01
2335,2928,4,2017-01-01,2017-03-01
988,1313,4,2017-01-01,2017-03-01
745,796,4,2017-01-01,2017-03-01
784,789,4,2017-01-01,2017-03-01
804,850,4,2017-01-01,2017-03-01
1036,1084,4,2017-01-01,2017-03-01
1092,1100,4,2017-01-01,2017-03-01
354,1043,4,2017-01-01,2017-03-01
1250,1272,4,2017-01-01,2017-03-01
1413,1430,4,2017-01-01,2017-03-01
309,1044,4,2017-01-01,2017-03-01
1973,1997,4,2017-01-01,2017-03-01
1951,1975,4,2017-01-01,2017-03-01
1905,1947,4,2017-01-01,2017-03-01
2144,2162,4,2017-01-01,2017-03-01
2130,2160,4,2017-01-01,2017-03-01
2111,2155,4,2017-01-01,2017-03-01
2109,2114,4,2017-01-01,2017-03-01
2122,2160,4,2017-01-01,2017-03-01
2260,2261,4,2017-01-01,2017-03-01
2629,2648,4,2017-01-01,2017-03-01
2965,2996,4,2017-01-01,2017-03-01
3065,3084,4,2017-01-01,2017-03-01
3132,3180,4,2017-01-01,2017-03-01
3349,3360,4,2017-01-01,2017-03-01
231,625,4,2017-01-01,2017-03-01
3446,3491,4,2017-01-01,2017-03-01
1271,1553,4,2017-01-01,2017-03-01
1053,3436,4,2017-01-01,2017-03-01
760,3405,4,2017-01-01,2017-03-01
763,3414,4,2017-01-01,2017-03-01
3802,3809,4,2017-01-01,2017-03-01
3930,3980,4,2017-01-01,2017-03-01
4073,4089,4,2017-01-01,2017-03-01
4019,4061,4,2017-01-01,2017-03-01
247,3195,4,2017-01-01,2017-03-01
1479,2773,4,2017-01-01,2017-03-01
4164,4171,4,2017-01-01,2017-03-01
215,2567,4,2017-01-01,2017-03-01
490,1645,4,2017-01-01,2017-03-01
1585,2650,4,2017-01-01,2017-03-01
4401,4417,4,2017-01-01,2017-03-01
4407,4491,4,2017-01-01,2017-03-01
4540,4564,4,2017-01-01,2017-03-01
4608,4661,4,2017-01-01,2017-03-01
4645,4673,4,2017-01-01,2017-03-01
4678,4688,4,2017-01-01,2017-03-01
1837,2752,4,2017-01-01,2017-03-01
1813,2988,4,2017-01-01,2017-03-01
446,4665,4,2017-01-01,2017-03-01
1484,4373,4,2017-01-01,2017-03-01
2789,4025,4,2017-01-01,2017-03-01
1666,4388,4,2017-01-01,2017-03-01
975,4083,4,2017-01-01,2017-03-01
407,4083,4,2017-01-01,2017-03-01
2212,2334,4,2017-01-01,2017-03-01
923,2212,4,2017-01-01,2017-03-01
822,884,4,2017-01-01,2017-03-01
813,868,4,2017-01-01,2017-03-01
625,692,4,2017-01-01,2017-03-01
813,819,4,2017-01-01,2017-03-01
804,899,4,2017-01-01,2017-03-01
837,845,4,2017-01-01,2017-03-01
330,1031,4,2017-01-01,2017-03-01
1207,1295,4,2017-01-01,2017-03-01
354,730,4,2017-01-01,2017-03-01
709,1023,4,2017-01-01,2017-03-01
762,1053,4,2017-01-01,2017-03-01
706,1057,4,2017-01-01,2017-03-01
774,1073,4,2017-01-01,2017-03-01
772,1031,4,2017-01-01,2017-03-01
1063,1212,4,2017-01-01,2017-03-01
1973,1974,4,2017-01-01,2017-03-01
1922,1938,4,2017-01-01,2017-03-01
2102,2112,4,2017-01-01,2017-03-01
2124,2135,4,2017-01-01,2017-03-01
2109,2135,4,2017-01-01,2017-03-01
2119,2179,4,2017-01-01,2017-03-01
2141,2163,4,2017-01-01,2017-03-01
2107,2154,4,2017-01-01,2017-03-01
2258,2259,4,2017-01-01,2017-03-01
2207,2282,4,2017-01-01,2017-03-01
2235,2261,4,2017-01-01,2017-03-01
2503,2538,4,2017-01-01,2017-03-01
2612,2644,4,2017-01-01,2017-03-01
610,3192,4,2017-01-01,2017-03-01
294,646,4,2017-01-01,2017-03-01
294,645,4,2017-01-01,2017-03-01
255,3157,4,2017-01-01,2017-03-01
212,650,4,2017-01-01,2017-03-01
3463,3477,4,2017-01-01,2017-03-01
3463,3490,4,2017-01-01,2017-03-01
1509,2668,4,2017-01-01,2017-03-01
1023,3475,4,2017-01-01,2017-03-01
364,3413,4,2017-01-01,2017-03-01
3776,3787,4,2017-01-01,2017-03-01
3945,3988,4,2017-01-01,2017-03-01
4002,4059,4,2017-01-01,2017-03-01
4078,4090,4,2017-01-01,2017-03-01
286,2186,4,2017-01-01,2017-03-01
1489,1855,4,2017-01-01,2017-03-01
443,2573,4,2017-01-01,2017-03-01
641,3451,4,2017-01-01,2017-03-01
4332,4336,4,2017-01-01,2017-03-01
2467,3624,4,2017-01-01,2017-03-01
2467,3681,4,2017-01-01,2017-03-01
4516,4583,4,2017-01-01,2017-03-01
4516,4546,4,2017-01-01,2017-03-01
4040,4344,4,2017-01-01,2017-03-01
1465,2758,4,2017-01-01,2017-03-01
2941,4083,4,2017-01-01,2017-03-01
912,3654,4,2017-01-01,2017-03-01
988,2437,4,2017-01-01,2017-03-01
2255,2932,4,2017-01-01,2017-03-01
2935,3589,4,2017-01-01,2017-03-01
226,243,4,2017-01-01,2017-03-01
335,347,4,2017-01-01,2017-03-01
649,690,4,2017-01-01,2017-03-01
839,881,4,2017-01-01,2017-03-01
812,895,4,2017-01-01,2017-03-01
849,899,4,2017-01-01,2017-03-01
385,1051,4,2017-01-01,2017-03-01
374,1044,4,2017-01-01,2017-03-01
1309,1384,4,2017-01-01,2017-03-01
313,1044,4,2017-01-01,2017-03-01
706,1001,4,2017-01-01,2017-03-01
730,1057,4,2017-01-01,2017-03-01
355,771,4,2017-01-01,2017-03-01
362,766,4,2017-01-01,2017-03-01
334,764,4,2017-01-01,2017-03-01
343,1254,4,2017-01-01,2017-03-01
1821,1823,4,2017-01-01,2017-03-01
1914,1984,4,2017-01-01,2017-03-01
2101,2133,4,2017-01-01,2017-03-01
2142,2155,4,2017-01-01,2017-03-01
2109,2142,4,2017-01-01,2017-03-01
2137,2145,4,2017-01-01,2017-03-01
2137,2144,4,2017-01-01,2017-03-01
2114,2162,4,2017-01-01,2017-03-01
2110,2116,4,2017-01-01,2017-03-01
2110,2119,4,2017-01-01,2017-03-01
2282,2290,4,2017-01-01,2017-03-01
2447,2469,4,2017-01-01,2017-03-01
2538,2584,4,2017-01-01,2017-03-01
3132,3192,4,2017-01-01,2017-03-01
3440,3446,4,2017-01-01,2017-03-01
3428,3495,4,2017-01-01,2017-03-01
3593,3600,4,2017-01-01,2017-03-01
3807,3809,4,2017-01-01,2017-03-01
3802,3881,4,2017-01-01,2017-03-01
3824,3831,4,2017-01-01,2017-03-01
3932,3994,4,2017-01-01,2017-03-01
4037,4066,4,2017-01-01,2017-03-01
4019,4084,4,2017-01-01,2017-03-01
603,3193,4,2017-01-01,2017-03-01
246,3114,4,2017-01-01,2017-03-01
221,2183,4,2017-01-01,2017-03-01
443,2567,4,2017-01-01,2017-03-01
248,2586,4,2017-01-01,2017-03-01
610,1693,4,2017-01-01,2017-03-01
255,443,4,2017-01-01,2017-03-01
2252,3579,4,2017-01-01,2017-03-01
2894,3077,4,2017-01-01,2017-03-01
1645,3169,4,2017-01-01,2017-03-01
1297,1645,4,2017-01-01,2017-03-01
4380,4395,4,2017-01-01,2017-03-01
801,3770,4,2017-01-01,2017-03-01
4014,4317,4,2017-01-01,2017-03-01
4401,4464,4,2017-01-01,2017-03-01
4420,4475,4,2017-01-01,2017-03-01
4414,4464,4,2017-01-01,2017-03-01
4414,4423,4,2017-01-01,2017-03-01
4444,4448,4,2017-01-01,2017-03-01
4091,4319,4,2017-01-01,2017-03-01
4084,4329,4,2017-01-01,2017-03-01
1391,1444,4,2017-01-01,2017-03-01
905,1288,4,2017-01-01,2017-03-01
1314,4052,4,2017-01-01,2017-03-01
2783,4373,4,2017-01-01,2017-03-01
930,4373,4,2017-01-01,2017-03-01
1818,4042,4,2017-01-01,2017-03-01
1384,3681,4,2017-01-01,2017-03-01
1384,2441,4,2017-01-01,2017-03-01
232,243,4,2017-01-01,2017-03-01
416,431,4,2017-01-01,2017-03-01
813,859,4,2017-01-01,2017-03-01
851,895,4,2017-01-01,2017-03-01
334,1025,4,2017-01-01,2017-03-01
1309,1347,4,2017-01-01,2017-03-01
611,615,4,2017-01-01,2017-03-01
702,776,4,2017-01-01,2017-03-01
354,1072,4,2017-01-01,2017-03-01
313,750,4,2017-01-01,2017-03-01
704,1023,4,2017-01-01,2017-03-01
1956,1988,4,2017-01-01,2017-03-01
1923,1969,4,2017-01-01,2017-03-01
2142,2189,4,2017-01-01,2017-03-01
2160,2181,4,2017-01-01,2017-03-01
2109,2134,4,2017-01-01,2017-03-01
2154,2187,4,2017-01-01,2017-03-01
2271,2291,4,2017-01-01,2017-03-01
2262,2271,4,2017-01-01,2017-03-01
401,1662,4,2017-01-01,2017-03-01
205,3192,4,2017-01-01,2017-03-01
231,3141,4,2017-01-01,2017-03-01
3413,3463,4,2017-01-01,2017-03-01
3442,3482,4,2017-01-01,2017-03-01
3402,3446,4,2017-01-01,2017-03-01
1228,1506,4,2017-01-01,2017-03-01
1561,2674,4,2017-01-01,2017-03-01
3561,3598,4,2017-01-01,2017-03-01
3552,3553,4,2017-01-01,2017-03-01
1001,3421,4,2017-01-01,2017-03-01
3945,3971,4,2017-01-01,2017-03-01
4038,4043,4,2017-01-01,2017-03-01
295,3188,4,2017-01-01,2017-03-01
690,2186,4,2017-01-01,2017-03-01
221,2178,4,2017-01-01,2017-03-01
490,1692,4,2017-01-01,2017-03-01
930,1310,4,2017-01-01,2017-03-01
933,2906,4,2017-01-01,2017-03-01
961,2968,4,2017-01-01,2017-03-01
1370,2969,4,2017-01-01,2017-03-01
888,3702,4,2017-01-01,2017-03-01
4465,4474,4,2017-01-01,2017-03-01
4414,4474,4,2017-01-01,2017-03-01
1422,1818,4,2017-01-01,2017-03-01
204,2717,4,2017-01-01,2017-03-01
2759,3152,4,2017-01-01,2017-03-01
2717,2857,4,2017-01-01,2017-03-01
2509,4614,4,2017-01-01,2017-03-01
928,4339,4,2017-01-01,2017-03-01
2969,4059,4,2017-01-01,2017-03-01
1371,4353,4,2017-01-01,2017-03-01
2511,4066,4,2017-01-01,2017-03-01
266,3529,4,2017-01-01,2017-03-01
912,2437,4,2017-01-01,2017-03-01
2255,2910,4,2017-01-01,2017-03-01
2498,3578,4,2017-01-01,2017-03-01
243,255,4,2017-01-01,2017-03-01
831,897,4,2017-01-01,2017-03-01
920,946,4,2017-01-01,2017-03-01
946,977,4,2017-01-01,2017-03-01
1149,1157,4,2017-01-01,2017-03-01
1226,1290,4,2017-01-01,2017-03-01
1271,1274,4,2017-01-01,2017-03-01
1264,1268,4,2017-01-01,2017-03-01
1405,1427,4,2017-01-01,2017-03-01
1415,1423,4,2017-01-01,2017-03-01
718,782,4,2017-01-01,2017-03-01
378,778,4,2017-01-01,2017-03-01
368,762,4,2017-01-01,2017-03-01
309,773,4,2017-01-01,2017-03-01
324,724,4,2017-01-01,2017-03-01
334,761,4,2017-01-01,2017-03-01
1905,1970,4,2017-01-01,2017-03-01
1938,1967,4,2017-01-01,2017-03-01
1902,1979,4,2017-01-01,2017-03-01
2120,2135,4,2017-01-01,2017-03-01
2114,2124,4,2017-01-01,2017-03-01
2148,2181,4,2017-01-01,2017-03-01
2121,2159,4,2017-01-01,2017-03-01
2107,2109,4,2017-01-01,2017-03-01
2136,2189,4,2017-01-01,2017-03-01
2430,2478,4,2017-01-01,2017-03-01
1598,2697,4,2017-01-01,2017-03-01
369,2608,4,2017-01-01,2017-03-01
1561,2667,4,2017-01-01,2017-03-01
3815,3847,4,2017-01-01,2017-03-01
3904,3966,4,2017-01-01,2017-03-01
3908,3931,4,2017-01-01,2017-03-01
4057,4061,4,2017-01-01,2017-03-01
4044,4063,4,2017-01-01,2017-03-01
4007,4025,4,2017-01-01,2017-03-01
246,679,4,2017-01-01,2017-03-01
679,3195,4,2017-01-01,2017-03-01
2298,3524,4,2017-01-01,2017-03-01
416,3019,4,2017-01-01,2017-03-01
4322,4324,4,2017-01-01,2017-03-01
4373,4387,4,2017-01-01,2017-03-01
4366,4383,4,2017-01-01,2017-03-01
1323,2959,4,2017-01-01,2017-03-01
811,3716,4,2017-01-01,2017-03-01
2293,3536,4,2017-01-01,2017-03-01
4423,4475,4,2017-01-01,2017-03-01
4409,4418,4,2017-01-01,2017-03-01
4407,4409,4,2017-01-01,2017-03-01
4414,4451,4,2017-01-01,2017-03-01
4418,4469,4,2017-01-01,2017-03-01
4452,4467,4,2017-01-01,2017-03-01
2407,3698,4,2017-01-01,2017-03-01
2458,3620,4,2017-01-01,2017-03-01
4088,4380,4,2017-01-01,2017-03-01
204,1074,4,2017-01-01,2017-03-01
1315,2769,4,2017-01-01,2017-03-01
1666,4025,4,2017-01-01,2017-03-01
3553,4478,4,2017-01-01,2017-03-01
2236,2441,4,2017-01-01,2017-03-01
2441,3589,4,2017-01-01,2017-03-01
2325,3571,4,2017-01-01,2017-03-01
1330,3678,4,2017-01-01,2017-03-01
1343,3681,4,2017-01-01,2017-03-01
266,294,4,2017-01-01,2017-03-01
515,578,4,2017-01-01,2017-03-01
776,796,4,2017-01-01,2017-03-01
839,850,4,2017-01-01,2017-03-01
1238,1254,4,2017-01-01,2017-03-01
1440,1449,4,2017-01-01,2017-03-01
315,1029,4,2017-01-01,2017-03-01
766,1001,4,2017-01-01,2017-03-01
366,762,4,2017-01-01,2017-03-01
324,739,4,2017-01-01,2017-03-01
355,701,4,2017-01-01,2017-03-01
355,760,4,2017-01-01,2017-03-01
350,1254,4,2017-01-01,2017-03-01
1635,1652,4,2017-01-01,2017-03-01
1778,1800,4,2017-01-01,2017-03-01
1830,1868,4,2017-01-01,2017-03-01
1971,1992,4,2017-01-01,2017-03-01
2021,2036,4,2017-01-01,2017-03-01
2111,2131,4,2017-01-01,2017-03-01
2162,2189,4,2017-01-01,2017-03-01
2103,2177,4,2017-01-01,2017-03-01
2114,2190,4,2017-01-01,2017-03-01
2145,2148,4,2017-01-01,2017-03-01
2107,2111,4,2017-01-01,2017-03-01
2107,2182,4,2017-01-01,2017-03-01
2247,2291,4,2017-01-01,2017-03-01
2235,2271,4,2017-01-01,2017-03-01
2260,2271,4,2017-01-01,2017-03-01
2478,2492,4,2017-01-01,2017-03-01
2503,2551,4,2017-01-01,2017-03-01
2544,2596,4,2017-01-01,2017-03-01
2813,2833,4,2017-01-01,2017-03-01
3109,3186,4,2017-01-01,2017-03-01
293,3192,4,2017-01-01,2017-03-01
3411,3483,4,2017-01-01,2017-03-01
1066,1506,4,2017-01-01,2017-03-01
1024,2663,4,2017-01-01,2017-03-01
364,3440,4,2017-01-01,2017-03-01
3717,3794,4,2017-01-01,2017-03-01
3831,3858,4,2017-01-01,2017-03-01
289,679,4,2017-01-01,2017-03-01
1427,1868,4,2017-01-01,2017-03-01
1828,2773,4,2017-01-01,2017-03-01
443,2576,4,2017-01-01,2017-03-01
2573,3180,4,2017-01-01,2017-03-01
606,2510,4,2017-01-01,2017-03-01
610,2600,4,2017-01-01,2017-03-01
610,2573,4,2017-01-01,2017-03-01
610,2570,4,2017-01-01,2017-03-01
1211,2689,4,2017-01-01,2017-03-01
2240,3532,4,2017-01-01,2017-03-01
2245,3548,4,2017-01-01,2017-03-01
1598,2573,4,2017-01-01,2017-03-01
2284,3540,4,2017-01-01,2017-03-01
2335,3624,4,2017-01-01,2017-03-01
4671,4673,4,2017-01-01,2017-03-01
1351,1813,4,2017-01-01,2017-03-01
910,1813,4,2017-01-01,2017-03-01
1337,4066,4,2017-01-01,2017-03-01
1464,4066,4,2017-01-01,2017-03-01
2273,2963,4,2017-01-01,2017-03-01
1330,2924,4,2017-01-01,2017-03-01
941,2325,4,2017-01-01,2017-03-01
1321,2427,4,2017-01-01,2017-03-01
118,147,4,2017-01-01,2017-03-01
255,294,4,2017-01-01,2017-03-01
375,393,4,2017-01-01,2017-03-01
620,631,4,2017-01-01,2017-03-01
602,679,4,2017-01-01,2017-03-01
777,798,4,2017-01-01,2017-03-01
776,798,4,2017-01-01,2017-03-01
725,745,4,2017-01-01,2017-03-01
850,868,4,2017-01-01,2017-03-01
859,895,4,2017-01-01,2017-03-01
1042,1092,4,2017-01-01,2017-03-01
360,1043,4,2017-01-01,2017-03-01
305,1023,4,2017-01-01,2017-03-01
330,1095,4,2017-01-01,2017-03-01
771,1029,4,2017-01-01,2017-03-01
1942,1971,4,2017-01-01,2017-03-01
1957,1970,4,2017-01-01,2017-03-01
1903,1957,4,2017-01-01,2017-03-01
1903,1992,4,2017-01-01,2017-03-01
2115,2165,4,2017-01-01,2017-03-01
2115,2126,4,2017-01-01,2017-03-01
2120,2142,4,2017-01-01,2017-03-01
2150,2172,4,2017-01-01,2017-03-01
2126,2182,4,2017-01-01,2017-03-01
2135,2165,4,2017-01-01,2017-03-01
2155,2168,4,2017-01-01,2017-03-01
2116,2154,4,2017-01-01,2017-03-01
2129,2182,4,2017-01-01,2017-03-01
2141,2182,4,2017-01-01,2017-03-01
2107,2145,4,2017-01-01,2017-03-01
2216,2237,4,2017-01-01,2017-03-01
2406,2492,4,2017-01-01,2017-03-01
2436,2464,4,2017-01-01,2017-03-01
2910,2985,4,2017-01-01,2017-03-01
3011,3019,4,2017-01-01,2017-03-01
3117,3157,4,2017-01-01,2017-03-01
3440,3476,4,2017-01-01,2017-03-01
618,3108,4,2017-01-01,2017-03-01
3717,3719,4,2017-01-01,2017-03-01
4069,4075,4,2017-01-01,2017-03-01
4007,4051,4,2017-01-01,2017-03-01
603,3198,4,2017-01-01,2017-03-01
292,2186,4,2017-01-01,2017-03-01
1884,2767,4,2017-01-01,2017-03-01
610,1645,4,2017-01-01,2017-03-01
1645,2600,4,2017-01-01,2017-03-01
1645,2586,4,2017-01-01,2017-03-01
358,692,4,2017-01-01,2017-03-01
333,3966,4,2017-01-01,2017-03-01
2017,2329,4,2017-01-01,2017-03-01
1288,3077,4,2017-01-01,2017-03-01
2123,3439,4,2017-01-01,2017-03-01
986,2960,4,2017-01-01,2017-03-01
4345,4379,4,2017-01-01,2017-03-01
930,1391,4,2017-01-01,2017-03-01
961,1394,4,2017-01-01,2017-03-01
868,3791,4,2017-01-01,2017-03-01
2222,3589,4,2017-01-01,2017-03-01
4449,4484,4,2017-01-01,2017-03-01
4417,4493,4,2017-01-01,2017-03-01
4403,4425,4,2017-01-01,2017-03-01
2437,3648,4,2017-01-01,2017-03-01
4516,4595,4,2017-01-01,2017-03-01
4071,4329,4,2017-01-01,2017-03-01
1248,1464,4,2017-01-01,2017-03-01
204,2783,4,2017-01-01,2017-03-01
2759,2857,4,2017-01-01,2017-03-01
2752,3046,4,2017-01-01,2017-03-01
1465,1818,4,2017-01-01,2017-03-01
2802,2912,4,2017-01-01,2017-03-01
2867,4025,4,2017-01-01,2017-03-01
5145,5156,4,2017-01-01,2017-03-01
3554,3603,4,2017-01-01,2017-03-01
920,1313,4,2017-01-01,2017-03-01
1347,2405,4,2017-01-01,2017-03-01
2273,2441,4,2017-01-01,2017-03-01
833,850,4,2017-01-01,2017-03-01
827,867,4,2017-01-01,2017-03-01
1437,1447,4,2017-01-01,2017-03-01
1415,1463,4,2017-01-01,2017-03-01
360,1007,4,2017-01-01,2017-03-01
313,1031,4,2017-01-01,2017-03-01
791,1057,4,2017-01-01,2017-03-01
730,1031,4,2017-01-01,2017-03-01
733,1031,4,2017-01-01,2017-03-01
1673,1693,4,2017-01-01,2017-03-01
1836,1877,4,2017-01-01,2017-03-01
1956,1973,4,2017-01-01,2017-03-01
1905,1951,4,2017-01-01,2017-03-01
1941,1974,4,2017-01-01,2017-03-01
2115,2181,4,2017-01-01,2017-03-01
2119,2145,4,2017-01-01,2017-03-01
2155,2188,4,2017-01-01,2017-03-01
2137,2160,4,2017-01-01,2017-03-01
2173,2182,4,2017-01-01,2017-03-01
2148,2165,4,2017-01-01,2017-03-01
2116,2188,4,2017-01-01,2017-03-01
2277,2285,4,2017-01-01,2017-03-01
2202,2238,4,2017-01-01,2017-03-01
2225,2291,4,2017-01-01,2017-03-01
2462,2469,4,2017-01-01,2017-03-01
3104,3199,4,2017-01-01,2017-03-01
692,3120,4,2017-01-01,2017-03-01
3404,3488,4,2017-01-01,2017-03-01
746,3444,4,2017-01-01,2017-03-01
760,3413,4,2017-01-01,2017-03-01
3815,3867,4,2017-01-01,2017-03-01
3932,3959,4,2017-01-01,2017-03-01
3968,3994,4,2017-01-01,2017-03-01
1456,1848,4,2017-01-01,2017-03-01
4157,4171,4,2017-01-01,2017-03-01
2246,3524,4,2017-01-01,2017-03-01
2233,3553,4,2017-01-01,2017-03-01
641,3479,4,2017-01-01,2017-03-01
4347,4370,4,2017-01-01,2017-03-01
2531,3924,4,2017-01-01,2017-03-01
4401,4414,4,2017-01-01,2017-03-01
4465,4475,4,2017-01-01,2017-03-01
4407,4496,4,2017-01-01,2017-03-01
4425,4452,4,2017-01-01,2017-03-01
4473,4499,4,2017-01-01,2017-03-01
2427,3681,4,2017-01-01,2017-03-01
4531,4590,4,2017-01-01,2017-03-01
4564,4569,4,2017-01-01,2017-03-01
4088,4387,4,2017-01-01,2017-03-01
4022,4340,4,2017-01-01,2017-03-01
437,1432,4,2017-01-01,2017-03-01
1337,4011,4,2017-01-01,2017-03-01
2759,4353,4,2017-01-01,2017-03-01
2717,4025,4,2017-01-01,2017-03-01
930,4388,4,2017-01-01,2017-03-01
2939,4042,4,2017-01-01,2017-03-01
2939,4011,4,2017-01-01,2017-03-01
1482,4364,4,2017-01-01,2017-03-01
5310,5333,4,2017-01-01,2017-03-01
2236,2334,4,2017-01-01,2017-03-01
2279,2935,4,2017-01-01,2017-03-01
2334,3554,4,2017-01-01,2017-03-01
141,2223,4,2017-01-01,2017-03-01
659,677,4,2017-01-01,2017-03-01
605,645,4,2017-01-01,2017-03-01
725,777,4,2017-01-01,2017-03-01
845,850,4,2017-01-01,2017-03-01
328,1038,4,2017-01-01,2017-03-01
837,881,4,2017-01-01,2017-03-01
324,1038,4,2017-01-01,2017-03-01
1922,1967,4,2017-01-01,2017-03-01
1938,1960,4,2017-01-01,2017-03-01
2191,2193,4,2017-01-01,2017-03-01
2162,2181,4,2017-01-01,2017-03-01
2109,2189,4,2017-01-01,2017-03-01
2132,2151,4,2017-01-01,2017-03-01
2155,2181,4,2017-01-01,2017-03-01
2249,2290,4,2017-01-01,2017-03-01
2514,2554,4,2017-01-01,2017-03-01
3421,3476,4,2017-01-01,2017-03-01
3414,3439,4,2017-01-01,2017-03-01
751,3444,4,2017-01-01,2017-03-01
3706,3794,4,2017-01-01,2017-03-01
3723,3787,4,2017-01-01,2017-03-01
3806,3824,4,2017-01-01,2017-03-01
3930,3974,4,2017-01-01,2017-03-01
3939,3988,4,2017-01-01,2017-03-01
292,3188,4,2017-01-01,2017-03-01
2608,3906,4,2017-01-01,2017-03-01
673,1056,4,2017-01-01,2017-03-01
248,1293,4,2017-01-01,2017-03-01
1394,2906,4,2017-01-01,2017-03-01
1367,2969,4,2017-01-01,2017-03-01
915,2906,4,2017-01-01,2017-03-01
913,2968,4,2017-01-01,2017-03-01
4425,4473,4,2017-01-01,2017-03-01
2458,3624,4,2017-01-01,2017-03-01
130,3603,4,2017-01-01,2017-03-01
3815,4556,4,2017-01-01,2017-03-01
4633,4661,4,2017-01-01,2017-03-01
4630,4695,4,2017-01-01,2017-03-01
2758,2857,4,2017-01-01,2017-03-01
407,2776,4,2017-01-01,2017-03-01
1464,2857,4,2017-01-01,2017-03-01
1074,1464,4,2017-01-01,2017-03-01
1387,2467,4,2017-01-01,2017-03-01
977,1321,4,2017-01-01,2017-03-01
1330,2255,4,2017-01-01,2017-03-01
941,2255,4,2017-01-01,2017-03-01
1321,3678,4,2017-01-01,2017-03-01
1398,3648,4,2017-01-01,2017-03-01
1313,3639,4,2017-01-01,2017-03-01
141,1347,4,2017-01-01,2017-03-01
290,295,4,2017-01-01,2017-03-01
240,245,4,2017-01-01,2017-03-01
430,461,4,2017-01-01,2017-03-01
610,688,4,2017-01-01,2017-03-01
819,822,4,2017-01-01,2017-03-01
813,851,4,2017-01-01,2017-03-01
946,988,4,2017-01-01,2017-03-01
1354,1377,4,2017-01-01,2017-03-01
715,717,4,2017-01-01,2017-03-01
719,1025,4,2017-01-01,2017-03-01
362,763,4,2017-01-01,2017-03-01
1868,1884,4,2017-01-01,2017-03-01
1957,1984,4,2017-01-01,2017-03-01
2131,2168,4,2017-01-01,2017-03-01
2142,2187,4,2017-01-01,2017-03-01
2130,2144,4,2017-01-01,2017-03-01
2109,2111,4,2017-01-01,2017-03-01
2122,2145,4,2017-01-01,2017-03-01
2107,2110,4,2017-01-01,2017-03-01
2268,2300,4,2017-01-01,2017-03-01
2306,2326,4,2017-01-01,2017-03-01
2406,2500,4,2017-01-01,2017-03-01
3024,3076,4,2017-01-01,2017-03-01
684,3192,4,2017-01-01,2017-03-01
283,3116,4,2017-01-01,2017-03-01
3402,3438,4,2017-01-01,2017-03-01
1228,2697,4,2017-01-01,2017-03-01
1287,1581,4,2017-01-01,2017-03-01
3717,3791,4,2017-01-01,2017-03-01
3921,3994,4,2017-01-01,2017-03-01
4044,4088,4,2017-01-01,2017-03-01
246,3198,4,2017-01-01,2017-03-01
679,2175,4,2017-01-01,2017-03-01
609,3159,4,2017-01-01,2017-03-01
684,2570,4,2017-01-01,2017-03-01
314,3916,4,2017-01-01,2017-03-01
4317,4378,4,2017-01-01,2017-03-01
4309,4346,4,2017-01-01,2017-03-01
4329,4379,4,2017-01-01,2017-03-01
901,2939,4,2017-01-01,2017-03-01
4401,4488,4,2017-01-01,2017-03-01
4418,4467,4,2017-01-01,2017-03-01
4556,4595,4,2017-01-01,2017-03-01
4022,4331,4,2017-01-01,2017-03-01
1677,4556,4,2017-01-01,2017-03-01
1677,4522,4,2017-01-01,2017-03-01
1422,2758,4,2017-01-01,2017-03-01
2816,3152,4,2017-01-01,2017-03-01
1323,1444,4,2017-01-01,2017-03-01
933,1248,4,2017-01-01,2017-03-01
2743,2912,4,2017-01-01,2017-03-01
1315,1813,4,2017-01-01,2017-03-01
446,4690,4,2017-01-01,2017-03-01
2941,4016,4,2017-01-01,2017-03-01
1666,4339,4,2017-01-01,2017-03-01
2759,4012,4,2017-01-01,2017-03-01
2717,4042,4,2017-01-01,2017-03-01
2221,2498,4,2017-01-01,2017-03-01
920,2335,4,2017-01-01,2017-03-01
941,3654,4,2017-01-01,2017-03-01
2405,2963,4,2017-01-01,2017-03-01
1321,2901,4,2017-01-01,2017-03-01
1398,3679,4,2017-01-01,2017-03-01
375,384,4,2017-01-01,2017-03-01
634,699,4,2017-01-01,2017-03-01
636,687,4,2017-01-01,2017-03-01
874,891,4,2017-01-01,2017-03-01
1263,1273,4,2017-01-01,2017-03-01
1223,1297,4,2017-01-01,2017-03-01
382,795,4,2017-01-01,2017-03-01
768,1057,4,2017-01-01,2017-03-01
395,733,4,2017-01-01,2017-03-01
360,771,4,2017-01-01,2017-03-01
763,1057,4,2017-01-01,2017-03-01
1868,1878,4,2017-01-01,2017-03-01
1987,1997,4,2017-01-01,2017-03-01
1937,1967,4,2017-01-01,2017-03-01
2135,2181,4,2017-01-01,2017-03-01
2130,2162,4,2017-01-01,2017-03-01
2148,2160,4,2017-01-01,2017-03-01
2134,2142,4,2017-01-01,2017-03-01
2154,2188,4,2017-01-01,2017-03-01
2254,2293,4,2017-01-01,2017-03-01
2452,2460,4,2017-01-01,2017-03-01
2429,2469,4,2017-01-01,2017-03-01
3444,3493,4,2017-01-01,2017-03-01
1223,1506,4,2017-01-01,2017-03-01
1509,2627,4,2017-01-01,2017-03-01
3536,3567,4,2017-01-01,2017-03-01
724,3461,4,2017-01-01,2017-03-01
751,3440,4,2017-01-01,2017-03-01
763,3461,4,2017-01-01,2017-03-01
3712,3723,4,2017-01-01,2017-03-01
443,2510,4,2017-01-01,2017-03-01
248,2563,4,2017-01-01,2017-03-01
274,2539,4,2017-01-01,2017-03-01
1247,3916,4,2017-01-01,2017-03-01
2246,3556,4,2017-01-01,2017-03-01
4345,4396,4,2017-01-01,2017-03-01
1394,2939,4,2017-01-01,2017-03-01
2223,3510,4,2017-01-01,2017-03-01
2293,3547,4,2017-01-01,2017-03-01
4415,4425,4,2017-01-01,2017-03-01
2334,2498,4,2017-01-01,2017-03-01
2407,3671,4,2017-01-01,2017-03-01
2458,3679,4,2017-01-01,2017-03-01
4020,4344,4,2017-01-01,2017-03-01
4650,4661,4,2017-01-01,2017-03-01
204,2758,4,2017-01-01,2017-03-01
1439,1696,4,2017-01-01,2017-03-01
905,2754,4,2017-01-01,2017-03-01
2743,2972,4,2017-01-01,2017-03-01
2867,4080,4,2017-01-01,2017-03-01
2759,4083,4,2017-01-01,2017-03-01
407,4395,4,2017-01-01,2017-03-01
2655,3548,4,2017-01-01,2017-03-01
5112,5136,4,2017-01-01,2017-03-01
1387,2263,4,2017-01-01,2017-03-01
2458,3578,4,2017-01-01,2017-03-01
920,2977,4,2017-01-01,2017-03-01
1347,2963,4,2017-01-01,2017-03-01
3509,3679,4,2017-01-01,2017-03-01
3578,3654,4,2017-01-01,2017-03-01
126,1387,4,2017-01-01,2017-03-01
208,266,4,2017-01-01,2017-03-01
822,851,4,2017-01-01,2017-03-01
1003,1019,4,2017-01-01,2017-03-01
330,1013,4,2017-01-01,2017-03-01
313,1095,4,2017-01-01,2017-03-01
1034,1272,4,2017-01-01,2017-03-01
761,1001,4,2017-01-01,2017-03-01
1606,1617,4,2017-01-01,2017-03-01
1805,1893,4,2017-01-01,2017-03-01
1816,1828,4,2017-01-01,2017-03-01
1961,1970,4,2017-01-01,2017-03-01
1987,1989,4,2017-01-01,2017-03-01
2126,2189,4,2017-01-01,2017-03-01
2158,2163,4,2017-01-01,2017-03-01
2111,2114,4,2017-01-01,2017-03-01
2174,2196,4,2017-01-01,2017-03-01
2119,2160,4,2017-01-01,2017-03-01
2129,2141,4,2017-01-01,2017-03-01
2253,2274,4,2017-01-01,2017-03-01
2410,2425,4,2017-01-01,2017-03-01
2469,2478,4,2017-01-01,2017-03-01
2429,2496,4,2017-01-01,2017-03-01
2514,2521,4,2017-01-01,2017-03-01
2803,2809,4,2017-01-01,2017-03-01
3174,3198,4,2017-01-01,2017-03-01
296,3132,4,2017-01-01,2017-03-01
369,1598,4,2017-01-01,2017-03-01
3548,3552,4,2017-01-01,2017-03-01
740,3483,4,2017-01-01,2017-03-01
724,3436,4,2017-01-01,2017-03-01
364,3475,4,2017-01-01,2017-03-01
1095,3461,4,2017-01-01,2017-03-01
3822,3881,4,2017-01-01,2017-03-01
3865,3867,4,2017-01-01,2017-03-01
215,490,4,2017-01-01,2017-03-01
248,2522,4,2017-01-01,2017-03-01
299,2522,4,2017-01-01,2017-03-01
427,1693,4,2017-01-01,2017-03-01
4305,4346,4,2017-01-01,2017-03-01
1269,2573,4,2017-01-01,2017-03-01
2263,3502,4,2017-01-01,2017-03-01
2223,3578,4,2017-01-01,2017-03-01
4491,4499,4,2017-01-01,2017-03-01
4504,4590,4,2017-01-01,2017-03-01
4640,4650,4,2017-01-01,2017-03-01
4661,4672,4,2017-01-01,2017-03-01
4628,4645,4,2017-01-01,2017-03-01
1082,2911,4,2017-01-01,2017-03-01
2802,2911,4,2017-01-01,2017-03-01
945,2754,4,2017-01-01,2017-03-01
1484,4309,4,2017-01-01,2017-03-01
975,4016,4,2017-01-01,2017-03-01
2278,2570,4,2017-01-01,2017-03-01
5138,5156,4,2017-01-01,2017-03-01
2236,2405,4,2017-01-01,2017-03-01
1387,2928,4,2017-01-01,2017-03-01
2325,2901,4,2017-01-01,2017-03-01
1347,2951,4,2017-01-01,2017-03-01
2273,2935,4,2017-01-01,2017-03-01
2212,2963,4,2017-01-01,2017-03-01
2263,2928,4,2017-01-01,2017-03-01
1398,2951,4,2017-01-01,2017-03-01
645,684,4,2017-01-01,2017-03-01
378,1045,4,2017-01-01,2017-03-01
313,1029,4,2017-01-01,2017-03-01
721,1021,4,2017-01-01,2017-03-01
381,778,4,2017-01-01,2017-03-01
749,1043,4,2017-01-01,2017-03-01
1864,1884,4,2017-01-01,2017-03-01
1911,1947,4,2017-01-01,2017-03-01
2142,2160,4,2017-01-01,2017-03-01
2185,2188,4,2017-01-01,2017-03-01
2137,2142,4,2017-01-01,2017-03-01
2211,2238,4,2017-01-01,2017-03-01
2406,2469,4,2017-01-01,2017-03-01
2410,2492,4,2017-01-01,2017-03-01
2554,2568,4,2017-01-01,2017-03-01
3152,3173,4,2017-01-01,2017-03-01
645,3107,4,2017-01-01,2017-03-01
3440,3447,4,2017-01-01,2017-03-01
3411,3414,4,2017-01-01,2017-03-01
333,2608,4,2017-01-01,2017-03-01
3548,3582,4,2017-01-01,2017-03-01
740,3413,4,2017-01-01,2017-03-01
763,3413,4,2017-01-01,2017-03-01
3770,3776,4,2017-01-01,2017-03-01
3916,3980,4,2017-01-01,2017-03-01
3913,3978,4,2017-01-01,2017-03-01
4051,4078,4,2017-01-01,2017-03-01
4029,4051,4,2017-01-01,2017-03-01
4025,4037,4,2017-01-01,2017-03-01
4013,4088,4,2017-01-01,2017-03-01
4042,4060,4,2017-01-01,2017-03-01
4036,4058,4,2017-01-01,2017-03-01
221,2153,4,2017-01-01,2017-03-01
1458,2728,4,2017-01-01,2017-03-01
1853,2793,4,2017-01-01,2017-03-01
2563,3180,4,2017-01-01,2017-03-01
443,3104,4,2017-01-01,2017-03-01
606,1300,4,2017-01-01,2017-03-01
274,2570,4,2017-01-01,2017-03-01
2561,3184,4,2017-01-01,2017-03-01
314,3940,4,2017-01-01,2017-03-01
655,3446,4,2017-01-01,2017-03-01
601,1692,4,2017-01-01,2017-03-01
4330,4379,4,2017-01-01,2017-03-01
4338,4386,4,2017-01-01,2017-03-01
4320,4398,4,2017-01-01,2017-03-01
440,3913,4,2017-01-01,2017-03-01
1844,2717,4,2017-01-01,2017-03-01
2754,2905,4,2017-01-01,2017-03-01
2941,4053,4,2017-01-01,2017-03-01
2969,4083,4,2017-01-01,2017-03-01
1464,4364,4,2017-01-01,2017-03-01
1482,4339,4,2017-01-01,2017-03-01
407,4053,4,2017-01-01,2017-03-01
1384,2965,4,2017-01-01,2017-03-01
1343,2295,4,2017-01-01,2017-03-01
542,556,4,2017-01-01,2017-03-01
536,542,4,2017-01-01,2017-03-01
832,839,4,2017-01-01,2017-03-01
366,1021,4,2017-01-01,2017-03-01
1226,1252,4,2017-01-01,2017-03-01
1427,1458,4,2017-01-01,2017-03-01
382,778,4,2017-01-01,2017-03-01
354,763,4,2017-01-01,2017-03-01
368,766,4,2017-01-01,2017-03-01
795,1073,4,2017-01-01,2017-03-01
1828,1878,4,2017-01-01,2017-03-01
1960,1973,4,2017-01-01,2017-03-01
1916,1962,4,2017-01-01,2017-03-01
1946,1999,4,2017-01-01,2017-03-01
1917,1938,4,2017-01-01,2017-03-01
2126,2155,4,2017-01-01,2017-03-01
2111,2145,4,2017-01-01,2017-03-01
2114,2189,4,2017-01-01,2017-03-01
2110,2155,4,2017-01-01,2017-03-01
2250,2292,4,2017-01-01,2017-03-01
2514,2600,4,2017-01-01,2017-03-01
3146,3199,4,2017-01-01,2017-03-01
3312,3346,4,2017-01-01,2017-03-01
230,3141,4,2017-01-01,2017-03-01
276,670,4,2017-01-01,2017-03-01
3405,3439,4,2017-01-01,2017-03-01
3439,3476,4,2017-01-01,2017-03-01
3461,3493,4,2017-01-01,2017-03-01
3504,3552,4,2017-01-01,2017-03-01
772,3490,4,2017-01-01,2017-03-01
760,3491,4,2017-01-01,2017-03-01
3815,3824,4,2017-01-01,2017-03-01
3921,3949,4,2017-01-01,2017-03-01
4066,4078,4,2017-01-01,2017-03-01
603,2186,4,2017-01-01,2017-03-01
221,679,4,2017-01-01,2017-03-01
1427,1864,4,2017-01-01,2017-03-01
1808,2793,4,2017-01-01,2017-03-01
622,2547,4,2017-01-01,2017-03-01
1693,2545,4,2017-01-01,2017-03-01
2521,3180,4,2017-01-01,2017-03-01
965,1362,4,2017-01-01,2017-03-01
4336,4353,4,2017-01-01,2017-03-01
4336,4362,4,2017-01-01,2017-03-01
4358,4383,4,2017-01-01,2017-03-01
211,2699,4,2017-01-01,2017-03-01
4429,4473,4,2017-01-01,2017-03-01
4407,4452,4,2017-01-01,2017-03-01
4405,4411,4,2017-01-01,2017-03-01
2427,3698,4,2017-01-01,2017-03-01
4609,4618,4,2017-01-01,2017-03-01
979,1082,4,2017-01-01,2017-03-01
928,4016,4,2017-01-01,2017-03-01
2959,4309,4,2017-01-01,2017-03-01
1818,4012,4,2017-01-01,2017-03-01
1387,3635,4,2017-01-01,2017-03-01
2221,2928,4,2017-01-01,2017-03-01
977,2924,4,2017-01-01,2017-03-01
988,2467,4,2017-01-01,2017-03-01
2407,3536,4,2017-01-01,2017-03-01
1313,3675,4,2017-01-01,2017-03-01
604,646,4,2017-01-01,2017-03-01
888,895,4,2017-01-01,2017-03-01
315,1038,4,2017-01-01,2017-03-01
392,766,4,2017-01-01,2017-03-01
1922,1974,4,2017-01-01,2017-03-01
1951,1957,4,2017-01-01,2017-03-01
1946,1993,4,2017-01-01,2017-03-01
1971,1986,4,2017-01-01,2017-03-01
1941,1988,4,2017-01-01,2017-03-01
1917,1920,4,2017-01-01,2017-03-01
2042,2072,4,2017-01-01,2017-03-01
2150,2194,4,2017-01-01,2017-03-01
2111,2142,4,2017-01-01,2017-03-01
2116,2144,4,2017-01-01,2017-03-01
2201,2234,4,2017-01-01,2017-03-01
2220,2292,4,2017-01-01,2017-03-01
2429,2462,4,2017-01-01,2017-03-01
3155,3159,4,2017-01-01,2017-03-01
3157,3169,4,2017-01-01,2017-03-01
271,638,4,2017-01-01,2017-03-01
3467,3473,4,2017-01-01,2017-03-01
1066,2699,4,2017-01-01,2017-03-01
2181,3177,4,2017-01-01,2017-03-01
701,3490,4,2017-01-01,2017-03-01
772,3402,4,2017-01-01,2017-03-01
3706,3775,4,2017-01-01,2017-03-01
3901,3966,4,2017-01-01,2017-03-01
3988,3994,4,2017-01-01,2017-03-01
4034,4087,4,2017-01-01,2017-03-01
244,3122,4,2017-01-01,2017-03-01
1853,2781,4,2017-01-01,2017-03-01
1498,1828,4,2017-01-01,2017-03-01
255,1645,4,2017-01-01,2017-03-01
3172,3451,4,2017-01-01,2017-03-01
440,3162,4,2017-01-01,2017-03-01
205,2514,4,2017-01-01,2017-03-01
4366,4386,4,2017-01-01,2017-03-01
2279,3510,4,2017-01-01,2017-03-01
2255,3502,4,2017-01-01,2017-03-01
4409,4496,4,2017-01-01,2017-03-01
126,3679,4,2017-01-01,2017-03-01
126,2405,4,2017-01-01,2017-03-01
4646,4665,4,2017-01-01,2017-03-01
1666,1844,4,2017-01-01,2017-03-01
1369,1444,4,2017-01-01,2017-03-01
2509,4671,4,2017-01-01,2017-03-01
928,4066,4,2017-01-01,2017-03-01
1464,4052,4,2017-01-01,2017-03-01
975,4316,4,2017-01-01,2017-03-01
912,2263,4,2017-01-01,2017-03-01
920,2325,4,2017-01-01,2017-03-01
2263,3678,4,2017-01-01,2017-03-01
923,2236,4,2017-01-01,2017-03-01
141,3509,4,2017-01-01,2017-03-01
646,684,4,2017-01-01,2017-03-01
1157,1180,4,2017-01-01,2017-03-01
204,229,4,2017-01-01,2017-03-01
603,628,4,2017-01-01,2017-03-01
811,889,4,2017-01-01,2017-03-01
330,1051,4,2017-01-01,2017-03-01
309,1001,4,2017-01-01,2017-03-01
1414,1423,4,2017-01-01,2017-03-01
733,1013,4,2017-01-01,2017-03-01
1507,1532,4,2017-01-01,2017-03-01
1808,1878,4,2017-01-01,2017-03-01
1878,1884,4,2017-01-01,2017-03-01
1830,1865,4,2017-01-01,2017-03-01
1966,1987,4,2017-01-01,2017-03-01
1916,1991,4,2017-01-01,2017-03-01
1902,1937,4,2017-01-01,2017-03-01
2140,2181,4,2017-01-01,2017-03-01
2146,2191,4,2017-01-01,2017-03-01
2126,2148,4,2017-01-01,2017-03-01
2165,2182,4,2017-01-01,2017-03-01
2154,2189,4,2017-01-01,2017-03-01
2110,2162,4,2017-01-01,2017-03-01
2264,2272,4,2017-01-01,2017-03-01
2462,2464,4,2017-01-01,2017-03-01
2705,2773,4,2017-01-01,2017-03-01
1594,2627,4,2017-01-01,2017-03-01
3567,3578,4,2017-01-01,2017-03-01
724,3405,4,2017-01-01,2017-03-01
364,3490,4,2017-01-01,2017-03-01
760,3402,4,2017-01-01,2017-03-01
3706,3729,4,2017-01-01,2017-03-01
3706,3739,4,2017-01-01,2017-03-01
3723,3739,4,2017-01-01,2017-03-01
3807,3849,4,2017-01-01,2017-03-01
3901,3931,4,2017-01-01,2017-03-01
4061,4071,4,2017-01-01,2017-03-01
4022,4087,4,2017-01-01,2017-03-01
4034,4071,4,2017-01-01,2017-03-01
292,3193,4,2017-01-01,2017-03-01
467,660,4,2017-01-01,2017-03-01
2608,3940,4,2017-01-01,2017-03-01
2243,3561,4,2017-01-01,2017-03-01
641,3411,4,2017-01-01,2017-03-01
205,1297,4,2017-01-01,2017-03-01
4336,4380,4,2017-01-01,2017-03-01
4339,4362,4,2017-01-01,2017-03-01
913,1394,4,2017-01-01,2017-03-01
994,1394,4,2017-01-01,2017-03-01
2212,3578,4,2017-01-01,2017-03-01
2273,3510,4,2017-01-01,2017-03-01
2295,3578,4,2017-01-01,2017-03-01
4409,4491,4,2017-01-01,2017-03-01
4043,4357,4,2017-01-01,2017-03-01
4657,4661,4,2017-01-01,2017-03-01
1844,2758,4,2017-01-01,2017-03-01
940,2743,4,2017-01-01,2017-03-01
1315,1837,4,2017-01-01,2017-03-01
2867,4373,4,2017-01-01,2017-03-01
2941,4373,4,2017-01-01,2017-03-01
1464,4316,4,2017-01-01,2017-03-01
2717,4066,4,2017-01-01,2017-03-01
1696,4017,4,2017-01-01,2017-03-01
5146,5193,4,2017-01-01,2017-03-01
2273,3698,4,2017-01-01,2017-03-01
2932,3578,4,2017-01-01,2017-03-01
2212,2935,4,2017-01-01,2017-03-01
2255,2901,4,2017-01-01,2017-03-01
47,56,4,2017-01-01,2017-03-01
269,296,4,2017-01-01,2017-03-01
666,694,4,2017-01-01,2017-03-01
801,881,4,2017-01-01,2017-03-01
385,1072,4,2017-01-01,2017-03-01
1210,1249,4,2017-01-01,2017-03-01
1313,1384,4,2017-01-01,2017-03-01
1343,1387,4,2017-01-01,2017-03-01
1437,1453,4,2017-01-01,2017-03-01
1443,1463,4,2017-01-01,2017-03-01
328,701,4,2017-01-01,2017-03-01
749,1021,4,2017-01-01,2017-03-01
1805,1855,4,2017-01-01,2017-03-01
1842,1864,4,2017-01-01,2017-03-01
1991,1997,4,2017-01-01,2017-03-01
1960,1997,4,2017-01-01,2017-03-01
1916,1933,4,2017-01-01,2017-03-01
1947,1999,4,2017-01-01,2017-03-01
1911,1957,4,2017-01-01,2017-03-01
2140,2142,4,2017-01-01,2017-03-01
2158,2162,4,2017-01-01,2017-03-01
2110,2122,4,2017-01-01,2017-03-01
2110,2187,4,2017-01-01,2017-03-01
2430,2452,4,2017-01-01,2017-03-01
2551,2571,4,2017-01-01,2017-03-01
2985,2996,4,2017-01-01,2017-03-01
624,3192,4,2017-01-01,2017-03-01
611,3199,4,2017-01-01,2017-03-01
234,3178,4,2017-01-01,2017-03-01
3491,3493,4,2017-01-01,2017-03-01
3405,3479,4,2017-01-01,2017-03-01
3451,3483,4,2017-01-01,2017-03-01
3477,3493,4,2017-01-01,2017-03-01
3567,3589,4,2017-01-01,2017-03-01
3702,3712,4,2017-01-01,2017-03-01
3805,3831,4,2017-01-01,2017-03-01
3941,3955,4,2017-01-01,2017-03-01
3959,3967,4,2017-01-01,2017-03-01
4051,4080,4,2017-01-01,2017-03-01
4063,4078,4,2017-01-01,2017-03-01
272,2153,4,2017-01-01,2017-03-01
289,3195,4,2017-01-01,2017-03-01
603,2153,4,2017-01-01,2017-03-01
2186,3151,4,2017-01-01,2017-03-01
4164,4165,4,2017-01-01,2017-03-01
293,2522,4,2017-01-01,2017-03-01
610,2521,4,2017-01-01,2017-03-01
1066,3980,4,2017-01-01,2017-03-01
1066,3933,4,2017-01-01,2017-03-01
2608,3955,4,2017-01-01,2017-03-01
416,2870,4,2017-01-01,2017-03-01
4371,4399,4,2017-01-01,2017-03-01
975,1323,4,2017-01-01,2017-03-01
4420,4460,4,2017-01-01,2017-03-01
4405,4491,4,2017-01-01,2017-03-01
4418,4499,4,2017-01-01,2017-03-01
2334,3671,4,2017-01-01,2017-03-01
4551,4556,4,2017-01-01,2017-03-01
4057,4321,4,2017-01-01,2017-03-01
4040,4331,4,2017-01-01,2017-03-01
4646,4696,4,2017-01-01,2017-03-01
1248,2776,4,2017-01-01,2017-03-01
1351,1837,4,2017-01-01,2017-03-01
1322,2758,4,2017-01-01,2017-03-01
1484,4042,4,2017-01-01,2017-03-01
975,4080,4,2017-01-01,2017-03-01
2783,4059,4,2017-01-01,2017-03-01
2511,4016,4,2017-01-01,2017-03-01
1387,2325,4,2017-01-01,2017-03-01
2458,2901,4,2017-01-01,2017-03-01
1330,2335,4,2017-01-01,2017-03-01
923,2405,4,2017-01-01,2017-03-01
3540,3698,4,2017-01-01,2017-03-01
167,184,4,2017-01-01,2017-03-01
229,283,4,2017-01-01,2017-03-01
212,266,4,2017-01-01,2017-03-01
605,650,4,2017-01-01,2017-03-01
805,862,4,2017-01-01,2017-03-01
324,1025,4,2017-01-01,2017-03-01
1413,1472,4,2017-01-01,2017-03-01
837,859,4,2017-01-01,2017-03-01
1401,1430,4,2017-01-01,2017-03-01
354,709,4,2017-01-01,2017-03-01
797,1057,4,2017-01-01,2017-03-01
792,1029,4,2017-01-01,2017-03-01
1853,1891,4,2017-01-01,2017-03-01
1828,1867,4,2017-01-01,2017-03-01
1914,1918,4,2017-01-01,2017-03-01
1962,1973,4,2017-01-01,2017-03-01
1922,1937,4,2017-01-01,2017-03-01
1902,1916,4,2017-01-01,2017-03-01
2144,2158,4,2017-01-01,2017-03-01
2119,2155,4,2017-01-01,2017-03-01
2119,2189,4,2017-01-01,2017-03-01
2110,2165,4,2017-01-01,2017-03-01
2247,2271,4,2017-01-01,2017-03-01
2209,2275,4,2017-01-01,2017-03-01
2222,2254,4,2017-01-01,2017-03-01
2216,2228,4,2017-01-01,2017-03-01
2469,2484,4,2017-01-01,2017-03-01
2068,2335,4,2017-01-01,2017-03-01
3120,3149,4,2017-01-01,2017-03-01
611,3117,4,2017-01-01,2017-03-01
276,3123,4,2017-01-01,2017-03-01
625,3149,4,2017-01-01,2017-03-01
3446,3475,4,2017-01-01,2017-03-01
3436,3438,4,2017-01-01,2017-03-01
3425,3464,4,2017-01-01,2017-03-01
1542,2655,4,2017-01-01,2017-03-01
1506,2655,4,2017-01-01,2017-03-01
724,3413,4,2017-01-01,2017-03-01
701,3405,4,2017-01-01,2017-03-01
763,3421,4,2017-01-01,2017-03-01
4037,4080,4,2017-01-01,2017-03-01
4057,4072,4,2017-01-01,2017-03-01
4034,4061,4,2017-01-01,2017-03-01
4080,4088,4,2017-01-01,2017-03-01
272,609,4,2017-01-01,2017-03-01
244,2178,4,2017-01-01,2017-03-01
679,2199,4,2017-01-01,2017-03-01
1300,1645,4,2017-01-01,2017-03-01
2655,3974,4,2017-01-01,2017-03-01
681,2545,4,2017-01-01,2017-03-01
1692,2539,4,2017-01-01,2017-03-01
933,2969,4,2017-01-01,2017-03-01
2293,3502,4,2017-01-01,2017-03-01
4409,4467,4,2017-01-01,2017-03-01
2334,3639,4,2017-01-01,2017-03-01
4506,4595,4,2017-01-01,2017-03-01
4092,4329,4,2017-01-01,2017-03-01
4063,4346,4,2017-01-01,2017-03-01
4633,4680,4,2017-01-01,2017-03-01
2759,2816,4,2017-01-01,2017-03-01
1696,3152,4,2017-01-01,2017-03-01
2754,2972,4,2017-01-01,2017-03-01
945,1082,4,2017-01-01,2017-03-01
446,4656,4,2017-01-01,2017-03-01
1818,4066,4,2017-01-01,2017-03-01
2441,3509,4,2017-01-01,2017-03-01
1330,2437,4,2017-01-01,2017-03-01
293,294,4,2017-01-01,2017-03-01
280,296,4,2017-01-01,2017-03-01
649,673,4,2017-01-01,2017-03-01
665,692,4,2017-01-01,2017-03-01
805,851,4,2017-01-01,2017-03-01
305,1073,4,2017-01-01,2017-03-01
305,1056,4,2017-01-01,2017-03-01
354,1026,4,2017-01-01,2017-03-01
778,1026,4,2017-01-01,2017-03-01
797,1053,4,2017-01-01,2017-03-01
768,1013,4,2017-01-01,2017-03-01
308,750,4,2017-01-01,2017-03-01
1504,1539,4,2017-01-01,2017-03-01
2148,2187,4,2017-01-01,2017-03-01
2121,2191,4,2017-01-01,2017-03-01
2116,2190,4,2017-01-01,2017-03-01
3249,3279,4,2017-01-01,2017-03-01
3203,3249,4,2017-01-01,2017-03-01
276,3180,4,2017-01-01,2017-03-01
3476,3483,4,2017-01-01,2017-03-01
1236,1553,4,2017-01-01,2017-03-01
364,3444,4,2017-01-01,2017-03-01
3949,3988,4,2017-01-01,2017-03-01
4037,4053,4,2017-01-01,2017-03-01
4012,4090,4,2017-01-01,2017-03-01
1458,2792,4,2017-01-01,2017-03-01
1542,3901,4,2017-01-01,2017-03-01
2205,3529,4,2017-01-01,2017-03-01
2248,3518,4,2017-01-01,2017-03-01
655,3451,4,2017-01-01,2017-03-01
4324,4330,4,2017-01-01,2017-03-01
4345,4361,4,2017-01-01,2017-03-01
4010,4340,4,2017-01-01,2017-03-01
1422,2783,4,2017-01-01,2017-03-01
1337,4316,4,2017-01-01,2017-03-01
1464,4012,4,2017-01-01,2017-03-01
1696,4353,4,2017-01-01,2017-03-01
2511,4373,4,2017-01-01,2017-03-01
1387,2255,4,2017-01-01,2017-03-01
1387,2335,4,2017-01-01,2017-03-01
946,2334,4,2017-01-01,2017-03-01
920,3536,4,2017-01-01,2017-03-01
988,1330,4,2017-01-01,2017-03-01
130,1358,4,2017-01-01,2017-03-01
923,3509,4,2017-01-01,2017-03-01
2977,3635,4,2017-01-01,2017-03-01
401,416,4,2017-01-01,2017-03-01
620,694,4,2017-01-01,2017-03-01
649,679,4,2017-01-01,2017-03-01
745,777,4,2017-01-01,2017-03-01
867,876,4,2017-01-01,2017-03-01
832,843,4,2017-01-01,2017-03-01
385,1001,4,2017-01-01,2017-03-01
368,1044,4,2017-01-01,2017-03-01
1221,1254,4,2017-01-01,2017-03-01
1443,1489,4,2017-01-01,2017-03-01
1452,1463,4,2017-01-01,2017-03-01
1456,1463,4,2017-01-01,2017-03-01
315,1072,4,2017-01-01,2017-03-01
392,752,4,2017-01-01,2017-03-01
1836,1897,4,2017-01-01,2017-03-01
1865,1878,4,2017-01-01,2017-03-01
1979,1997,4,2017-01-01,2017-03-01
1956,1990,4,2017-01-01,2017-03-01
1922,1941,4,2017-01-01,2017-03-01
1920,1973,4,2017-01-01,2017-03-01
1905,1957,4,2017-01-01,2017-03-01
1976,1986,4,2017-01-01,2017-03-01
1903,1975,4,2017-01-01,2017-03-01
2140,2188,4,2017-01-01,2017-03-01
2142,2181,4,2017-01-01,2017-03-01
2124,2158,4,2017-01-01,2017-03-01
2111,2120,4,2017-01-01,2017-03-01
2122,2136,4,2017-01-01,2017-03-01
2141,2162,4,2017-01-01,2017-03-01
2261,2300,4,2017-01-01,2017-03-01
2403,2435,4,2017-01-01,2017-03-01
2928,2935,4,2017-01-01,2017-03-01
3123,3132,4,2017-01-01,2017-03-01
3145,3173,4,2017-01-01,2017-03-01
3206,3210,4,2017-01-01,2017-03-01
226,610,4,2017-01-01,2017-03-01
1598,2681,4,2017-01-01,2017-03-01
2181,3119,4,2017-01-01,2017-03-01
1053,3490,4,2017-01-01,2017-03-01
716,3414,4,2017-01-01,2017-03-01
3908,3955,4,2017-01-01,2017-03-01
272,2152,4,2017-01-01,2017-03-01
244,3193,4,2017-01-01,2017-03-01
263,2178,4,2017-01-01,2017-03-01
2153,3114,4,2017-01-01,2017-03-01
2186,3167,4,2017-01-01,2017-03-01
1673,3162,4,2017-01-01,2017-03-01
1297,1693,4,2017-01-01,2017-03-01
4347,4358,4,2017-01-01,2017-03-01
848,3787,4,2017-01-01,2017-03-01
2273,3502,4,2017-01-01,2017-03-01
2293,3540,4,2017-01-01,2017-03-01
4415,4496,4,2017-01-01,2017-03-01
4417,4484,4,2017-01-01,2017-03-01
4506,4522,4,2017-01-01,2017-03-01
4655,4675,4,2017-01-01,2017-03-01
1444,2867,4,2017-01-01,2017-03-01
1844,2867,4,2017-01-01,2017-03-01
1310,1444,4,2017-01-01,2017-03-01
962,2754,4,2017-01-01,2017-03-01
1337,4080,4,2017-01-01,2017-03-01
975,4059,4,2017-01-01,2017-03-01
5171,5194,4,2017-01-01,2017-03-01
1358,2407,4,2017-01-01,2017-03-01
912,3639,4,2017-01-01,2017-03-01
912,2335,4,2017-01-01,2017-03-01
2407,2910,4,2017-01-01,2017-03-01
2407,2928,4,2017-01-01,2017-03-01
3540,3648,4,2017-01-01,2017-03-01
510,568,4,2017-01-01,2017-03-01
655,679,4,2017-01-01,2017-03-01
819,895,4,2017-01-01,2017-03-01
1027,1028,4,2017-01-01,2017-03-01
1384,1387,4,2017-01-01,2017-03-01
208,223,4,2017-01-01,2017-03-01
837,839,4,2017-01-01,2017-03-01
308,1029,4,2017-01-01,2017-03-01
334,1045,4,2017-01-01,2017-03-01
1212,1223,4,2017-01-01,2017-03-01
1309,1321,4,2017-01-01,2017-03-01
750,1002,4,2017-01-01,2017-03-01
761,1053,4,2017-01-01,2017-03-01
376,774,4,2017-01-01,2017-03-01
1666,1670,4,2017-01-01,2017-03-01
1914,1947,4,2017-01-01,2017-03-01
1920,1988,4,2017-01-01,2017-03-01
1974,1989,4,2017-01-01,2017-03-01
2142,2145,4,2017-01-01,2017-03-01
2120,2188,4,2017-01-01,2017-03-01
2168,2190,4,2017-01-01,2017-03-01
2202,2275,4,2017-01-01,2017-03-01
2447,2462,4,2017-01-01,2017-03-01
2438,2469,4,2017-01-01,2017-03-01
3039,3063,4,2017-01-01,2017-03-01
3428,3455,4,2017-01-01,2017-03-01
1569,2674,4,2017-01-01,2017-03-01
3553,3556,4,2017-01-01,2017-03-01
3556,3582,4,2017-01-01,2017-03-01
740,3475,4,2017-01-01,2017-03-01
3806,3831,4,2017-01-01,2017-03-01
679,3114,4,2017-01-01,2017-03-01
4305,4373,4,2017-01-01,2017-03-01
1391,2906,4,2017-01-01,2017-03-01
915,1370,4,2017-01-01,2017-03-01
951,1310,4,2017-01-01,2017-03-01
3104,3924,4,2017-01-01,2017-03-01
1014,2570,4,2017-01-01,2017-03-01
2255,3563,4,2017-01-01,2017-03-01
2293,3554,4,2017-01-01,2017-03-01
4088,4371,4,2017-01-01,2017-03-01
4615,4640,4,2017-01-01,2017-03-01
4633,4686,4,2017-01-01,2017-03-01
1248,1323,4,2017-01-01,2017-03-01
2941,4044,4,2017-01-01,2017-03-01
2789,4399,4,2017-01-01,2017-03-01
920,2221,4,2017-01-01,2017-03-01
1347,2441,4,2017-01-01,2017-03-01
972,2221,4,2017-01-01,2017-03-01
126,972,4,2017-01-01,2017-03-01
275,294,4,2017-01-01,2017-03-01
205,232,4,2017-01-01,2017-03-01
289,290,4,2017-01-01,2017-03-01
845,884,4,2017-01-01,2017-03-01
947,968,4,2017-01-01,2017-03-01
1274,1290,4,2017-01-01,2017-03-01
1236,1247,4,2017-01-01,2017-03-01
1264,1289,4,2017-01-01,2017-03-01
210,232,4,2017-01-01,2017-03-01
376,1095,4,2017-01-01,2017-03-01
358,1288,4,2017-01-01,2017-03-01
354,791,4,2017-01-01,2017-03-01
364,706,4,2017-01-01,2017-03-01
309,795,4,2017-01-01,2017-03-01
786,1073,4,2017-01-01,2017-03-01
786,1025,4,2017-01-01,2017-03-01
392,764,4,2017-01-01,2017-03-01
392,746,4,2017-01-01,2017-03-01
1042,1212,4,2017-01-01,2017-03-01
1808,1816,4,2017-01-01,2017-03-01
1821,1883,4,2017-01-01,2017-03-01
1987,1988,4,2017-01-01,2017-03-01
1974,1979,4,2017-01-01,2017-03-01
1938,1941,4,2017-01-01,2017-03-01
1902,1960,4,2017-01-01,2017-03-01
2140,2158,4,2017-01-01,2017-03-01
2122,2181,4,2017-01-01,2017-03-01
2110,2189,4,2017-01-01,2017-03-01
2206,2264,4,2017-01-01,2017-03-01
2413,2464,4,2017-01-01,2017-03-01
3134,3195,4,2017-01-01,2017-03-01
243,604,4,2017-01-01,2017-03-01
269,607,4,2017-01-01,2017-03-01
333,1569,4,2017-01-01,2017-03-01
1269,2681,4,2017-01-01,2017-03-01
1542,2674,4,2017-01-01,2017-03-01
3577,3586,4,2017-01-01,2017-03-01
3518,3561,4,2017-01-01,2017-03-01
751,3410,4,2017-01-01,2017-03-01
4012,4069,4,2017-01-01,2017-03-01
272,690,4,2017-01-01,2017-03-01
2152,3151,4,2017-01-01,2017-03-01
679,3182,4,2017-01-01,2017-03-01
263,679,4,2017-01-01,2017-03-01
286,603,4,2017-01-01,2017-03-01
1300,2586,4,2017-01-01,2017-03-01
248,2573,4,2017-01-01,2017-03-01
230,1005,4,2017-01-01,2017-03-01
1508,2626,4,2017-01-01,2017-03-01
2608,3916,4,2017-01-01,2017-03-01
681,1293,4,2017-01-01,2017-03-01
4362,4395,4,2017-01-01,2017-03-01
2221,3554,4,2017-01-01,2017-03-01
4403,4405,4,2017-01-01,2017-03-01
4403,4467,4,2017-01-01,2017-03-01
1444,1818,4,2017-01-01,2017-03-01
2769,2992,4,2017-01-01,2017-03-01
915,4052,4,2017-01-01,2017-03-01
1666,4012,4,2017-01-01,2017-03-01
975,4042,4,2017-01-01,2017-03-01
2717,4353,4,2017-01-01,2017-03-01
2511,4042,4,2017-01-01,2017-03-01
407,4052,4,2017-01-01,2017-03-01
2335,2932,4,2017-01-01,2017-03-01
946,2279,4,2017-01-01,2017-03-01
1347,2334,4,2017-01-01,2017-03-01
2223,2935,4,2017-01-01,2017-03-01
2255,3678,4,2017-01-01,2017-03-01
1384,2212,4,2017-01-01,2017-03-01
294,296,4,2017-01-01,2017-03-01
611,688,4,2017-01-01,2017-03-01
722,779,4,2017-01-01,2017-03-01
851,894,4,2017-01-01,2017-03-01
1024,1063,4,2017-01-01,2017-03-01
368,1007,4,2017-01-01,2017-03-01
609,696,4,2017-01-01,2017-03-01
395,1038,4,2017-01-01,2017-03-01
773,1073,4,2017-01-01,2017-03-01
755,1035,4,2017-01-01,2017-03-01
395,706,4,2017-01-01,2017-03-01
1974,1990,4,2017-01-01,2017-03-01
1902,1913,4,2017-01-01,2017-03-01
2150,2171,4,2017-01-01,2017-03-01
2122,2182,4,2017-01-01,2017-03-01
2134,2189,4,2017-01-01,2017-03-01
2129,2162,4,2017-01-01,2017-03-01
2277,2299,4,2017-01-01,2017-03-01
2261,2282,4,2017-01-01,2017-03-01
2212,2254,4,2017-01-01,2017-03-01
2249,2268,4,2017-01-01,2017-03-01
2254,2295,4,2017-01-01,2017-03-01
2705,2709,4,2017-01-01,2017-03-01
2951,2996,4,2017-01-01,2017-03-01
3120,3173,4,2017-01-01,2017-03-01
294,3109,4,2017-01-01,2017-03-01
294,3112,4,2017-01-01,2017-03-01
283,3149,4,2017-01-01,2017-03-01
276,3199,4,2017-01-01,2017-03-01
3438,3440,4,2017-01-01,2017-03-01
333,1561,4,2017-01-01,2017-03-01
369,1503,4,2017-01-01,2017-03-01
746,3477,4,2017-01-01,2017-03-01
701,3436,4,2017-01-01,2017-03-01
716,3405,4,2017-01-01,2017-03-01
4025,4063,4,2017-01-01,2017-03-01
246,3188,4,2017-01-01,2017-03-01
610,2586,4,2017-01-01,2017-03-01
275,2521,4,2017-01-01,2017-03-01
660,2537,4,2017-01-01,2017-03-01
4332,4399,4,2017-01-01,2017-03-01
4425,4496,4,2017-01-01,2017-03-01
4607,4645,4,2017-01-01,2017-03-01
4614,4673,4,2017-01-01,2017-03-01
1439,2867,4,2017-01-01,2017-03-01
1484,4399,4,2017-01-01,2017-03-01
2969,4399,4,2017-01-01,2017-03-01
2959,4388,4,2017-01-01,2017-03-01
975,4025,4,2017-01-01,2017-03-01
1696,4364,4,2017-01-01,2017-03-01
5170,5198,4,2017-01-01,2017-03-01
1358,2255,4,2017-01-01,2017-03-01
2437,3536,4,2017-01-01,2017-03-01
141,3589,4,2017-01-01,2017-03-01
477,482,4,2017-01-01,2017-03-01
680,684,4,2017-01-01,2017-03-01
805,822,4,2017-01-01,2017-03-01
819,899,4,2017-01-01,2017-03-01
917,937,4,2017-01-01,2017-03-01
907,918,4,2017-01-01,2017-03-01
946,972,4,2017-01-01,2017-03-01
1009,1037,4,2017-01-01,2017-03-01
376,1051,4,2017-01-01,2017-03-01
1012,1100,4,2017-01-01,2017-03-01
308,1007,4,2017-01-01,2017-03-01
355,1007,4,2017-01-01,2017-03-01
1034,1205,4,2017-01-01,2017-03-01
382,749,4,2017-01-01,2017-03-01
778,1035,4,2017-01-01,2017-03-01
791,1023,4,2017-01-01,2017-03-01
751,1029,4,2017-01-01,2017-03-01
392,762,4,2017-01-01,2017-03-01
324,791,4,2017-01-01,2017-03-01
761,1057,4,2017-01-01,2017-03-01
1962,1989,4,2017-01-01,2017-03-01
2176,2198,4,2017-01-01,2017-03-01
2142,2148,4,2017-01-01,2017-03-01
2119,2142,4,2017-01-01,2017-03-01
2276,2288,4,2017-01-01,2017-03-01
2206,2247,4,2017-01-01,2017-03-01
2241,2290,4,2017-01-01,2017-03-01
2452,2484,4,2017-01-01,2017-03-01
2538,2551,4,2017-01-01,2017-03-01
3172,3174,4,2017-01-01,2017-03-01
274,3157,4,2017-01-01,2017-03-01
3447,3476,4,2017-01-01,2017-03-01
1581,2674,4,2017-01-01,2017-03-01
1587,2655,4,2017-01-01,2017-03-01
3707,3779,4,2017-01-01,2017-03-01
3808,3867,4,2017-01-01,2017-03-01
3955,3989,4,2017-01-01,2017-03-01
4011,4029,4,2017-01-01,2017-03-01
281,609,4,2017-01-01,2017-03-01
218,2183,4,2017-01-01,2017-03-01
1479,2728,4,2017-01-01,2017-03-01
1300,1693,4,2017-01-01,2017-03-01
1300,2510,4,2017-01-01,2017-03-01
299,2567,4,2017-01-01,2017-03-01
606,2563,4,2017-01-01,2017-03-01
255,490,4,2017-01-01,2017-03-01
231,2561,4,2017-01-01,2017-03-01
628,3479,4,2017-01-01,2017-03-01
3172,3411,4,2017-01-01,2017-03-01
255,1673,4,2017-01-01,2017-03-01
4362,4373,4,2017-01-01,2017-03-01
4336,4388,4,2017-01-01,2017-03-01
975,1391,4,2017-01-01,2017-03-01
2570,2667,4,2017-01-01,2017-03-01
2223,3563,4,2017-01-01,2017-03-01
126,2441,4,2017-01-01,2017-03-01
4615,4685,4,2017-01-01,2017-03-01
1248,1844,4,2017-01-01,2017-03-01
204,1696,4,2017-01-01,2017-03-01
1074,2776,4,2017-01-01,2017-03-01
928,4395,4,2017-01-01,2017-03-01
1482,4395,4,2017-01-01,2017-03-01
5120,5157,4,2017-01-01,2017-03-01
1387,3639,4,2017-01-01,2017-03-01
1330,2427,4,2017-01-01,2017-03-01
2295,2965,4,2017-01-01,2017-03-01
276,294,4,2017-01-01,2017-03-01
223,256,4,2017-01-01,2017-03-01
223,269,4,2017-01-01,2017-03-01
515,518,4,2017-01-01,2017-03-01
677,680,4,2017-01-01,2017-03-01
867,874,4,2017-01-01,2017-03-01
813,899,4,2017-01-01,2017-03-01
1145,1156,4,2017-01-01,2017-03-01
360,1073,4,2017-01-01,2017-03-01
1241,1294,4,2017-01-01,2017-03-01
1388,1393,4,2017-01-01,2017-03-01
1405,1498,4,2017-01-01,2017-03-01
605,680,4,2017-01-01,2017-03-01
341,1073,4,2017-01-01,2017-03-01
374,730,4,2017-01-01,2017-03-01
364,761,4,2017-01-01,2017-03-01
731,1035,4,2017-01-01,2017-03-01
362,772,4,2017-01-01,2017-03-01
362,771,4,2017-01-01,2017-03-01
1917,1960,4,2017-01-01,2017-03-01
2126,2185,4,2017-01-01,2017-03-01
2226,2261,4,2017-01-01,2017-03-01
2207,2300,4,2017-01-01,2017-03-01
2406,2452,4,2017-01-01,2017-03-01
2410,2436,4,2017-01-01,2017-03-01
3063,3096,4,2017-01-01,2017-03-01
3154,3198,4,2017-01-01,2017-03-01
622,3104,4,2017-01-01,2017-03-01
212,684,4,2017-01-01,2017-03-01
3421,3451,4,2017-01-01,2017-03-01
3421,3463,4,2017-01-01,2017-03-01
3475,3479,4,2017-01-01,2017-03-01
3439,3493,4,2017-01-01,2017-03-01
3729,3787,4,2017-01-01,2017-03-01
3707,3752,4,2017-01-01,2017-03-01
3707,3716,4,2017-01-01,2017-03-01
3847,3865,4,2017-01-01,2017-03-01
3904,3908,4,2017-01-01,2017-03-01
3916,3941,4,2017-01-01,2017-03-01
4017,4035,4,2017-01-01,2017-03-01
4011,4063,4,2017-01-01,2017-03-01
295,2175,4,2017-01-01,2017-03-01
2152,3159,4,2017-01-01,2017-03-01
1479,1808,4,2017-01-01,2017-03-01
1479,1865,4,2017-01-01,2017-03-01
293,2573,4,2017-01-01,2017-03-01
1066,3941,4,2017-01-01,2017-03-01
2299,3600,4,2017-01-01,2017-03-01
398,2887,4,2017-01-01,2017-03-01
759,3154,4,2017-01-01,2017-03-01
628,1056,4,2017-01-01,2017-03-01
961,1371,4,2017-01-01,2017-03-01
4409,4425,4,2017-01-01,2017-03-01
4467,4469,4,2017-01-01,2017-03-01
141,3624,4,2017-01-01,2017-03-01
4575,4583,4,2017-01-01,2017-03-01
1844,2783,4,2017-01-01,2017-03-01
1332,2769,4,2017-01-01,2017-03-01
1377,2769,4,2017-01-01,2017-03-01
1484,4364,4,2017-01-01,2017-03-01
1818,4013,4,2017-01-01,2017-03-01
1818,4309,4,2017-01-01,2017-03-01
941,2928,4,2017-01-01,2017-03-01
1321,2221,4,2017-01-01,2017-03-01
1321,2458,4,2017-01-01,2017-03-01
141,2935,4,2017-01-01,2017-03-01
243,276,4,2017-01-01,2017-03-01
813,894,4,2017-01-01,2017-03-01
1004,1046,4,2017-01-01,2017-03-01
381,1045,4,2017-01-01,2017-03-01
1228,1293,4,2017-01-01,2017-03-01
308,1053,4,2017-01-01,2017-03-01
1423,1463,4,2017-01-01,2017-03-01
378,786,4,2017-01-01,2017-03-01
764,1053,4,2017-01-01,2017-03-01
1954,1957,4,2017-01-01,2017-03-01
1916,1917,4,2017-01-01,2017-03-01
1916,1945,4,2017-01-01,2017-03-01
1938,1997,4,2017-01-01,2017-03-01
2148,2189,4,2017-01-01,2017-03-01
2249,2271,4,2017-01-01,2017-03-01
2260,2272,4,2017-01-01,2017-03-01
2410,2452,4,2017-01-01,2017-03-01
431,1662,4,2017-01-01,2017-03-01
3172,3188,4,2017-01-01,2017-03-01
275,3192,4,2017-01-01,2017-03-01
3444,3463,4,2017-01-01,2017-03-01
3410,3411,4,2017-01-01,2017-03-01
3411,3476,4,2017-01-01,2017-03-01
1569,2699,4,2017-01-01,2017-03-01
3553,3579,4,2017-01-01,2017-03-01
3524,3579,4,2017-01-01,2017-03-01
3824,3858,4,2017-01-01,2017-03-01
4037,4063,4,2017-01-01,2017-03-01
4017,4060,4,2017-01-01,2017-03-01
4019,4071,4,2017-01-01,2017-03-01
4012,4035,4,2017-01-01,2017-03-01
295,2183,4,2017-01-01,2017-03-01
272,2186,4,2017-01-01,2017-03-01
2244,3548,4,2017-01-01,2017-03-01
759,2123,4,2017-01-01,2017-03-01
2573,3162,4,2017-01-01,2017-03-01
4465,4493,4,2017-01-01,2017-03-01
4411,4499,4,2017-01-01,2017-03-01
4405,4407,4,2017-01-01,2017-03-01
3808,4516,4,2017-01-01,2017-03-01
4628,4673,4,2017-01-01,2017-03-01
1248,2789,4,2017-01-01,2017-03-01
1439,2758,4,2017-01-01,2017-03-01
945,2743,4,2017-01-01,2017-03-01
2959,4083,4,2017-01-01,2017-03-01
2783,4013,4,2017-01-01,2017-03-01
930,4395,4,2017-01-01,2017-03-01
2335,2977,4,2017-01-01,2017-03-01
941,3635,4,2017-01-01,2017-03-01
58,86,4,2017-01-01,2017-03-01
442,494,4,2017-01-01,2017-03-01
448,494,4,2017-01-01,2017-03-01
620,666,4,2017-01-01,2017-03-01
632,664,4,2017-01-01,2017-03-01
813,837,4,2017-01-01,2017-03-01
364,1045,4,2017-01-01,2017-03-01
1229,1230,4,2017-01-01,2017-03-01
718,783,4,2017-01-01,2017-03-01
1012,1084,4,2017-01-01,2017-03-01
385,1095,4,2017-01-01,2017-03-01
313,1045,4,2017-01-01,2017-03-01
1423,1443,4,2017-01-01,2017-03-01
1401,1437,4,2017-01-01,2017-03-01
1501,1558,4,2017-01-01,2017-03-01
1803,1859,4,2017-01-01,2017-03-01
1807,1893,4,2017-01-01,2017-03-01
1828,1891,4,2017-01-01,2017-03-01
1989,1997,4,2017-01-01,2017-03-01
1913,1967,4,2017-01-01,2017-03-01
2124,2129,4,2017-01-01,2017-03-01
2135,2160,4,2017-01-01,2017-03-01
2165,2189,4,2017-01-01,2017-03-01
2119,2122,4,2017-01-01,2017-03-01
2147,2191,4,2017-01-01,2017-03-01
2207,2235,4,2017-01-01,2017-03-01
2254,2255,4,2017-01-01,2017-03-01
3172,3193,4,2017-01-01,2017-03-01
3107,3137,4,2017-01-01,2017-03-01
3404,3464,4,2017-01-01,2017-03-01
369,2697,4,2017-01-01,2017-03-01
1092,1553,4,2017-01-01,2017-03-01
3904,3980,4,2017-01-01,2017-03-01
3902,3967,4,2017-01-01,2017-03-01
4014,4038,4,2017-01-01,2017-03-01
4053,4069,4,2017-01-01,2017-03-01
603,3114,4,2017-01-01,2017-03-01
1498,2792,4,2017-01-01,2017-03-01
650,1645,4,2017-01-01,2017-03-01
2514,3169,4,2017-01-01,2017-03-01
4364,4380,4,2017-01-01,2017-03-01
933,2959,4,2017-01-01,2017-03-01
4420,4488,4,2017-01-01,2017-03-01
4414,4475,4,2017-01-01,2017-03-01
4632,4650,4,2017-01-01,2017-03-01
4677,4685,4,2017-01-01,2017-03-01
4617,4690,4,2017-01-01,2017-03-01
1082,2752,4,2017-01-01,2017-03-01
446,4607,4,2017-01-01,2017-03-01
2941,4395,4,2017-01-01,2017-03-01
1464,4395,4,2017-01-01,2017-03-01
2278,4478,4,2017-01-01,2017-03-01
3548,4418,4,2017-01-01,2017-03-01
5152,5171,4,2017-01-01,2017-03-01
1330,2263,4,2017-01-01,2017-03-01
1384,3679,4,2017-01-01,2017-03-01
2935,3679,4,2017-01-01,2017-03-01
819,837,4,2017-01-01,2017-03-01
832,844,4,2017-01-01,2017-03-01
341,1025,4,2017-01-01,2017-03-01
1481,1498,4,2017-01-01,2017-03-01
204,231,4,2017-01-01,2017-03-01
223,294,4,2017-01-01,2017-03-01
366,704,4,2017-01-01,2017-03-01
360,704,4,2017-01-01,2017-03-01
792,1056,4,2017-01-01,2017-03-01
1902,1920,4,2017-01-01,2017-03-01
2189,2190,4,2017-01-01,2017-03-01
2109,2122,4,2017-01-01,2017-03-01
2119,2140,4,2017-01-01,2017-03-01
2163,2187,4,2017-01-01,2017-03-01
2161,2195,4,2017-01-01,2017-03-01
2272,2300,4,2017-01-01,2017-03-01
2447,2484,4,2017-01-01,2017-03-01
2429,2464,4,2017-01-01,2017-03-01
3174,3182,4,2017-01-01,2017-03-01
3154,3188,4,2017-01-01,2017-03-01
3285,3286,4,2017-01-01,2017-03-01
205,624,4,2017-01-01,2017-03-01
3440,3463,4,2017-01-01,2017-03-01
3438,3463,4,2017-01-01,2017-03-01
1024,1594,4,2017-01-01,2017-03-01
3524,3552,4,2017-01-01,2017-03-01
3518,3556,4,2017-01-01,2017-03-01
3802,3887,4,2017-01-01,2017-03-01
3901,3989,4,2017-01-01,2017-03-01
4013,4090,4,2017-01-01,2017-03-01
4002,4011,4,2017-01-01,2017-03-01
4057,4099,4,2017-01-01,2017-03-01
218,2152,4,2017-01-01,2017-03-01
4157,4164,4,2017-01-01,2017-03-01
299,2573,4,2017-01-01,2017-03-01
606,2570,4,2017-01-01,2017-03-01
293,2570,4,2017-01-01,2017-03-01
610,2563,4,2017-01-01,2017-03-01
467,2537,4,2017-01-01,2017-03-01
2233,3556,4,2017-01-01,2017-03-01
2017,2862,4,2017-01-01,2017-03-01
205,427,4,2017-01-01,2017-03-01
4335,4383,4,2017-01-01,2017-03-01
4320,4324,4,2017-01-01,2017-03-01
961,1337,4,2017-01-01,2017-03-01
1323,2969,4,2017-01-01,2017-03-01
888,3770,4,2017-01-01,2017-03-01
2222,3563,4,2017-01-01,2017-03-01
2437,3698,4,2017-01-01,2017-03-01
3871,4522,4,2017-01-01,2017-03-01
1351,3046,4,2017-01-01,2017-03-01
2867,4353,4,2017-01-01,2017-03-01
2941,4052,4,2017-01-01,2017-03-01
2941,4364,4,2017-01-01,2017-03-01
928,4316,4,2017-01-01,2017-03-01
2789,4017,4,2017-01-01,2017-03-01
407,4016,4,2017-01-01,2017-03-01
5191,5193,4,2017-01-01,2017-03-01
2335,3578,4,2017-01-01,2017-03-01
946,3603,4,2017-01-01,2017-03-01
3554,3681,4,2017-01-01,2017-03-01
920,1387,4,2017-01-01,2017-03-01
972,2335,4,2017-01-01,2017-03-01
2932,3547,4,2017-01-01,2017-03-01
988,2924,4,2017-01-01,2017-03-01
340,400,4,2017-01-01,2017-03-01
447,449,4,2017-01-01,2017-03-01
403,444,4,2017-01-01,2017-03-01
536,563,4,2017-01-01,2017-03-01
735,738,4,2017-01-01,2017-03-01
775,783,4,2017-01-01,2017-03-01
1154,1180,4,2017-01-01,2017-03-01
364,1002,4,2017-01-01,2017-03-01
374,1038,4,2017-01-01,2017-03-01
1207,1236,4,2017-01-01,2017-03-01
739,1029,4,2017-01-01,2017-03-01
764,1056,4,2017-01-01,2017-03-01
1808,1830,4,2017-01-01,2017-03-01
1979,1988,4,2017-01-01,2017-03-01
1917,1979,4,2017-01-01,2017-03-01
2195,2196,4,2017-01-01,2017-03-01
2160,2182,4,2017-01-01,2017-03-01
2120,2160,4,2017-01-01,2017-03-01
2122,2142,4,2017-01-01,2017-03-01
2119,2188,4,2017-01-01,2017-03-01
2137,2185,4,2017-01-01,2017-03-01
2107,2120,4,2017-01-01,2017-03-01
2280,2294,4,2017-01-01,2017-03-01
2272,2276,4,2017-01-01,2017-03-01
3021,3024,4,2017-01-01,2017-03-01
414,1250,4,2017-01-01,2017-03-01
431,1299,4,2017-01-01,2017-03-01
3109,3157,4,2017-01-01,2017-03-01
243,646,4,2017-01-01,2017-03-01
212,624,4,2017-01-01,2017-03-01
1569,2667,4,2017-01-01,2017-03-01
1223,2699,4,2017-01-01,2017-03-01
1544,2608,4,2017-01-01,2017-03-01
3706,3712,4,2017-01-01,2017-03-01
3807,3881,4,2017-01-01,2017-03-01
3824,3839,4,2017-01-01,2017-03-01
4016,4051,4,2017-01-01,2017-03-01
289,2199,4,2017-01-01,2017-03-01
289,3182,4,2017-01-01,2017-03-01
2570,3123,4,2017-01-01,2017-03-01
443,606,4,2017-01-01,2017-03-01
1211,2685,4,2017-01-01,2017-03-01
2246,3561,4,2017-01-01,2017-03-01
2244,3524,4,2017-01-01,2017-03-01
961,2906,4,2017-01-01,2017-03-01
4411,4425,4,2017-01-01,2017-03-01
4452,4499,4,2017-01-01,2017-03-01
4546,4556,4,2017-01-01,2017-03-01
4608,4670,4,2017-01-01,2017-03-01
4661,4670,4,2017-01-01,2017-03-01
1422,1844,4,2017-01-01,2017-03-01
962,3046,4,2017-01-01,2017-03-01
945,1813,4,2017-01-01,2017-03-01
928,4059,4,2017-01-01,2017-03-01
1314,4012,4,2017-01-01,2017-03-01
972,2924,4,2017-01-01,2017-03-01
1384,2236,4,2017-01-01,2017-03-01
2901,3635,4,2017-01-01,2017-03-01
1313,2458,4,2017-01-01,2017-03-01
717,782,4,2017-01-01,2017-03-01
805,894,4,2017-01-01,2017-03-01
801,822,4,2017-01-01,2017-03-01
918,967,4,2017-01-01,2017-03-01
376,1056,4,2017-01-01,2017-03-01
1443,1452,4,2017-01-01,2017-03-01
316,1058,4,2017-01-01,2017-03-01
305,1031,4,2017-01-01,2017-03-01
368,768,4,2017-01-01,2017-03-01
366,709,4,2017-01-01,2017-03-01
1602,1656,4,2017-01-01,2017-03-01
1970,1999,4,2017-01-01,2017-03-01
2124,2179,4,2017-01-01,2017-03-01
2135,2190,4,2017-01-01,2017-03-01
2154,2162,4,2017-01-01,2017-03-01
2253,2259,4,2017-01-01,2017-03-01
2260,2288,4,2017-01-01,2017-03-01
2303,2326,4,2017-01-01,2017-03-01
3438,3471,4,2017-01-01,2017-03-01
314,2699,4,2017-01-01,2017-03-01
314,2667,4,2017-01-01,2017-03-01
1014,1561,4,2017-01-01,2017-03-01
3504,3600,4,2017-01-01,2017-03-01
3532,3582,4,2017-01-01,2017-03-01
3624,3645,4,2017-01-01,2017-03-01
740,3414,4,2017-01-01,2017-03-01
716,3421,4,2017-01-01,2017-03-01
3756,3787,4,2017-01-01,2017-03-01
3723,3791,4,2017-01-01,2017-03-01
3737,3757,4,2017-01-01,2017-03-01
3924,3989,4,2017-01-01,2017-03-01
4013,4035,4,2017-01-01,2017-03-01
4009,4078,4,2017-01-01,2017-03-01
4053,4088,4,2017-01-01,2017-03-01
2153,3182,4,2017-01-01,2017-03-01
609,2199,4,2017-01-01,2017-03-01
248,2560,4,2017-01-01,2017-03-01
2699,3974,4,2017-01-01,2017-03-01
4317,4319,4,2017-01-01,2017-03-01
4347,4386,4,2017-01-01,2017-03-01
901,1394,4,2017-01-01,2017-03-01
3104,3913,4,2017-01-01,2017-03-01
2284,3554,4,2017-01-01,2017-03-01
2295,3502,4,2017-01-01,2017-03-01
4534,4540,4,2017-01-01,2017-03-01
4504,4564,4,2017-01-01,2017-03-01
4504,4531,4,2017-01-01,2017-03-01
4650,4672,4,2017-01-01,2017-03-01
928,4013,4,2017-01-01,2017-03-01
2969,4373,4,2017-01-01,2017-03-01
2759,4388,4,2017-01-01,2017-03-01
2511,4012,4,2017-01-01,2017-03-01
2554,3524,4,2017-01-01,2017-03-01
2554,4415,4,2017-01-01,2017-03-01
5314,5358,4,2017-01-01,2017-03-01
972,1330,4,2017-01-01,2017-03-01
1321,2255,4,2017-01-01,2017-03-01
2427,3536,4,2017-01-01,2017-03-01
1343,2279,4,2017-01-01,2017-03-01
20,47,4,2017-01-01,2017-03-01
735,777,4,2017-01-01,2017-03-01
819,850,4,2017-01-01,2017-03-01
811,831,4,2017-01-01,2017-03-01
845,848,4,2017-01-01,2017-03-01
364,1038,4,2017-01-01,2017-03-01
376,1053,4,2017-01-01,2017-03-01
324,1035,4,2017-01-01,2017-03-01
308,1072,4,2017-01-01,2017-03-01
360,1021,4,2017-01-01,2017-03-01
1816,1878,4,2017-01-01,2017-03-01
1917,1997,4,2017-01-01,2017-03-01
2021,2074,4,2017-01-01,2017-03-01
2124,2130,4,2017-01-01,2017-03-01
2126,2130,4,2017-01-01,2017-03-01
2109,2141,4,2017-01-01,2017-03-01
2122,2130,4,2017-01-01,2017-03-01
2114,2130,4,2017-01-01,2017-03-01
2478,2500,4,2017-01-01,2017-03-01
2436,2469,4,2017-01-01,2017-03-01
2430,2469,4,2017-01-01,2017-03-01
2504,2592,4,2017-01-01,2017-03-01
2604,2610,4,2017-01-01,2017-03-01
3019,3096,4,2017-01-01,2017-03-01
3021,3076,4,2017-01-01,2017-03-01
3178,3180,4,2017-01-01,2017-03-01
256,604,4,2017-01-01,2017-03-01
3436,3447,4,2017-01-01,2017-03-01
1066,2674,4,2017-01-01,2017-03-01
746,3410,4,2017-01-01,2017-03-01
1001,3413,4,2017-01-01,2017-03-01
4013,4078,4,2017-01-01,2017-03-01
4069,4080,4,2017-01-01,2017-03-01
4002,4083,4,2017-01-01,2017-03-01
4044,4090,4,2017-01-01,2017-03-01
263,2197,4,2017-01-01,2017-03-01
215,2521,4,2017-01-01,2017-03-01
293,2568,4,2017-01-01,2017-03-01
1693,2539,4,2017-01-01,2017-03-01
4307,4359,4,2017-01-01,2017-03-01
928,1370,4,2017-01-01,2017-03-01
3162,3974,4,2017-01-01,2017-03-01
2570,2674,4,2017-01-01,2017-03-01
2212,3563,4,2017-01-01,2017-03-01
2295,3563,4,2017-01-01,2017-03-01
4415,4429,4,2017-01-01,2017-03-01
4090,4371,4,2017-01-01,2017-03-01
1074,1844,4,2017-01-01,2017-03-01
2988,3046,4,2017-01-01,2017-03-01
2789,4364,4,2017-01-01,2017-03-01
5171,5191,4,2017-01-01,2017-03-01
5146,5161,4,2017-01-01,2017-03-01
5191,5194,4,2017-01-01,2017-03-01
2335,3547,4,2017-01-01,2017-03-01
946,2212,4,2017-01-01,2017-03-01
1330,3547,4,2017-01-01,2017-03-01
988,1387,4,2017-01-01,2017-03-01
1398,3603,4,2017-01-01,2017-03-01
203,284,4,2017-01-01,2017-03-01
323,365,4,2017-01-01,2017-03-01
629,634,4,2017-01-01,2017-03-01
1024,1042,4,2017-01-01,2017-03-01
381,1038,4,2017-01-01,2017-03-01
387,1058,4,2017-01-01,2017-03-01
324,1073,4,2017-01-01,2017-03-01
759,1057,4,2017-01-01,2017-03-01
1722,1800,4,2017-01-01,2017-03-01
1904,1979,4,2017-01-01,2017-03-01
1938,1989,4,2017-01-01,2017-03-01
1933,1987,4,2017-01-01,2017-03-01
1917,1956,4,2017-01-01,2017-03-01
2131,2137,4,2017-01-01,2017-03-01
2119,2187,4,2017-01-01,2017-03-01
2145,2189,4,2017-01-01,2017-03-01
2225,2271,4,2017-01-01,2017-03-01
2404,2492,4,2017-01-01,2017-03-01
2534,2571,4,2017-01-01,2017-03-01
2515,2551,4,2017-01-01,2017-03-01
2901,2935,4,2017-01-01,2017-03-01
3019,3063,4,2017-01-01,2017-03-01
3015,3071,4,2017-01-01,2017-03-01
3186,3192,4,2017-01-01,2017-03-01
255,622,4,2017-01-01,2017-03-01
1228,2667,4,2017-01-01,2017-03-01
1587,2674,4,2017-01-01,2017-03-01
314,2655,4,2017-01-01,2017-03-01
3603,3645,4,2017-01-01,2017-03-01
1424,1882,4,2017-01-01,2017-03-01
368,3414,4,2017-01-01,2017-03-01
3742,3787,4,2017-01-01,2017-03-01
3974,3980,4,2017-01-01,2017-03-01
4051,4052,4,2017-01-01,2017-03-01
4011,4090,4,2017-01-01,2017-03-01
4034,4072,4,2017-01-01,2017-03-01
272,2199,4,2017-01-01,2017-03-01
244,3195,4,2017-01-01,2017-03-01
690,3195,4,2017-01-01,2017-03-01
1693,3123,4,2017-01-01,2017-03-01
1677,2561,4,2017-01-01,2017-03-01
1561,3914,4,2017-01-01,2017-03-01
1693,3169,4,2017-01-01,2017-03-01
427,2514,4,2017-01-01,2017-03-01
4308,4335,4,2017-01-01,2017-03-01
4332,4353,4,2017-01-01,2017-03-01
4332,4364,4,2017-01-01,2017-03-01
951,2906,4,2017-01-01,2017-03-01
1503,2531,4,2017-01-01,2017-03-01
2279,3578,4,2017-01-01,2017-03-01
4418,4466,4,2017-01-01,2017-03-01
4418,4478,4,2017-01-01,2017-03-01
4451,4474,4,2017-01-01,2017-03-01
4632,4657,4,2017-01-01,2017-03-01
2867,4017,4,2017-01-01,2017-03-01
1482,4083,4,2017-01-01,2017-03-01
946,2223,4,2017-01-01,2017-03-01
920,2467,4,2017-01-01,2017-03-01
3536,3675,4,2017-01-01,2017-03-01
2924,3578,4,2017-01-01,2017-03-01
988,3675,4,2017-01-01,2017-03-01
130,2910,4,2017-01-01,2017-03-01
2263,2498,4,2017-01-01,2017-03-01
126,2924,4,2017-01-01,2017-03-01
613,625,4,2017-01-01,2017-03-01
1084,1089,4,2017-01-01,2017-03-01
385,1053,4,2017-01-01,2017-03-01
702,798,4,2017-01-01,2017-03-01
328,1051,4,2017-01-01,2017-03-01
334,1007,4,2017-01-01,2017-03-01
1645,1692,4,2017-01-01,2017-03-01
2144,2182,4,2017-01-01,2017-03-01
2140,2187,4,2017-01-01,2017-03-01
2124,2126,4,2017-01-01,2017-03-01
2129,2187,4,2017-01-01,2017-03-01
2110,2130,4,2017-01-01,2017-03-01
2271,2282,4,2017-01-01,2017-03-01
2261,2262,4,2017-01-01,2017-03-01
2247,2262,4,2017-01-01,2017-03-01
2206,2235,4,2017-01-01,2017-03-01
2272,2288,4,2017-01-01,2017-03-01
2260,2300,4,2017-01-01,2017-03-01
2430,2438,4,2017-01-01,2017-03-01
2910,2935,4,2017-01-01,2017-03-01
3005,3049,4,2017-01-01,2017-03-01
3155,3193,4,2017-01-01,2017-03-01
638,3145,4,2017-01-01,2017-03-01
314,2681,4,2017-01-01,2017-03-01
3553,3593,4,2017-01-01,2017-03-01
740,3405,4,2017-01-01,2017-03-01
3808,3847,4,2017-01-01,2017-03-01
4007,4075,4,2017-01-01,2017-03-01
603,3182,4,2017-01-01,2017-03-01
263,3198,4,2017-01-01,2017-03-01
286,2199,4,2017-01-01,2017-03-01
1458,1884,4,2017-01-01,2017-03-01
2576,3104,4,2017-01-01,2017-03-01
205,2573,4,2017-01-01,2017-03-01
1645,2521,4,2017-01-01,2017-03-01
358,660,4,2017-01-01,2017-03-01
2252,3518,4,2017-01-01,2017-03-01
2299,3532,4,2017-01-01,2017-03-01
2531,3162,4,2017-01-01,2017-03-01
4336,4364,4,2017-01-01,2017-03-01
4329,4345,4,2017-01-01,2017-03-01
2221,3502,4,2017-01-01,2017-03-01
4414,4488,4,2017-01-01,2017-03-01
4475,4484,4,2017-01-01,2017-03-01
4682,4695,4,2017-01-01,2017-03-01
4610,4693,4,2017-01-01,2017-03-01
4610,4626,4,2017-01-01,2017-03-01
437,2816,4,2017-01-01,2017-03-01
204,1465,4,2017-01-01,2017-03-01
945,2769,4,2017-01-01,2017-03-01
2941,4059,4,2017-01-01,2017-03-01
2941,4042,4,2017-01-01,2017-03-01
1314,4339,4,2017-01-01,2017-03-01
1371,4339,4,2017-01-01,2017-03-01
407,4316,4,2017-01-01,2017-03-01
946,2965,4,2017-01-01,2017-03-01
972,1358,4,2017-01-01,2017-03-01
2212,3681,4,2017-01-01,2017-03-01
1384,2963,4,2017-01-01,2017-03-01
1384,3603,4,2017-01-01,2017-03-01
172,177,4,2017-01-01,2017-03-01
243,266,4,2017-01-01,2017-03-01
756,780,4,2017-01-01,2017-03-01
805,843,4,2017-01-01,2017-03-01
812,832,4,2017-01-01,2017-03-01
849,862,4,2017-01-01,2017-03-01
1024,1089,4,2017-01-01,2017-03-01
615,624,4,2017-01-01,2017-03-01
385,749,4,2017-01-01,2017-03-01
768,1031,4,2017-01-01,2017-03-01
334,733,4,2017-01-01,2017-03-01
1842,1878,4,2017-01-01,2017-03-01
1937,1973,4,2017-01-01,2017-03-01
2124,2140,4,2017-01-01,2017-03-01
2151,2167,4,2017-01-01,2017-03-01
2135,2169,4,2017-01-01,2017-03-01
2111,2189,4,2017-01-01,2017-03-01
2137,2148,4,2017-01-01,2017-03-01
2114,2136,4,2017-01-01,2017-03-01
2234,2250,4,2017-01-01,2017-03-01
2515,2546,4,2017-01-01,2017-03-01
3479,3491,4,2017-01-01,2017-03-01
3401,3428,4,2017-01-01,2017-03-01
3548,3593,4,2017-01-01,2017-03-01
740,3461,4,2017-01-01,2017-03-01
3712,3719,4,2017-01-01,2017-03-01
3808,3824,4,2017-01-01,2017-03-01
4035,4051,4,2017-01-01,2017-03-01
603,3195,4,2017-01-01,2017-03-01
263,2199,4,2017-01-01,2017-03-01
2153,3122,4,2017-01-01,2017-03-01
4164,4197,4,2017-01-01,2017-03-01
2576,3123,4,2017-01-01,2017-03-01
2522,3180,4,2017-01-01,2017-03-01
2123,3479,4,2017-01-01,2017-03-01
1692,2563,4,2017-01-01,2017-03-01
4362,4364,4,2017-01-01,2017-03-01
4324,4361,4,2017-01-01,2017-03-01
4414,4417,4,2017-01-01,2017-03-01
4417,4423,4,2017-01-01,2017-03-01
4488,4493,4,2017-01-01,2017-03-01
2405,3639,4,2017-01-01,2017-03-01
2458,3603,4,2017-01-01,2017-03-01
4084,4359,4,2017-01-01,2017-03-01
4610,4688,4,2017-01-01,2017-03-01
4618,4645,4,2017-01-01,2017-03-01
2717,2816,4,2017-01-01,2017-03-01
910,3046,4,2017-01-01,2017-03-01
910,1288,4,2017-01-01,2017-03-01
1666,4042,4,2017-01-01,2017-03-01
2717,4052,4,2017-01-01,2017-03-01
946,3540,4,2017-01-01,2017-03-01
988,3571,4,2017-01-01,2017-03-01
2255,3639,4,2017-01-01,2017-03-01
1321,3639,4,2017-01-01,2017-03-01
2977,3547,4,2017-01-01,2017-03-01
811,852,4,2017-01-01,2017-03-01
832,851,4,2017-01-01,2017-03-01
832,899,4,2017-01-01,2017-03-01
923,972,4,2017-01-01,2017-03-01
1214,1241,4,2017-01-01,2017-03-01
721,1035,4,2017-01-01,2017-03-01
395,752,4,2017-01-01,2017-03-01
1807,1823,4,2017-01-01,2017-03-01
1962,1987,4,2017-01-01,2017-03-01
1904,1973,4,2017-01-01,2017-03-01
1922,1960,4,2017-01-01,2017-03-01
2126,2135,4,2017-01-01,2017-03-01
2130,2148,4,2017-01-01,2017-03-01
2130,2189,4,2017-01-01,2017-03-01
2134,2145,4,2017-01-01,2017-03-01
2129,2155,4,2017-01-01,2017-03-01
2207,2291,4,2017-01-01,2017-03-01
2268,2282,4,2017-01-01,2017-03-01
2243,2277,4,2017-01-01,2017-03-01
2612,2624,4,2017-01-01,2017-03-01
2965,2985,4,2017-01-01,2017-03-01
2928,2965,4,2017-01-01,2017-03-01
1269,1561,4,2017-01-01,2017-03-01
1247,2681,4,2017-01-01,2017-03-01
3578,3586,4,2017-01-01,2017-03-01
648,3108,4,2017-01-01,2017-03-01
746,3461,4,2017-01-01,2017-03-01
1053,3461,4,2017-01-01,2017-03-01
364,3402,4,2017-01-01,2017-03-01
3904,3913,4,2017-01-01,2017-03-01
3930,3931,4,2017-01-01,2017-03-01
3902,3990,4,2017-01-01,2017-03-01
4075,4080,4,2017-01-01,2017-03-01
4066,4069,4,2017-01-01,2017-03-01
4087,4092,4,2017-01-01,2017-03-01
272,603,4,2017-01-01,2017-03-01
289,3151,4,2017-01-01,2017-03-01
679,3159,4,2017-01-01,2017-03-01
609,3151,4,2017-01-01,2017-03-01
391,2822,4,2017-01-01,2017-03-01
4353,4362,4,2017-01-01,2017-03-01
961,2939,4,2017-01-01,2017-03-01
2570,2699,4,2017-01-01,2017-03-01
2221,3510,4,2017-01-01,2017-03-01
2223,3547,4,2017-01-01,2017-03-01
4420,4474,4,2017-01-01,2017-03-01
2405,3671,4,2017-01-01,2017-03-01
4640,4672,4,2017-01-01,2017-03-01
4675,4695,4,2017-01-01,2017-03-01
4628,4668,4,2017-01-01,2017-03-01
1444,2816,4,2017-01-01,2017-03-01
1465,2717,4,2017-01-01,2017-03-01
962,2743,4,2017-01-01,2017-03-01
2509,4700,4,2017-01-01,2017-03-01
915,4339,4,2017-01-01,2017-03-01
2570,4478,4,2017-01-01,2017-03-01
977,2458,4,2017-01-01,2017-03-01
2273,2405,4,2017-01-01,2017-03-01
941,2910,4,2017-01-01,2017-03-01
1343,3509,4,2017-01-01,2017-03-01
210,274,4,2017-01-01,2017-03-01
655,696,4,2017-01-01,2017-03-01
341,1021,4,2017-01-01,2017-03-01
1250,1292,4,2017-01-01,2017-03-01
1205,1248,4,2017-01-01,2017-03-01
709,1053,4,2017-01-01,2017-03-01
360,739,4,2017-01-01,2017-03-01
1823,1848,4,2017-01-01,2017-03-01
1942,1976,4,2017-01-01,2017-03-01
1942,1946,4,2017-01-01,2017-03-01
2130,2134,4,2017-01-01,2017-03-01
2111,2136,4,2017-01-01,2017-03-01
2134,2136,4,2017-01-01,2017-03-01
2107,2126,4,2017-01-01,2017-03-01
2110,2158,4,2017-01-01,2017-03-01
2110,2182,4,2017-01-01,2017-03-01
2228,2253,4,2017-01-01,2017-03-01
2429,2438,4,2017-01-01,2017-03-01
3108,3135,4,2017-01-01,2017-03-01
3317,3380,4,2017-01-01,2017-03-01
230,625,4,2017-01-01,2017-03-01
3438,3479,4,2017-01-01,2017-03-01
3402,3439,4,2017-01-01,2017-03-01
724,3440,4,2017-01-01,2017-03-01
772,3421,4,2017-01-01,2017-03-01
3756,3770,4,2017-01-01,2017-03-01
3738,3751,4,2017-01-01,2017-03-01
3824,3847,4,2017-01-01,2017-03-01
4063,4083,4,2017-01-01,2017-03-01
4007,4012,4,2017-01-01,2017-03-01
650,2560,4,2017-01-01,2017-03-01
1506,3901,4,2017-01-01,2017-03-01
255,1243,4,2017-01-01,2017-03-01
960,2960,4,2017-01-01,2017-03-01
4316,4371,4,2017-01-01,2017-03-01
4346,4373,4,2017-01-01,2017-03-01
913,1367,4,2017-01-01,2017-03-01
1370,2941,4,2017-01-01,2017-03-01
4425,4491,4,2017-01-01,2017-03-01
4452,4466,4,2017-01-01,2017-03-01
4645,4646,4,2017-01-01,2017-03-01
1813,2752,4,2017-01-01,2017-03-01
915,4009,4,2017-01-01,2017-03-01
2969,4044,4,2017-01-01,2017-03-01
1337,4017,4,2017-01-01,2017-03-01
975,4009,4,2017-01-01,2017-03-01
1818,4364,4,2017-01-01,2017-03-01
3529,4478,4,2017-01-01,2017-03-01
5319,5370,4,2017-01-01,2017-03-01
2924,3635,4,2017-01-01,2017-03-01
756,794,4,2017-01-01,2017-03-01
811,823,4,2017-01-01,2017-03-01
1479,1481,4,2017-01-01,2017-03-01
305,1072,4,2017-01-01,2017-03-01
330,1002,4,2017-01-01,2017-03-01
1423,1456,4,2017-01-01,2017-03-01
354,755,4,2017-01-01,2017-03-01
750,1021,4,2017-01-01,2017-03-01
362,792,4,2017-01-01,2017-03-01
1967,1979,4,2017-01-01,2017-03-01
1938,1988,4,2017-01-01,2017-03-01
1918,1923,4,2017-01-01,2017-03-01
2120,2154,4,2017-01-01,2017-03-01
2126,2168,4,2017-01-01,2017-03-01
2135,2185,4,2017-01-01,2017-03-01
2130,2135,4,2017-01-01,2017-03-01
2129,2145,4,2017-01-01,2017-03-01
2110,2137,4,2017-01-01,2017-03-01
2261,2290,4,2017-01-01,2017-03-01
2413,2425,4,2017-01-01,2017-03-01
2477,2482,4,2017-01-01,2017-03-01
255,670,4,2017-01-01,2017-03-01
3446,3493,4,2017-01-01,2017-03-01
3402,3447,4,2017-01-01,2017-03-01
3561,3565,4,2017-01-01,2017-03-01
1001,3402,4,2017-01-01,2017-03-01
3911,3988,4,2017-01-01,2017-03-01
3913,3955,4,2017-01-01,2017-03-01
4029,4080,4,2017-01-01,2017-03-01
4017,4051,4,2017-01-01,2017-03-01
289,3167,4,2017-01-01,2017-03-01
292,2178,4,2017-01-01,2017-03-01
244,2153,4,2017-01-01,2017-03-01
286,3198,4,2017-01-01,2017-03-01
443,2570,4,2017-01-01,2017-03-01
205,2570,4,2017-01-01,2017-03-01
154,2329,4,2017-01-01,2017-03-01
1394,2968,4,2017-01-01,2017-03-01
913,1370,4,2017-01-01,2017-03-01
951,2941,4,2017-01-01,2017-03-01
1673,3913,4,2017-01-01,2017-03-01
4417,4420,4,2017-01-01,2017-03-01
2441,3654,4,2017-01-01,2017-03-01
4506,4546,4,2017-01-01,2017-03-01
4617,4655,4,2017-01-01,2017-03-01
2867,4309,4,2017-01-01,2017-03-01
2969,4388,4,2017-01-01,2017-03-01
5310,5390,4,2017-01-01,2017-03-01
988,2325,4,2017-01-01,2017-03-01
2255,2437,4,2017-01-01,2017-03-01
126,2910,4,2017-01-01,2017-03-01
650,677,4,2017-01-01,2017-03-01
605,659,4,2017-01-01,2017-03-01
848,895,4,2017-01-01,2017-03-01
801,813,4,2017-01-01,2017-03-01
849,859,4,2017-01-01,2017-03-01
1154,1197,4,2017-01-01,2017-03-01
364,1021,4,2017-01-01,2017-03-01
330,1023,4,2017-01-01,2017-03-01
354,771,4,2017-01-01,2017-03-01
774,1025,4,2017-01-01,2017-03-01
392,759,4,2017-01-01,2017-03-01
362,764,4,2017-01-01,2017-03-01
1608,1636,4,2017-01-01,2017-03-01
1830,1867,4,2017-01-01,2017-03-01
1914,1946,4,2017-01-01,2017-03-01
1920,1938,4,2017-01-01,2017-03-01
1918,1954,4,2017-01-01,2017-03-01
1933,1966,4,2017-01-01,2017-03-01
2144,2154,4,2017-01-01,2017-03-01
2185,2187,4,2017-01-01,2017-03-01
2109,2136,4,2017-01-01,2017-03-01
2163,2169,4,2017-01-01,2017-03-01
2125,2193,4,2017-01-01,2017-03-01
2107,2122,4,2017-01-01,2017-03-01
2110,2144,4,2017-01-01,2017-03-01
2276,2290,4,2017-01-01,2017-03-01
2211,2232,4,2017-01-01,2017-03-01
2206,2249,4,2017-01-01,2017-03-01
2206,2281,4,2017-01-01,2017-03-01
2527,2551,4,2017-01-01,2017-03-01
2946,2964,4,2017-01-01,2017-03-01
3019,3021,4,2017-01-01,2017-03-01
3049,3076,4,2017-01-01,2017-03-01
280,604,4,2017-01-01,2017-03-01
3401,3495,4,2017-01-01,2017-03-01
3411,3471,4,2017-01-01,2017-03-01
1223,1503,4,2017-01-01,2017-03-01
3552,3600,4,2017-01-01,2017-03-01
1053,3421,4,2017-01-01,2017-03-01
751,3405,4,2017-01-01,2017-03-01
760,3421,4,2017-01-01,2017-03-01
1001,3477,4,2017-01-01,2017-03-01
3921,3967,4,2017-01-01,2017-03-01
3939,3967,4,2017-01-01,2017-03-01
4028,4082,4,2017-01-01,2017-03-01
263,609,4,2017-01-01,2017-03-01
263,3182,4,2017-01-01,2017-03-01
682,2536,4,2017-01-01,2017-03-01
358,1670,4,2017-01-01,2017-03-01
4336,4371,4,2017-01-01,2017-03-01
928,2968,4,2017-01-01,2017-03-01
4042,4362,4,2017-01-01,2017-03-01
4012,4362,4,2017-01-01,2017-03-01
4401,4423,4,2017-01-01,2017-03-01
4403,4415,4,2017-01-01,2017-03-01
4474,4493,4,2017-01-01,2017-03-01
2334,3635,4,2017-01-01,2017-03-01
2407,3603,4,2017-01-01,2017-03-01
4020,4384,4,2017-01-01,2017-03-01
4092,4331,4,2017-01-01,2017-03-01
4617,4700,4,2017-01-01,2017-03-01
1377,2754,4,2017-01-01,2017-03-01
915,4042,4,2017-01-01,2017-03-01
930,4059,4,2017-01-01,2017-03-01
1482,4017,4,2017-01-01,2017-03-01
2511,4364,4,2017-01-01,2017-03-01
2932,3675,4,2017-01-01,2017-03-01
1384,2405,4,2017-01-01,2017-03-01
3537,3648,4,2017-01-01,2017-03-01
542,568,4,2017-01-01,2017-03-01
634,643,4,2017-01-01,2017-03-01
847,867,4,2017-01-01,2017-03-01
923,941,4,2017-01-01,2017-03-01
330,1045,4,2017-01-01,2017-03-01
1414,1452,4,2017-01-01,2017-03-01
415,427,4,2017-01-01,2017-03-01
315,1044,4,2017-01-01,2017-03-01
378,1095,4,2017-01-01,2017-03-01
1423,1452,4,2017-01-01,2017-03-01
308,795,4,2017-01-01,2017-03-01
1904,1990,4,2017-01-01,2017-03-01
2135,2137,4,2017-01-01,2017-03-01
2155,2187,4,2017-01-01,2017-03-01
2264,2290,4,2017-01-01,2017-03-01
604,3137,4,2017-01-01,2017-03-01
3436,3493,4,2017-01-01,2017-03-01
760,3490,4,2017-01-01,2017-03-01
1001,3410,4,2017-01-01,2017-03-01
3706,3717,4,2017-01-01,2017-03-01
3904,3941,4,2017-01-01,2017-03-01
3945,3959,4,2017-01-01,2017-03-01
3966,3989,4,2017-01-01,2017-03-01
3939,3949,4,2017-01-01,2017-03-01
4016,4029,4,2017-01-01,2017-03-01
4072,4092,4,2017-01-01,2017-03-01
289,690,4,2017-01-01,2017-03-01
244,609,4,2017-01-01,2017-03-01
246,2175,4,2017-01-01,2017-03-01
205,2568,4,2017-01-01,2017-03-01
1544,3933,4,2017-01-01,2017-03-01
2205,3553,4,2017-01-01,2017-03-01
655,3411,4,2017-01-01,2017-03-01
274,1297,4,2017-01-01,2017-03-01
4358,4397,4,2017-01-01,2017-03-01
1269,2600,4,2017-01-01,2017-03-01
2212,3502,4,2017-01-01,2017-03-01
4632,4672,4,2017-01-01,2017-03-01
4667,4685,4,2017-01-01,2017-03-01
962,1082,4,2017-01-01,2017-03-01
993,2754,4,2017-01-01,2017-03-01
2867,4053,4,2017-01-01,2017-03-01
928,4044,4,2017-01-01,2017-03-01
2717,4309,4,2017-01-01,2017-03-01
941,3578,4,2017-01-01,2017-03-01
130,972,4,2017-01-01,2017-03-01
715,775,4,2017-01-01,2017-03-01
812,819,4,2017-01-01,2017-03-01
843,899,4,2017-01-01,2017-03-01
813,862,4,2017-01-01,2017-03-01
368,1038,4,2017-01-01,2017-03-01
362,1002,4,2017-01-01,2017-03-01
607,627,4,2017-01-01,2017-03-01
305,1053,4,2017-01-01,2017-03-01
746,1057,4,2017-01-01,2017-03-01
760,1057,4,2017-01-01,2017-03-01
768,1056,4,2017-01-01,2017-03-01
395,755,4,2017-01-01,2017-03-01
376,719,4,2017-01-01,2017-03-01
1853,1868,4,2017-01-01,2017-03-01
1816,1853,4,2017-01-01,2017-03-01
1922,1990,4,2017-01-01,2017-03-01
1911,1918,4,2017-01-01,2017-03-01
1903,1999,4,2017-01-01,2017-03-01
2180,2192,4,2017-01-01,2017-03-01
2115,2137,4,2017-01-01,2017-03-01
2140,2169,4,2017-01-01,2017-03-01
2124,2137,4,2017-01-01,2017-03-01
2114,2168,4,2017-01-01,2017-03-01
2104,2167,4,2017-01-01,2017-03-01
2116,2140,4,2017-01-01,2017-03-01
2110,2142,4,2017-01-01,2017-03-01
2136,2155,4,2017-01-01,2017-03-01
2220,2250,4,2017-01-01,2017-03-01
2761,2774,4,2017-01-01,2017-03-01
2813,2840,4,2017-01-01,2017-03-01
269,3137,4,2017-01-01,2017-03-01
3439,3475,4,2017-01-01,2017-03-01
1228,1542,4,2017-01-01,2017-03-01
4007,4037,4,2017-01-01,2017-03-01
289,3159,4,2017-01-01,2017-03-01
263,690,4,2017-01-01,2017-03-01
609,3167,4,2017-01-01,2017-03-01
443,2568,4,2017-01-01,2017-03-01
650,2567,4,2017-01-01,2017-03-01
1087,2561,4,2017-01-01,2017-03-01
4309,4371,4,2017-01-01,2017-03-01
2567,2674,4,2017-01-01,2017-03-01
2325,3603,4,2017-01-01,2017-03-01
4029,4380,4,2017-01-01,2017-03-01
4046,4340,4,2017-01-01,2017-03-01
204,2789,4,2017-01-01,2017-03-01
1484,4339,4,2017-01-01,2017-03-01
975,4388,4,2017-01-01,2017-03-01
407,4339,4,2017-01-01,2017-03-01
2222,2325,4,2017-01-01,2017-03-01
2405,3537,4,2017-01-01,2017-03-01
1398,2441,4,2017-01-01,2017-03-01
141,1343,4,2017-01-01,2017-03-01
250,278,4,2017-01-01,2017-03-01
409,448,4,2017-01-01,2017-03-01
1024,1084,4,2017-01-01,2017-03-01
1111,1149,4,2017-01-01,2017-03-01
378,1001,4,2017-01-01,2017-03-01
330,1035,4,2017-01-01,2017-03-01
355,1035,4,2017-01-01,2017-03-01
328,771,4,2017-01-01,2017-03-01
766,1053,4,2017-01-01,2017-03-01
1611,1636,4,2017-01-01,2017-03-01
1916,1979,4,2017-01-01,2017-03-01
1938,1966,4,2017-01-01,2017-03-01
1917,1941,4,2017-01-01,2017-03-01
1917,1973,4,2017-01-01,2017-03-01
1913,1962,4,2017-01-01,2017-03-01
2131,2182,4,2017-01-01,2017-03-01
2115,2163,4,2017-01-01,2017-03-01
2115,2190,4,2017-01-01,2017-03-01
2102,2191,4,2017-01-01,2017-03-01
2134,2187,4,2017-01-01,2017-03-01
2401,2403,4,2017-01-01,2017-03-01
2511,2537,4,2017-01-01,2017-03-01
269,604,4,2017-01-01,2017-03-01
670,3104,4,2017-01-01,2017-03-01
3421,3479,4,2017-01-01,2017-03-01
1236,2627,4,2017-01-01,2017-03-01
368,3413,4,2017-01-01,2017-03-01
368,3461,4,2017-01-01,2017-03-01
3949,3994,4,2017-01-01,2017-03-01
4035,4083,4,2017-01-01,2017-03-01
690,3159,4,2017-01-01,2017-03-01
1865,2728,4,2017-01-01,2017-03-01
1498,2781,4,2017-01-01,2017-03-01
1662,2822,4,2017-01-01,2017-03-01
4350,4366,4,2017-01-01,2017-03-01
4032,4344,4,2017-01-01,2017-03-01
4611,4673,4,2017-01-01,2017-03-01
1844,2789,4,2017-01-01,2017-03-01
940,2754,4,2017-01-01,2017-03-01
910,1082,4,2017-01-01,2017-03-01
915,4016,4,2017-01-01,2017-03-01
1666,4017,4,2017-01-01,2017-03-01
2759,4399,4,2017-01-01,2017-03-01
2939,4353,4,2017-01-01,2017-03-01
2570,3553,4,2017-01-01,2017-03-01
946,2273,4,2017-01-01,2017-03-01
977,2255,4,2017-01-01,2017-03-01
941,2437,4,2017-01-01,2017-03-01
1321,3654,4,2017-01-01,2017-03-01
923,3540,4,2017-01-01,2017-03-01
2427,2910,4,2017-01-01,2017-03-01
2295,2441,4,2017-01-01,2017-03-01
45,64,4,2017-01-01,2017-03-01
384,393,4,2017-01-01,2017-03-01
440,443,4,2017-01-01,2017-03-01
521,574,4,2017-01-01,2017-03-01
843,849,4,2017-01-01,2017-03-01
364,1026,4,2017-01-01,2017-03-01
356,1058,4,2017-01-01,2017-03-01
309,1051,4,2017-01-01,2017-03-01
719,1035,4,2017-01-01,2017-03-01
749,1002,4,2017-01-01,2017-03-01
355,739,4,2017-01-01,2017-03-01
362,751,4,2017-01-01,2017-03-01
1834,1886,4,2017-01-01,2017-03-01
1923,1970,4,2017-01-01,2017-03-01
2179,2187,4,2017-01-01,2017-03-01
2140,2160,4,2017-01-01,2017-03-01
2124,2163,4,2017-01-01,2017-03-01
2126,2137,4,2017-01-01,2017-03-01
2111,2168,4,2017-01-01,2017-03-01
2165,2169,4,2017-01-01,2017-03-01
2114,2185,4,2017-01-01,2017-03-01
2134,2158,4,2017-01-01,2017-03-01
2116,2145,4,2017-01-01,2017-03-01
2136,2144,4,2017-01-01,2017-03-01
2202,2220,4,2017-01-01,2017-03-01
2705,2781,4,2017-01-01,2017-03-01
3046,3093,4,2017-01-01,2017-03-01
3475,3493,4,2017-01-01,2017-03-01
3402,3479,4,2017-01-01,2017-03-01
3414,3463,4,2017-01-01,2017-03-01
3563,3567,4,2017-01-01,2017-03-01
3719,3756,4,2017-01-01,2017-03-01
3806,3865,4,2017-01-01,2017-03-01
3916,3931,4,2017-01-01,2017-03-01
4051,4083,4,2017-01-01,2017-03-01
4019,4057,4,2017-01-01,2017-03-01
246,2178,4,2017-01-01,2017-03-01
443,610,4,2017-01-01,2017-03-01
248,1693,4,2017-01-01,2017-03-01
1693,2510,4,2017-01-01,2017-03-01
2229,3593,4,2017-01-01,2017-03-01
915,1369,4,2017-01-01,2017-03-01
933,1314,4,2017-01-01,2017-03-01
4414,4449,4,2017-01-01,2017-03-01
4405,4467,4,2017-01-01,2017-03-01
4475,4493,4,2017-01-01,2017-03-01
2315,3679,4,2017-01-01,2017-03-01
126,3698,4,2017-01-01,2017-03-01
1248,1465,4,2017-01-01,2017-03-01
1074,1482,4,2017-01-01,2017-03-01
1369,2758,4,2017-01-01,2017-03-01
5120,5126,4,2017-01-01,2017-03-01
946,1384,4,2017-01-01,2017-03-01
2255,2928,4,2017-01-01,2017-03-01
2498,2910,4,2017-01-01,2017-03-01
347,393,4,2017-01-01,2017-03-01
323,337,4,2017-01-01,2017-03-01
638,660,4,2017-01-01,2017-03-01
702,735,4,2017-01-01,2017-03-01
769,784,4,2017-01-01,2017-03-01
844,849,4,2017-01-01,2017-03-01
822,848,4,2017-01-01,2017-03-01
806,891,4,2017-01-01,2017-03-01
859,881,4,2017-01-01,2017-03-01
1211,1234,4,2017-01-01,2017-03-01
1309,1343,4,2017-01-01,2017-03-01
1309,1358,4,2017-01-01,2017-03-01
305,1001,4,2017-01-01,2017-03-01
305,1013,4,2017-01-01,2017-03-01
324,1007,4,2017-01-01,2017-03-01
727,1021,4,2017-01-01,2017-03-01
1937,1997,4,2017-01-01,2017-03-01
1916,1941,4,2017-01-01,2017-03-01
1941,1962,4,2017-01-01,2017-03-01
2135,2148,4,2017-01-01,2017-03-01
2130,2188,4,2017-01-01,2017-03-01
2141,2179,4,2017-01-01,2017-03-01
2107,2160,4,2017-01-01,2017-03-01
2232,2292,4,2017-01-01,2017-03-01
2228,2259,4,2017-01-01,2017-03-01
2264,2276,4,2017-01-01,2017-03-01
3203,3279,4,2017-01-01,2017-03-01
646,3107,4,2017-01-01,2017-03-01
3444,3479,4,2017-01-01,2017-03-01
3510,3567,4,2017-01-01,2017-03-01
3510,3586,4,2017-01-01,2017-03-01
368,3477,4,2017-01-01,2017-03-01
3719,3776,4,2017-01-01,2017-03-01
3717,3739,4,2017-01-01,2017-03-01
3921,3971,4,2017-01-01,2017-03-01
3924,3931,4,2017-01-01,2017-03-01
4020,4034,4,2017-01-01,2017-03-01
4080,4090,4,2017-01-01,2017-03-01
2197,3182,4,2017-01-01,2017-03-01
286,679,4,2017-01-01,2017-03-01
1865,2793,4,2017-01-01,2017-03-01
1479,1828,4,2017-01-01,2017-03-01
2563,3104,4,2017-01-01,2017-03-01
274,2531,4,2017-01-01,2017-03-01
1542,3940,4,2017-01-01,2017-03-01
1569,3940,4,2017-01-01,2017-03-01
2233,3532,4,2017-01-01,2017-03-01
331,3162,4,2017-01-01,2017-03-01
4411,4473,4,2017-01-01,2017-03-01
4504,4534,4,2017-01-01,2017-03-01
4646,4656,4,2017-01-01,2017-03-01
1444,2511,4,2017-01-01,2017-03-01
437,1818,4,2017-01-01,2017-03-01
1288,2992,4,2017-01-01,2017-03-01
2959,4053,4,2017-01-01,2017-03-01
2939,4044,4,2017-01-01,2017-03-01
2939,4009,4,2017-01-01,2017-03-01
2511,4044,4,2017-01-01,2017-03-01
2554,3548,4,2017-01-01,2017-03-01
5148,5172,4,2017-01-01,2017-03-01
5152,5191,4,2017-01-01,2017-03-01
1358,2427,4,2017-01-01,2017-03-01
972,2932,4,2017-01-01,2017-03-01
3509,3698,4,2017-01-01,2017-03-01
988,2255,4,2017-01-01,2017-03-01
1321,2932,4,2017-01-01,2017-03-01
923,2273,4,2017-01-01,2017-03-01
135,141,4,2017-01-01,2017-03-01
554,585,4,2017-01-01,2017-03-01
602,609,4,2017-01-01,2017-03-01
602,649,4,2017-01-01,2017-03-01
664,697,4,2017-01-01,2017-03-01
633,636,4,2017-01-01,2017-03-01
625,665,4,2017-01-01,2017-03-01
876,897,4,2017-01-01,2017-03-01
894,895,4,2017-01-01,2017-03-01
1014,1092,4,2017-01-01,2017-03-01
1157,1165,4,2017-01-01,2017-03-01
378,1023,4,2017-01-01,2017-03-01
381,1007,4,2017-01-01,2017-03-01
1330,1384,4,2017-01-01,2017-03-01
1008,1022,4,2017-01-01,2017-03-01
378,727,4,2017-01-01,2017-03-01
704,1029,4,2017-01-01,2017-03-01
392,797,4,2017-01-01,2017-03-01
1602,1662,4,2017-01-01,2017-03-01
1957,1975,4,2017-01-01,2017-03-01
2168,2181,4,2017-01-01,2017-03-01
2116,2142,4,2017-01-01,2017-03-01
2107,2116,4,2017-01-01,2017-03-01
2271,2288,4,2017-01-01,2017-03-01
2228,2258,4,2017-01-01,2017-03-01
2249,2276,4,2017-01-01,2017-03-01
2460,2484,4,2017-01-01,2017-03-01
2430,2496,4,2017-01-01,2017-03-01
3349,3380,4,2017-01-01,2017-03-01
212,670,4,2017-01-01,2017-03-01
368,3440,4,2017-01-01,2017-03-01
701,3477,4,2017-01-01,2017-03-01
364,3483,4,2017-01-01,2017-03-01
1001,3490,4,2017-01-01,2017-03-01
3702,3723,4,2017-01-01,2017-03-01
3837,3849,4,2017-01-01,2017-03-01
3933,3955,4,2017-01-01,2017-03-01
247,603,4,2017-01-01,2017-03-01
2183,3114,4,2017-01-01,2017-03-01
263,3114,4,2017-01-01,2017-03-01
650,2521,4,2017-01-01,2017-03-01
255,331,4,2017-01-01,2017-03-01
1323,2906,4,2017-01-01,2017-03-01
4467,4491,4,2017-01-01,2017-03-01
2334,2427,4,2017-01-01,2017-03-01
4040,4329,4,2017-01-01,2017-03-01
4615,4677,4,2017-01-01,2017-03-01
2655,4418,4,2017-01-01,2017-03-01
1387,3678,4,2017-01-01,2017-03-01
1358,2222,4,2017-01-01,2017-03-01
920,2901,4,2017-01-01,2017-03-01
2255,3635,4,2017-01-01,2017-03-01
1321,3571,4,2017-01-01,2017-03-01
126,2222,4,2017-01-01,2017-03-01
126,977,4,2017-01-01,2017-03-01
2977,3678,4,2017-01-01,2017-03-01
2295,2963,4,2017-01-01,2017-03-01
717,775,4,2017-01-01,2017-03-01
822,894,4,2017-01-01,2017-03-01
341,1023,4,2017-01-01,2017-03-01
1442,1458,4,2017-01-01,2017-03-01
409,494,4,2017-01-01,2017-03-01
1015,1020,4,2017-01-01,2017-03-01
364,1072,4,2017-01-01,2017-03-01
762,1057,4,2017-01-01,2017-03-01
701,1029,4,2017-01-01,2017-03-01
362,704,4,2017-01-01,2017-03-01
1969,1976,4,2017-01-01,2017-03-01
2144,2187,4,2017-01-01,2017-03-01
2131,2188,4,2017-01-01,2017-03-01
2114,2169,4,2017-01-01,2017-03-01
2303,2306,4,2017-01-01,2017-03-01
2404,2447,4,2017-01-01,2017-03-01
2546,2551,4,2017-01-01,2017-03-01
2910,2965,4,2017-01-01,2017-03-01
3039,3076,4,2017-01-01,2017-03-01
3155,3182,4,2017-01-01,2017-03-01
3414,3451,4,2017-01-01,2017-03-01
1024,2627,4,2017-01-01,2017-03-01
1247,1503,4,2017-01-01,2017-03-01
1001,3491,4,2017-01-01,2017-03-01
3930,3989,4,2017-01-01,2017-03-01
4051,4063,4,2017-01-01,2017-03-01
4053,4078,4,2017-01-01,2017-03-01
2183,3167,4,2017-01-01,2017-03-01
218,3167,4,2017-01-01,2017-03-01
215,2531,4,2017-01-01,2017-03-01
622,2595,4,2017-01-01,2017-03-01
299,2510,4,2017-01-01,2017-03-01
275,2567,4,2017-01-01,2017-03-01
2608,3978,4,2017-01-01,2017-03-01
3155,3446,4,2017-01-01,2017-03-01
427,1297,4,2017-01-01,2017-03-01
4308,4386,4,2017-01-01,2017-03-01
2570,3913,4,2017-01-01,2017-03-01
2405,3624,4,2017-01-01,2017-03-01
2405,3635,4,2017-01-01,2017-03-01
4551,4595,4,2017-01-01,2017-03-01
4063,4371,4,2017-01-01,2017-03-01
1082,2905,4,2017-01-01,2017-03-01
437,994,4,2017-01-01,2017-03-01
1248,1370,4,2017-01-01,2017-03-01
2511,4013,4,2017-01-01,2017-03-01
912,2458,4,2017-01-01,2017-03-01
977,3578,4,2017-01-01,2017-03-01
988,2932,4,2017-01-01,2017-03-01
2901,3578,4,2017-01-01,2017-03-01
2334,3589,4,2017-01-01,2017-03-01
876,878,4,2017-01-01,2017-03-01
868,881,4,2017-01-01,2017-03-01
912,946,4,2017-01-01,2017-03-01
1452,1456,4,2017-01-01,2017-03-01
368,730,4,2017-01-01,2017-03-01
328,752,4,2017-01-01,2017-03-01
324,751,4,2017-01-01,2017-03-01
355,755,4,2017-01-01,2017-03-01
1960,1962,4,2017-01-01,2017-03-01
1962,1988,4,2017-01-01,2017-03-01
1904,1916,4,2017-01-01,2017-03-01
1933,1937,4,2017-01-01,2017-03-01
2043,2051,4,2017-01-01,2017-03-01
2131,2190,4,2017-01-01,2017-03-01
2135,2140,4,2017-01-01,2017-03-01
2111,2124,4,2017-01-01,2017-03-01
2122,2165,4,2017-01-01,2017-03-01
2174,2195,4,2017-01-01,2017-03-01
2119,2134,4,2017-01-01,2017-03-01
2116,2120,4,2017-01-01,2017-03-01
2154,2165,4,2017-01-01,2017-03-01
2226,2272,4,2017-01-01,2017-03-01
3123,3186,4,2017-01-01,2017-03-01
3329,3396,4,2017-01-01,2017-03-01
670,3157,4,2017-01-01,2017-03-01
3413,3451,4,2017-01-01,2017-03-01
3451,3477,4,2017-01-01,2017-03-01
369,1569,4,2017-01-01,2017-03-01
3571,3586,4,2017-01-01,2017-03-01
3959,3990,4,2017-01-01,2017-03-01
4007,4016,4,2017-01-01,2017-03-01
2522,3104,4,2017-01-01,2017-03-01
4347,4366,4,2017-01-01,2017-03-01
1269,2531,4,2017-01-01,2017-03-01
1673,3924,4,2017-01-01,2017-03-01
2567,2699,4,2017-01-01,2017-03-01
2573,3924,4,2017-01-01,2017-03-01
4092,4344,4,2017-01-01,2017-03-01
4071,4377,4,2017-01-01,2017-03-01
3808,4575,4,2017-01-01,2017-03-01
1432,3152,4,2017-01-01,2017-03-01
1432,2759,4,2017-01-01,2017-03-01
1482,2816,4,2017-01-01,2017-03-01
2969,4353,4,2017-01-01,2017-03-01
2969,4017,4,2017-01-01,2017-03-01
1337,4339,4,2017-01-01,2017-03-01
2959,4066,4,2017-01-01,2017-03-01
2717,4083,4,2017-01-01,2017-03-01
5310,5370,4,2017-01-01,2017-03-01
2467,2901,4,2017-01-01,2017-03-01
2965,3603,4,2017-01-01,2017-03-01
3509,3648,4,2017-01-01,2017-03-01
2223,2963,4,2017-01-01,2017-03-01
2924,3571,4,2017-01-01,2017-03-01
126,2928,4,2017-01-01,2017-03-01
210,275,4,2017-01-01,2017-03-01
602,603,4,2017-01-01,2017-03-01
609,628,4,2017-01-01,2017-03-01
894,899,4,2017-01-01,2017-03-01
852,878,4,2017-01-01,2017-03-01
923,988,4,2017-01-01,2017-03-01
1430,1447,4,2017-01-01,2017-03-01
518,522,4,2017-01-01,2017-03-01
305,1044,4,2017-01-01,2017-03-01
378,1031,4,2017-01-01,2017-03-01
355,1072,4,2017-01-01,2017-03-01
1223,1271,4,2017-01-01,2017-03-01
719,1021,4,2017-01-01,2017-03-01
1562,1563,4,2017-01-01,2017-03-01
1829,1837,4,2017-01-01,2017-03-01
1933,1974,4,2017-01-01,2017-03-01
2120,2145,4,2017-01-01,2017-03-01
2112,2121,4,2017-01-01,2017-03-01
2114,2137,4,2017-01-01,2017-03-01
2121,2147,4,2017-01-01,2017-03-01
130,2068,4,2017-01-01,2017-03-01
2743,2784,4,2017-01-01,2017-03-01
2932,2951,4,2017-01-01,2017-03-01
3135,3153,4,2017-01-01,2017-03-01
670,3123,4,2017-01-01,2017-03-01
1228,2655,4,2017-01-01,2017-03-01
2130,3183,4,2017-01-01,2017-03-01
3645,3648,4,2017-01-01,2017-03-01
724,3444,4,2017-01-01,2017-03-01
364,3436,4,2017-01-01,2017-03-01
3706,3776,4,2017-01-01,2017-03-01
3847,3858,4,2017-01-01,2017-03-01
3980,3989,4,2017-01-01,2017-03-01
3906,3930,4,2017-01-01,2017-03-01
4035,4063,4,2017-01-01,2017-03-01
295,2152,4,2017-01-01,2017-03-01
1645,3104,4,2017-01-01,2017-03-01
1247,3955,4,2017-01-01,2017-03-01
2244,3504,4,2017-01-01,2017-03-01
391,2803,4,2017-01-01,2017-03-01
915,1322,4,2017-01-01,2017-03-01
2293,3589,4,2017-01-01,2017-03-01
141,3635,4,2017-01-01,2017-03-01
2467,3671,4,2017-01-01,2017-03-01
1367,2758,4,2017-01-01,2017-03-01
1666,4011,4,2017-01-01,2017-03-01
2717,4339,4,2017-01-01,2017-03-01
5313,5390,4,2017-01-01,2017-03-01
3554,3648,4,2017-01-01,2017-03-01
972,3654,4,2017-01-01,2017-03-01
2437,3578,4,2017-01-01,2017-03-01
2928,3675,4,2017-01-01,2017-03-01
340,343,4,2017-01-01,2017-03-01
405,416,4,2017-01-01,2017-03-01
684,688,4,2017-01-01,2017-03-01
660,665,4,2017-01-01,2017-03-01
636,699,4,2017-01-01,2017-03-01
819,845,4,2017-01-01,2017-03-01
843,888,4,2017-01-01,2017-03-01
382,1023,4,2017-01-01,2017-03-01
1207,1271,4,2017-01-01,2017-03-01
211,226,4,2017-01-01,2017-03-01
508,578,4,2017-01-01,2017-03-01
395,768,4,2017-01-01,2017-03-01
360,761,4,2017-01-01,2017-03-01
376,778,4,2017-01-01,2017-03-01
1601,1610,4,2017-01-01,2017-03-01
1877,1893,4,2017-01-01,2017-03-01
1916,1988,4,2017-01-01,2017-03-01
2021,2093,4,2017-01-01,2017-03-01
2043,2074,4,2017-01-01,2017-03-01
2124,2185,4,2017-01-01,2017-03-01
2130,2142,4,2017-01-01,2017-03-01
2134,2190,4,2017-01-01,2017-03-01
2406,2429,4,2017-01-01,2017-03-01
2460,2464,4,2017-01-01,2017-03-01
2413,2469,4,2017-01-01,2017-03-01
2410,2500,4,2017-01-01,2017-03-01
2404,2464,4,2017-01-01,2017-03-01
2068,2315,4,2017-01-01,2017-03-01
2925,2988,4,2017-01-01,2017-03-01
248,624,4,2017-01-01,2017-03-01
3440,3479,4,2017-01-01,2017-03-01
3405,3446,4,2017-01-01,2017-03-01
3414,3479,4,2017-01-01,2017-03-01
1581,2681,4,2017-01-01,2017-03-01
314,2674,4,2017-01-01,2017-03-01
1506,2667,4,2017-01-01,2017-03-01
662,3108,4,2017-01-01,2017-03-01
724,3477,4,2017-01-01,2017-03-01
772,3405,4,2017-01-01,2017-03-01
760,3436,4,2017-01-01,2017-03-01
3911,3939,4,2017-01-01,2017-03-01
4052,4063,4,2017-01-01,2017-03-01
4017,4078,4,2017-01-01,2017-03-01
4012,4078,4,2017-01-01,2017-03-01
4066,4090,4,2017-01-01,2017-03-01
603,2199,4,2017-01-01,2017-03-01
609,3188,4,2017-01-01,2017-03-01
221,3195,4,2017-01-01,2017-03-01
1479,2792,4,2017-01-01,2017-03-01
2608,3904,4,2017-01-01,2017-03-01
1243,2667,4,2017-01-01,2017-03-01
4425,4429,4,2017-01-01,2017-03-01
4411,4491,4,2017-01-01,2017-03-01
2334,3654,4,2017-01-01,2017-03-01
2334,2407,4,2017-01-01,2017-03-01
2335,3648,4,2017-01-01,2017-03-01
3871,4516,4,2017-01-01,2017-03-01
4695,4696,4,2017-01-01,2017-03-01
1422,2857,4,2017-01-01,2017-03-01
1248,2816,4,2017-01-01,2017-03-01
1464,4388,4,2017-01-01,2017-03-01
2717,4012,4,2017-01-01,2017-03-01
2717,4373,4,2017-01-01,2017-03-01
1696,4066,4,2017-01-01,2017-03-01
1387,2221,4,2017-01-01,2017-03-01
977,1313,4,2017-01-01,2017-03-01
2407,2901,4,2017-01-01,2017-03-01
